/*
 Navicat Premium Data Transfer

 Source Server         : localhost
 Source Server Type    : MySQL
 Source Server Version : 50717
 Source Host           : localhost:3306
 Source Schema         : watercloudnetdb

 Target Server Type    : MySQL
 Target Server Version : 50717
 File Encoding         : 65001

 Date: 27/05/2020 09:08:02
*/

SET NAMES utf8mb4;
SET FOREIGN_KEY_CHECKS = 0;

-- ----------------------------
-- Table structure for sys_area
-- ----------------------------
DROP TABLE IF EXISTS `sys_area`;
CREATE TABLE `sys_area`  (
  `F_Id` varchar(50) CHARACTER SET utf8 COLLATE utf8_general_ci NOT NULL,
  `F_ParentId` varchar(50) CHARACTER SET utf8 COLLATE utf8_general_ci NULL DEFAULT NULL,
  `F_Layers` int(11) NULL DEFAULT NULL,
  `F_EnCode` varchar(50) CHARACTER SET utf8 COLLATE utf8_general_ci NULL DEFAULT NULL,
  `F_FullName` varchar(50) CHARACTER SET utf8 COLLATE utf8_general_ci NULL DEFAULT NULL,
  `F_SimpleSpelling` varchar(50) CHARACTER SET utf8 COLLATE utf8_general_ci NULL DEFAULT NULL,
  `F_SortCode` int(11) NULL DEFAULT NULL,
  `F_DeleteMark` tinyint(1) NULL DEFAULT NULL,
  `F_EnabledMark` tinyint(1) NULL DEFAULT NULL,
  `F_Description` varchar(500) CHARACTER SET utf8 COLLATE utf8_general_ci NULL DEFAULT NULL,
  `F_CreatorTime` timestamp(0) NULL DEFAULT NULL,
  `F_CreatorUserId` varchar(50) CHARACTER SET utf8 COLLATE utf8_general_ci NULL DEFAULT NULL,
  `F_LastModifyTime` timestamp(0) NULL DEFAULT NULL,
  `F_LastModifyUserId` varchar(50) CHARACTER SET utf8 COLLATE utf8_general_ci NULL DEFAULT NULL,
  `F_DeleteTime` timestamp(0) NULL DEFAULT NULL,
  `F_DeleteUserId` varchar(50) CHARACTER SET utf8 COLLATE utf8_general_ci NULL DEFAULT NULL,
  PRIMARY KEY (`F_Id`) USING BTREE,
  UNIQUE INDEX `IX_Sys_Area`(`F_Layers`, `F_FullName`) USING BTREE COMMENT '唯一键'
) ENGINE = InnoDB CHARACTER SET = utf8 COLLATE = utf8_general_ci ROW_FORMAT = Dynamic;

-- ----------------------------
-- Records of sys_area
-- ----------------------------
INSERT INTO `sys_area` VALUES ('110000', '0', 1, '110000', '北京', 'bj', 110000, 0, 1, NULL, '2016-07-20 00:00:00', NULL, NULL, NULL, NULL, NULL);
INSERT INTO `sys_area` VALUES ('110100', '110000', 2, '110100', '北京市', 'bjs', 110100, 0, 1, NULL, '2016-07-20 00:00:00', NULL, NULL, NULL, NULL, NULL);
INSERT INTO `sys_area` VALUES ('120000', '0', 1, '120000', '天津', 'tj', 120000, 0, 1, NULL, '2016-07-20 00:00:00', NULL, '2020-04-20 17:06:14', '9f2ec079-7d0f-4fe2-90ab-8b09a8302aba', NULL, NULL);
INSERT INTO `sys_area` VALUES ('120100', '120000', 2, '120100', '天津市', 'tjs', 120100, 0, 1, NULL, '2016-07-20 00:00:00', NULL, NULL, NULL, NULL, NULL);
INSERT INTO `sys_area` VALUES ('130000', '0', 1, '130000', '河北省', 'hbs', 130000, 0, 1, NULL, '2016-07-20 00:00:00', NULL, NULL, NULL, NULL, NULL);
INSERT INTO `sys_area` VALUES ('130100', '130000', 2, '130100', '石家庄市', 'sjzs', 130100, 0, 1, NULL, '2016-07-20 00:00:00', NULL, NULL, NULL, NULL, NULL);
INSERT INTO `sys_area` VALUES ('130200', '130000', 2, '130200', '唐山市', 'tss', 130200, 0, 1, NULL, '2016-07-20 00:00:00', NULL, NULL, NULL, NULL, NULL);
INSERT INTO `sys_area` VALUES ('130300', '130000', 2, '130300', '秦皇岛市', 'qhds', 130300, 0, 1, NULL, '2016-07-20 00:00:00', NULL, NULL, NULL, NULL, NULL);
INSERT INTO `sys_area` VALUES ('130400', '130000', 2, '130400', '邯郸市', 'hds', 130400, 0, 1, NULL, '2016-07-20 00:00:00', NULL, NULL, NULL, NULL, NULL);
INSERT INTO `sys_area` VALUES ('130500', '130000', 2, '130500', '邢台市', 'xts', 130500, 0, 1, NULL, '2016-07-20 00:00:00', NULL, NULL, NULL, NULL, NULL);
INSERT INTO `sys_area` VALUES ('130600', '130000', 2, '130600', '保定市', 'bds', 130600, 0, 1, NULL, '2016-07-20 00:00:00', NULL, NULL, NULL, NULL, NULL);
INSERT INTO `sys_area` VALUES ('130700', '130000', 2, '130700', '张家口市', 'zjks', 130700, 0, 1, NULL, '2016-07-20 00:00:00', NULL, NULL, NULL, NULL, NULL);
INSERT INTO `sys_area` VALUES ('130800', '130000', 2, '130800', '承德市', 'cds', 130800, 0, 1, NULL, '2016-07-20 00:00:00', NULL, NULL, NULL, NULL, NULL);
INSERT INTO `sys_area` VALUES ('130900', '130000', 2, '130900', '沧州市', 'czs', 130900, 0, 1, NULL, '2016-07-20 00:00:00', NULL, NULL, NULL, NULL, NULL);
INSERT INTO `sys_area` VALUES ('131000', '130000', 2, '131000', '廊坊市', 'lfs', 131000, 0, 1, NULL, '2016-07-20 00:00:00', NULL, NULL, NULL, NULL, NULL);
INSERT INTO `sys_area` VALUES ('131100', '130000', 2, '131100', '衡水市', 'hss', 131100, 0, 1, NULL, '2016-07-20 00:00:00', NULL, NULL, NULL, NULL, NULL);
INSERT INTO `sys_area` VALUES ('140000', '0', 1, '140000', '山西省', 'sxs', 140000, 0, 1, NULL, '2016-07-20 00:00:00', NULL, NULL, NULL, NULL, NULL);
INSERT INTO `sys_area` VALUES ('140100', '140000', 2, '140100', '太原市', 'tys', 140100, 0, 1, NULL, '2016-07-20 00:00:00', NULL, NULL, NULL, NULL, NULL);
INSERT INTO `sys_area` VALUES ('140200', '140000', 2, '140200', '大同市', 'dts', 140200, 0, 1, NULL, '2016-07-20 00:00:00', NULL, NULL, NULL, NULL, NULL);
INSERT INTO `sys_area` VALUES ('140300', '140000', 2, '140300', '阳泉市', 'yqs', 140300, 0, 1, NULL, '2016-07-20 00:00:00', NULL, NULL, NULL, NULL, NULL);
INSERT INTO `sys_area` VALUES ('140400', '140000', 2, '140400', '长治市', 'czs', 140400, 0, 1, NULL, '2016-07-20 00:00:00', NULL, NULL, NULL, NULL, NULL);
INSERT INTO `sys_area` VALUES ('140500', '140000', 2, '140500', '晋城市', 'jcs', 140500, 0, 1, NULL, '2016-07-20 00:00:00', NULL, NULL, NULL, NULL, NULL);
INSERT INTO `sys_area` VALUES ('140600', '140000', 2, '140600', '朔州市', 'szs', 140600, 0, 1, NULL, '2016-07-20 00:00:00', NULL, NULL, NULL, NULL, NULL);
INSERT INTO `sys_area` VALUES ('140700', '140000', 2, '140700', '晋中市', 'jzs', 140700, 0, 1, NULL, '2016-07-20 00:00:00', NULL, NULL, NULL, NULL, NULL);
INSERT INTO `sys_area` VALUES ('140800', '140000', 2, '140800', '运城市', 'ycs', 140800, 0, 1, NULL, '2016-07-20 00:00:00', NULL, NULL, NULL, NULL, NULL);
INSERT INTO `sys_area` VALUES ('140900', '140000', 2, '140900', '忻州市', 'xzs', 140900, 0, 1, NULL, '2016-07-20 00:00:00', NULL, NULL, NULL, NULL, NULL);
INSERT INTO `sys_area` VALUES ('141000', '140000', 2, '141000', '临汾市', 'lfs', 141000, 0, 1, NULL, '2016-07-20 00:00:00', NULL, NULL, NULL, NULL, NULL);
INSERT INTO `sys_area` VALUES ('141100', '140000', 2, '141100', '吕梁市', 'lls', 141100, 0, 1, NULL, '2016-07-20 00:00:00', NULL, NULL, NULL, NULL, NULL);
INSERT INTO `sys_area` VALUES ('150000', '0', 1, '150000', '内蒙古自治区', 'nmgzzq', 150000, 0, 1, NULL, '2016-07-20 00:00:00', NULL, NULL, NULL, NULL, NULL);
INSERT INTO `sys_area` VALUES ('150100', '150000', 2, '150100', '呼和浩特市', 'hhhts', 150100, 0, 1, NULL, '2016-07-20 00:00:00', NULL, NULL, NULL, NULL, NULL);
INSERT INTO `sys_area` VALUES ('150200', '150000', 2, '150200', '包头市', 'bts', 150200, 0, 1, NULL, '2016-07-20 00:00:00', NULL, NULL, NULL, NULL, NULL);
INSERT INTO `sys_area` VALUES ('150300', '150000', 2, '150300', '乌海市', 'whs', 150300, 0, 1, NULL, '2016-07-20 00:00:00', NULL, NULL, NULL, NULL, NULL);
INSERT INTO `sys_area` VALUES ('150400', '150000', 2, '150400', '赤峰市', 'cfs', 150400, 0, 1, NULL, '2016-07-20 00:00:00', NULL, NULL, NULL, NULL, NULL);
INSERT INTO `sys_area` VALUES ('150500', '150000', 2, '150500', '通辽市', 'tls', 150500, 0, 1, NULL, '2016-07-20 00:00:00', NULL, NULL, NULL, NULL, NULL);
INSERT INTO `sys_area` VALUES ('150600', '150000', 2, '150600', '鄂尔多斯市', 'eedss', 150600, 0, 1, NULL, '2016-07-20 00:00:00', NULL, NULL, NULL, NULL, NULL);
INSERT INTO `sys_area` VALUES ('150700', '150000', 2, '150700', '呼伦贝尔市', 'hlbes', 150700, 0, 1, NULL, '2016-07-20 00:00:00', NULL, NULL, NULL, NULL, NULL);
INSERT INTO `sys_area` VALUES ('150800', '150000', 2, '150800', '巴彦淖尔市', 'bynes', 150800, 0, 1, NULL, '2016-07-20 00:00:00', NULL, NULL, NULL, NULL, NULL);
INSERT INTO `sys_area` VALUES ('150900', '150000', 2, '150900', '乌兰察布市', 'wlcbs', 150900, 0, 1, NULL, '2016-07-20 00:00:00', NULL, NULL, NULL, NULL, NULL);
INSERT INTO `sys_area` VALUES ('152200', '150000', 2, '152200', '兴安盟', 'xam', 152200, 0, 1, NULL, '2016-07-20 00:00:00', NULL, NULL, NULL, NULL, NULL);
INSERT INTO `sys_area` VALUES ('152500', '150000', 2, '152500', '锡林郭勒盟', 'xlglm', 152500, 0, 1, NULL, '2016-07-20 00:00:00', NULL, NULL, NULL, NULL, NULL);
INSERT INTO `sys_area` VALUES ('152900', '150000', 2, '152900', '阿拉善盟', 'alsm', 152900, 0, 1, NULL, '2016-07-20 00:00:00', NULL, NULL, NULL, NULL, NULL);
INSERT INTO `sys_area` VALUES ('210000', '0', 1, '210000', '辽宁省', 'lns', 210000, 0, 1, NULL, '2016-07-20 00:00:00', NULL, NULL, NULL, NULL, NULL);
INSERT INTO `sys_area` VALUES ('210100', '210000', 2, '210100', '沈阳市', 'sys', 210100, 0, 1, NULL, '2016-07-20 00:00:00', NULL, NULL, NULL, NULL, NULL);
INSERT INTO `sys_area` VALUES ('210200', '210000', 2, '210200', '大连市', 'dls', 210200, 0, 1, NULL, '2016-07-20 00:00:00', NULL, NULL, NULL, NULL, NULL);
INSERT INTO `sys_area` VALUES ('210300', '210000', 2, '210300', '鞍山市', 'ass', 210300, 0, 1, NULL, '2016-07-20 00:00:00', NULL, NULL, NULL, NULL, NULL);
INSERT INTO `sys_area` VALUES ('210400', '210000', 2, '210400', '抚顺市', 'fss', 210400, 0, 1, NULL, '2016-07-20 00:00:00', NULL, NULL, NULL, NULL, NULL);
INSERT INTO `sys_area` VALUES ('210500', '210000', 2, '210500', '本溪市', 'bxs', 210500, 0, 1, NULL, '2016-07-20 00:00:00', NULL, NULL, NULL, NULL, NULL);
INSERT INTO `sys_area` VALUES ('210600', '210000', 2, '210600', '丹东市', 'dds', 210600, 0, 1, NULL, '2016-07-20 00:00:00', NULL, NULL, NULL, NULL, NULL);
INSERT INTO `sys_area` VALUES ('210700', '210000', 2, '210700', '锦州市', 'jzs', 210700, 0, 1, NULL, '2016-07-20 00:00:00', NULL, NULL, NULL, NULL, NULL);
INSERT INTO `sys_area` VALUES ('210800', '210000', 2, '210800', '营口市', 'yks', 210800, 0, 1, NULL, '2016-07-20 00:00:00', NULL, NULL, NULL, NULL, NULL);
INSERT INTO `sys_area` VALUES ('210900', '210000', 2, '210900', '阜新市', 'fxs', 210900, 0, 1, NULL, '2016-07-20 00:00:00', NULL, NULL, NULL, NULL, NULL);
INSERT INTO `sys_area` VALUES ('211000', '210000', 2, '211000', '辽阳市', 'lys', 211000, 0, 1, NULL, '2016-07-20 00:00:00', NULL, NULL, NULL, NULL, NULL);
INSERT INTO `sys_area` VALUES ('211100', '210000', 2, '211100', '盘锦市', 'pjs', 211100, 0, 1, NULL, '2016-07-20 00:00:00', NULL, NULL, NULL, NULL, NULL);
INSERT INTO `sys_area` VALUES ('211200', '210000', 2, '211200', '铁岭市', 'tls', 211200, 0, 1, NULL, '2016-07-20 00:00:00', NULL, NULL, NULL, NULL, NULL);
INSERT INTO `sys_area` VALUES ('211300', '210000', 2, '211300', '朝阳市', 'zys', 211300, 0, 1, NULL, '2016-07-20 00:00:00', NULL, NULL, NULL, NULL, NULL);
INSERT INTO `sys_area` VALUES ('211400', '210000', 2, '211400', '葫芦岛市', 'hlds', 211400, 0, 1, NULL, '2016-07-20 00:00:00', NULL, NULL, NULL, NULL, NULL);
INSERT INTO `sys_area` VALUES ('220000', '0', 1, '220000', '吉林省', 'jls', 220000, 0, 1, NULL, '2016-07-20 00:00:00', NULL, NULL, NULL, NULL, NULL);
INSERT INTO `sys_area` VALUES ('220100', '220000', 2, '220100', '长春市', 'zcs', 220100, 0, 1, NULL, '2016-07-20 00:00:00', NULL, NULL, NULL, NULL, NULL);
INSERT INTO `sys_area` VALUES ('220200', '220000', 2, '220200', '吉林市', 'jls', 220200, 0, 1, NULL, '2016-07-20 00:00:00', NULL, NULL, NULL, NULL, NULL);
INSERT INTO `sys_area` VALUES ('220300', '220000', 2, '220300', '四平市', 'sps', 220300, 0, 1, NULL, '2016-07-20 00:00:00', NULL, NULL, NULL, NULL, NULL);
INSERT INTO `sys_area` VALUES ('220400', '220000', 2, '220400', '辽源市', 'lys', 220400, 0, 1, NULL, '2016-07-20 00:00:00', NULL, NULL, NULL, NULL, NULL);
INSERT INTO `sys_area` VALUES ('220500', '220000', 2, '220500', '通化市', 'ths', 220500, 0, 1, NULL, '2016-07-20 00:00:00', NULL, NULL, NULL, NULL, NULL);
INSERT INTO `sys_area` VALUES ('220600', '220000', 2, '220600', '白山市', 'bss', 220600, 0, 1, NULL, '2016-07-20 00:00:00', NULL, NULL, NULL, NULL, NULL);
INSERT INTO `sys_area` VALUES ('220700', '220000', 2, '220700', '松原市', 'sys', 220700, 0, 1, NULL, '2016-07-20 00:00:00', NULL, NULL, NULL, NULL, NULL);
INSERT INTO `sys_area` VALUES ('220800', '220000', 2, '220800', '白城市', 'bcs', 220800, 0, 1, NULL, '2016-07-20 00:00:00', NULL, NULL, NULL, NULL, NULL);
INSERT INTO `sys_area` VALUES ('222400', '220000', 2, '222400', '延边朝鲜族自治州', 'ybzxzzzz', 222400, 0, 1, NULL, '2016-07-20 00:00:00', NULL, NULL, NULL, NULL, NULL);
INSERT INTO `sys_area` VALUES ('230000', '0', 1, '230000', '黑龙江省', 'hljs', 230000, 0, 1, NULL, '2016-07-20 00:00:00', NULL, NULL, NULL, NULL, NULL);
INSERT INTO `sys_area` VALUES ('230100', '230000', 2, '230100', '哈尔滨市', 'hebs', 230100, 0, 1, NULL, '2016-07-20 00:00:00', NULL, NULL, NULL, NULL, NULL);
INSERT INTO `sys_area` VALUES ('230200', '230000', 2, '230200', '齐齐哈尔市', 'qqhes', 230200, 0, 1, NULL, '2016-07-20 00:00:00', NULL, NULL, NULL, NULL, NULL);
INSERT INTO `sys_area` VALUES ('230300', '230000', 2, '230300', '鸡西市', 'jxs', 230300, 0, 1, NULL, '2016-07-20 00:00:00', NULL, NULL, NULL, NULL, NULL);
INSERT INTO `sys_area` VALUES ('230400', '230000', 2, '230400', '鹤岗市', 'hgs', 230400, 0, 1, NULL, '2016-07-20 00:00:00', NULL, NULL, NULL, NULL, NULL);
INSERT INTO `sys_area` VALUES ('230500', '230000', 2, '230500', '双鸭山市', 'syss', 230500, 0, 1, NULL, '2016-07-20 00:00:00', NULL, NULL, NULL, NULL, NULL);
INSERT INTO `sys_area` VALUES ('230600', '230000', 2, '230600', '大庆市', 'dqs', 230600, 0, 1, NULL, '2016-07-20 00:00:00', NULL, NULL, NULL, NULL, NULL);
INSERT INTO `sys_area` VALUES ('230700', '230000', 2, '230700', '伊春市', 'ycs', 230700, 0, 1, NULL, '2016-07-20 00:00:00', NULL, NULL, NULL, NULL, NULL);
INSERT INTO `sys_area` VALUES ('230800', '230000', 2, '230800', '佳木斯市', 'jmss', 230800, 0, 1, NULL, '2016-07-20 00:00:00', NULL, NULL, NULL, NULL, NULL);
INSERT INTO `sys_area` VALUES ('230900', '230000', 2, '230900', '七台河市', 'qths', 230900, 0, 1, NULL, '2016-07-20 00:00:00', NULL, NULL, NULL, NULL, NULL);
INSERT INTO `sys_area` VALUES ('231000', '230000', 2, '231000', '牡丹江市', 'mdjs', 231000, 0, 1, NULL, '2016-07-20 00:00:00', NULL, NULL, NULL, NULL, NULL);
INSERT INTO `sys_area` VALUES ('231100', '230000', 2, '231100', '黑河市', 'hhs', 231100, 0, 1, NULL, '2016-07-20 00:00:00', NULL, NULL, NULL, NULL, NULL);
INSERT INTO `sys_area` VALUES ('231200', '230000', 2, '231200', '绥化市', 'shs', 231200, 0, 1, NULL, '2016-07-20 00:00:00', NULL, NULL, NULL, NULL, NULL);
INSERT INTO `sys_area` VALUES ('232700', '230000', 2, '232700', '大兴安岭地区', 'dxaldq', 232700, 0, 1, NULL, '2016-07-20 00:00:00', NULL, NULL, NULL, NULL, NULL);
INSERT INTO `sys_area` VALUES ('310000', '0', 1, '310000', '上海', 'sh', 310000, 0, 1, NULL, '2016-07-20 00:00:00', NULL, NULL, NULL, NULL, NULL);
INSERT INTO `sys_area` VALUES ('310100', '310000', 2, '310100', '上海市', 'shs', 310100, 0, 1, NULL, '2016-07-20 00:00:00', NULL, NULL, NULL, NULL, NULL);
INSERT INTO `sys_area` VALUES ('320000', '0', 1, '320000', '江苏省', 'jss', 320000, 0, 1, NULL, '2016-07-20 00:00:00', NULL, NULL, NULL, NULL, NULL);
INSERT INTO `sys_area` VALUES ('320100', '320000', 2, '320100', '南京市', 'njs', 320100, 0, 1, NULL, '2016-07-20 00:00:00', NULL, NULL, NULL, NULL, NULL);
INSERT INTO `sys_area` VALUES ('320200', '320000', 2, '320200', '无锡市', 'wxs', 320200, 0, 1, NULL, '2016-07-20 00:00:00', NULL, NULL, NULL, NULL, NULL);
INSERT INTO `sys_area` VALUES ('320300', '320000', 2, '320300', '徐州市', 'xzs', 320300, 0, 1, NULL, '2016-07-20 00:00:00', NULL, NULL, NULL, NULL, NULL);
INSERT INTO `sys_area` VALUES ('320400', '320000', 2, '320400', '常州市', 'czs', 320400, 0, 1, NULL, '2016-07-20 00:00:00', NULL, NULL, NULL, NULL, NULL);
INSERT INTO `sys_area` VALUES ('320500', '320000', 2, '320500', '苏州市', 'szs', 320500, 0, 1, NULL, '2016-07-20 00:00:00', NULL, NULL, NULL, NULL, NULL);
INSERT INTO `sys_area` VALUES ('320600', '320000', 2, '320600', '南通市', 'nts', 320600, 0, 1, NULL, '2016-07-20 00:00:00', NULL, NULL, NULL, NULL, NULL);
INSERT INTO `sys_area` VALUES ('320700', '320000', 2, '320700', '连云港市', 'lygs', 320700, 0, 1, NULL, '2016-07-20 00:00:00', NULL, NULL, NULL, NULL, NULL);
INSERT INTO `sys_area` VALUES ('320800', '320000', 2, '320800', '淮安市', 'has', 320800, 0, 1, NULL, '2016-07-20 00:00:00', NULL, NULL, NULL, NULL, NULL);
INSERT INTO `sys_area` VALUES ('320900', '320000', 2, '320900', '盐城市', 'ycs', 320900, 0, 1, NULL, '2016-07-20 00:00:00', NULL, NULL, NULL, NULL, NULL);
INSERT INTO `sys_area` VALUES ('321000', '320000', 2, '321000', '扬州市', 'yzs', 321000, 0, 1, NULL, '2016-07-20 00:00:00', NULL, NULL, NULL, NULL, NULL);
INSERT INTO `sys_area` VALUES ('321100', '320000', 2, '321100', '镇江市', 'zjs', 321100, 0, 1, NULL, '2016-07-20 00:00:00', NULL, NULL, NULL, NULL, NULL);
INSERT INTO `sys_area` VALUES ('321200', '320000', 2, '321200', '泰州市', 'tzs', 321200, 0, 1, NULL, '2016-07-20 00:00:00', NULL, NULL, NULL, NULL, NULL);
INSERT INTO `sys_area` VALUES ('321300', '320000', 2, '321300', '宿迁市', 'sqs', 321300, 0, 1, NULL, '2016-07-20 00:00:00', NULL, NULL, NULL, NULL, NULL);
INSERT INTO `sys_area` VALUES ('330000', '0', 1, '330000', '浙江省', 'zjs', 330000, 0, 1, NULL, '2016-07-20 00:00:00', NULL, NULL, NULL, NULL, NULL);
INSERT INTO `sys_area` VALUES ('330100', '330000', 2, '330100', '杭州市', 'hzs', 330100, 0, 1, NULL, '2016-07-20 00:00:00', NULL, NULL, NULL, NULL, NULL);
INSERT INTO `sys_area` VALUES ('330200', '330000', 2, '330200', '宁波市', 'nbs', 330200, 0, 1, NULL, '2016-07-20 00:00:00', NULL, NULL, NULL, NULL, NULL);
INSERT INTO `sys_area` VALUES ('330300', '330000', 2, '330300', '温州市', 'wzs', 330300, 0, 1, NULL, '2016-07-20 00:00:00', NULL, NULL, NULL, NULL, NULL);
INSERT INTO `sys_area` VALUES ('330400', '330000', 2, '330400', '嘉兴市', 'jxs', 330400, 0, 1, NULL, '2016-07-20 00:00:00', NULL, NULL, NULL, NULL, NULL);
INSERT INTO `sys_area` VALUES ('330500', '330000', 2, '330500', '湖州市', 'hzs', 330500, 0, 1, NULL, '2016-07-20 00:00:00', NULL, NULL, NULL, NULL, NULL);
INSERT INTO `sys_area` VALUES ('330600', '330000', 2, '330600', '绍兴市', 'sxs', 330600, 0, 1, NULL, '2016-07-20 00:00:00', NULL, NULL, NULL, NULL, NULL);
INSERT INTO `sys_area` VALUES ('330700', '330000', 2, '330700', '金华市', 'jhs', 330700, 0, 1, NULL, '2016-07-20 00:00:00', NULL, NULL, NULL, NULL, NULL);
INSERT INTO `sys_area` VALUES ('330800', '330000', 2, '330800', '衢州市', 'qzs', 330800, 0, 1, NULL, '2016-07-20 00:00:00', NULL, NULL, NULL, NULL, NULL);
INSERT INTO `sys_area` VALUES ('330900', '330000', 2, '330900', '舟山市', 'zss', 330900, 0, 1, NULL, '2016-07-20 00:00:00', NULL, NULL, NULL, NULL, NULL);
INSERT INTO `sys_area` VALUES ('331000', '330000', 2, '331000', '台州市', 'tzs', 331000, 0, 1, NULL, '2016-07-20 00:00:00', NULL, NULL, NULL, NULL, NULL);
INSERT INTO `sys_area` VALUES ('331100', '330000', 2, '331100', '丽水市', 'lss', 331100, 0, 1, NULL, '2016-07-20 00:00:00', NULL, NULL, NULL, NULL, NULL);
INSERT INTO `sys_area` VALUES ('340000', '0', 1, '340000', '安徽省', 'ahs', 340000, 0, 1, NULL, '2016-07-20 00:00:00', NULL, NULL, NULL, NULL, NULL);
INSERT INTO `sys_area` VALUES ('340100', '340000', 2, '340100', '合肥市', 'hfs', 340100, 0, 1, NULL, '2016-07-20 00:00:00', NULL, NULL, NULL, NULL, NULL);
INSERT INTO `sys_area` VALUES ('340200', '340000', 2, '340200', '芜湖市', 'whs', 340200, 0, 1, NULL, '2016-07-20 00:00:00', NULL, NULL, NULL, NULL, NULL);
INSERT INTO `sys_area` VALUES ('340300', '340000', 2, '340300', '蚌埠市', 'bbs', 340300, 0, 1, NULL, '2016-07-20 00:00:00', NULL, NULL, NULL, NULL, NULL);
INSERT INTO `sys_area` VALUES ('340400', '340000', 2, '340400', '淮南市', 'hns', 340400, 0, 1, NULL, '2016-07-20 00:00:00', NULL, NULL, NULL, NULL, NULL);
INSERT INTO `sys_area` VALUES ('340500', '340000', 2, '340500', '马鞍山市', 'mass', 340500, 0, 1, NULL, '2016-07-20 00:00:00', NULL, NULL, NULL, NULL, NULL);
INSERT INTO `sys_area` VALUES ('340600', '340000', 2, '340600', '淮北市', 'hbs', 340600, 0, 1, NULL, '2016-07-20 00:00:00', NULL, NULL, NULL, NULL, NULL);
INSERT INTO `sys_area` VALUES ('340700', '340000', 2, '340700', '铜陵市', 'tls', 340700, 0, 1, NULL, '2016-07-20 00:00:00', NULL, NULL, NULL, NULL, NULL);
INSERT INTO `sys_area` VALUES ('340800', '340000', 2, '340800', '安庆市', 'aqs', 340800, 0, 1, NULL, '2016-07-20 00:00:00', NULL, NULL, NULL, NULL, NULL);
INSERT INTO `sys_area` VALUES ('341000', '340000', 2, '341000', '黄山市', 'hss', 341000, 0, 1, NULL, '2016-07-20 00:00:00', NULL, NULL, NULL, NULL, NULL);
INSERT INTO `sys_area` VALUES ('341100', '340000', 2, '341100', '滁州市', 'czs', 341100, 0, 1, NULL, '2016-07-20 00:00:00', NULL, NULL, NULL, NULL, NULL);
INSERT INTO `sys_area` VALUES ('341200', '340000', 2, '341200', '阜阳市', 'fys', 341200, 0, 1, NULL, '2016-07-20 00:00:00', NULL, NULL, NULL, NULL, NULL);
INSERT INTO `sys_area` VALUES ('341300', '340000', 2, '341300', '宿州市', 'szs', 341300, 0, 1, NULL, '2016-07-20 00:00:00', NULL, NULL, NULL, NULL, NULL);
INSERT INTO `sys_area` VALUES ('341500', '340000', 2, '341500', '六安市', 'las', 341500, 0, 1, NULL, '2016-07-20 00:00:00', NULL, NULL, NULL, NULL, NULL);
INSERT INTO `sys_area` VALUES ('341600', '340000', 2, '341600', '亳州市', 'bzs', 341600, 0, 1, NULL, '2016-07-20 00:00:00', NULL, NULL, NULL, NULL, NULL);
INSERT INTO `sys_area` VALUES ('341700', '340000', 2, '341700', '池州市', 'czs', 341700, 0, 1, NULL, '2016-07-20 00:00:00', NULL, NULL, NULL, NULL, NULL);
INSERT INTO `sys_area` VALUES ('341800', '340000', 2, '341800', '宣城市', 'xcs', 341800, 0, 1, NULL, '2016-07-20 00:00:00', NULL, NULL, NULL, NULL, NULL);
INSERT INTO `sys_area` VALUES ('350000', '0', 1, '350000', '福建省', 'fjs', 350000, 0, 1, NULL, '2016-07-20 00:00:00', NULL, NULL, NULL, NULL, NULL);
INSERT INTO `sys_area` VALUES ('350100', '350000', 2, '350100', '福州市', 'fzs', 350100, 0, 1, NULL, '2016-07-20 00:00:00', NULL, NULL, NULL, NULL, NULL);
INSERT INTO `sys_area` VALUES ('350200', '350000', 2, '350200', '厦门市', 'xms', 350200, 0, 1, NULL, '2016-07-20 00:00:00', NULL, NULL, NULL, NULL, NULL);
INSERT INTO `sys_area` VALUES ('350300', '350000', 2, '350300', '莆田市', 'pts', 350300, 0, 1, NULL, '2016-07-20 00:00:00', NULL, NULL, NULL, NULL, NULL);
INSERT INTO `sys_area` VALUES ('350400', '350000', 2, '350400', '三明市', 'sms', 350400, 0, 1, NULL, '2016-07-20 00:00:00', NULL, NULL, NULL, NULL, NULL);
INSERT INTO `sys_area` VALUES ('350500', '350000', 2, '350500', '泉州市', 'qzs', 350500, 0, 1, NULL, '2016-07-20 00:00:00', NULL, NULL, NULL, NULL, NULL);
INSERT INTO `sys_area` VALUES ('350600', '350000', 2, '350600', '漳州市', 'zzs', 350600, 0, 1, NULL, '2016-07-20 00:00:00', NULL, NULL, NULL, NULL, NULL);
INSERT INTO `sys_area` VALUES ('350700', '350000', 2, '350700', '南平市', 'nps', 350700, 0, 1, NULL, '2016-07-20 00:00:00', NULL, NULL, NULL, NULL, NULL);
INSERT INTO `sys_area` VALUES ('350800', '350000', 2, '350800', '龙岩市', 'lys', 350800, 0, 1, NULL, '2016-07-20 00:00:00', NULL, NULL, NULL, NULL, NULL);
INSERT INTO `sys_area` VALUES ('350900', '350000', 2, '350900', '宁德市', 'nds', 350900, 0, 1, NULL, '2016-07-20 00:00:00', NULL, NULL, NULL, NULL, NULL);
INSERT INTO `sys_area` VALUES ('360000', '0', 1, '360000', '江西省', 'jxs', 360000, 0, 1, NULL, '2016-07-20 00:00:00', NULL, NULL, NULL, NULL, NULL);
INSERT INTO `sys_area` VALUES ('360100', '360000', 2, '360100', '南昌市', 'ncs', 360100, 0, 1, NULL, '2016-07-20 00:00:00', NULL, NULL, NULL, NULL, NULL);
INSERT INTO `sys_area` VALUES ('360200', '360000', 2, '360200', '景德镇市', 'jdzs', 360200, 0, 1, NULL, '2016-07-20 00:00:00', NULL, NULL, NULL, NULL, NULL);
INSERT INTO `sys_area` VALUES ('360300', '360000', 2, '360300', '萍乡市', 'pxs', 360300, 0, 1, NULL, '2016-07-20 00:00:00', NULL, NULL, NULL, NULL, NULL);
INSERT INTO `sys_area` VALUES ('360400', '360000', 2, '360400', '九江市', 'jjs', 360400, 0, 1, NULL, '2016-07-20 00:00:00', NULL, NULL, NULL, NULL, NULL);
INSERT INTO `sys_area` VALUES ('360500', '360000', 2, '360500', '新余市', 'xys', 360500, 0, 1, NULL, '2016-07-20 00:00:00', NULL, NULL, NULL, NULL, NULL);
INSERT INTO `sys_area` VALUES ('360600', '360000', 2, '360600', '鹰潭市', 'yts', 360600, 0, 1, NULL, '2016-07-20 00:00:00', NULL, NULL, NULL, NULL, NULL);
INSERT INTO `sys_area` VALUES ('360700', '360000', 2, '360700', '赣州市', 'gzs', 360700, 0, 1, NULL, '2016-07-20 00:00:00', NULL, NULL, NULL, NULL, NULL);
INSERT INTO `sys_area` VALUES ('360800', '360000', 2, '360800', '吉安市', 'jas', 360800, 0, 1, NULL, '2016-07-20 00:00:00', NULL, NULL, NULL, NULL, NULL);
INSERT INTO `sys_area` VALUES ('360900', '360000', 2, '360900', '宜春市', 'ycs', 360900, 0, 1, NULL, '2016-07-20 00:00:00', NULL, NULL, NULL, NULL, NULL);
INSERT INTO `sys_area` VALUES ('361000', '360000', 2, '361000', '抚州市', 'fzs', 361000, 0, 1, NULL, '2016-07-20 00:00:00', NULL, NULL, NULL, NULL, NULL);
INSERT INTO `sys_area` VALUES ('361100', '360000', 2, '361100', '上饶市', 'srs', 361100, 0, 1, NULL, '2016-07-20 00:00:00', NULL, NULL, NULL, NULL, NULL);
INSERT INTO `sys_area` VALUES ('370000', '0', 1, '370000', '山东省', 'sds', 370000, 0, 1, NULL, '2016-07-20 00:00:00', NULL, NULL, NULL, NULL, NULL);
INSERT INTO `sys_area` VALUES ('370100', '370000', 2, '370100', '济南市', 'jns', 370100, 0, 1, NULL, '2016-07-20 00:00:00', NULL, NULL, NULL, NULL, NULL);
INSERT INTO `sys_area` VALUES ('370200', '370000', 2, '370200', '青岛市', 'qds', 370200, 0, 1, NULL, '2016-07-20 00:00:00', NULL, NULL, NULL, NULL, NULL);
INSERT INTO `sys_area` VALUES ('370300', '370000', 2, '370300', '淄博市', 'zbs', 370300, 0, 1, NULL, '2016-07-20 00:00:00', NULL, NULL, NULL, NULL, NULL);
INSERT INTO `sys_area` VALUES ('370400', '370000', 2, '370400', '枣庄市', 'zzs', 370400, 0, 1, NULL, '2016-07-20 00:00:00', NULL, NULL, NULL, NULL, NULL);
INSERT INTO `sys_area` VALUES ('370500', '370000', 2, '370500', '东营市', 'dys', 370500, 0, 1, NULL, '2016-07-20 00:00:00', NULL, NULL, NULL, NULL, NULL);
INSERT INTO `sys_area` VALUES ('370600', '370000', 2, '370600', '烟台市', 'yts', 370600, 0, 1, NULL, '2016-07-20 00:00:00', NULL, NULL, NULL, NULL, NULL);
INSERT INTO `sys_area` VALUES ('370700', '370000', 2, '370700', '潍坊市', 'wfs', 370700, 0, 1, NULL, '2016-07-20 00:00:00', NULL, NULL, NULL, NULL, NULL);
INSERT INTO `sys_area` VALUES ('370800', '370000', 2, '370800', '济宁市', 'jns', 370800, 0, 1, NULL, '2016-07-20 00:00:00', NULL, NULL, NULL, NULL, NULL);
INSERT INTO `sys_area` VALUES ('370900', '370000', 2, '370900', '泰安市', 'tas', 370900, 0, 1, NULL, '2016-07-20 00:00:00', NULL, NULL, NULL, NULL, NULL);
INSERT INTO `sys_area` VALUES ('371000', '370000', 2, '371000', '威海市', 'whs', 371000, 0, 1, NULL, '2016-07-20 00:00:00', NULL, NULL, NULL, NULL, NULL);
INSERT INTO `sys_area` VALUES ('371100', '370000', 2, '371100', '日照市', 'rzs', 371100, 0, 1, NULL, '2016-07-20 00:00:00', NULL, NULL, NULL, NULL, NULL);
INSERT INTO `sys_area` VALUES ('371200', '370000', 2, '371200', '莱芜市', 'lws', 371200, 0, 1, NULL, '2016-07-20 00:00:00', NULL, NULL, NULL, NULL, NULL);
INSERT INTO `sys_area` VALUES ('371300', '370000', 2, '371300', '临沂市', 'lys', 371300, 0, 1, NULL, '2016-07-20 00:00:00', NULL, NULL, NULL, NULL, NULL);
INSERT INTO `sys_area` VALUES ('371400', '370000', 2, '371400', '德州市', 'dzs', 371400, 0, 1, NULL, '2016-07-20 00:00:00', NULL, NULL, NULL, NULL, NULL);
INSERT INTO `sys_area` VALUES ('371500', '370000', 2, '371500', '聊城市', 'lcs', 371500, 0, 1, NULL, '2016-07-20 00:00:00', NULL, NULL, NULL, NULL, NULL);
INSERT INTO `sys_area` VALUES ('371600', '370000', 2, '371600', '滨州市', 'bzs', 371600, 0, 1, NULL, '2016-07-20 00:00:00', NULL, NULL, NULL, NULL, NULL);
INSERT INTO `sys_area` VALUES ('371700', '370000', 2, '371700', '菏泽市', 'hzs', 371700, 0, 1, NULL, '2016-07-20 00:00:00', NULL, NULL, NULL, NULL, NULL);
INSERT INTO `sys_area` VALUES ('410000', '0', 1, '410000', '河南省', 'hns', 410000, 0, 1, NULL, '2016-07-20 00:00:00', NULL, NULL, NULL, NULL, NULL);
INSERT INTO `sys_area` VALUES ('410100', '410000', 2, '410100', '郑州市', 'zzs', 410100, 0, 1, NULL, '2016-07-20 00:00:00', NULL, NULL, NULL, NULL, NULL);
INSERT INTO `sys_area` VALUES ('410200', '410000', 2, '410200', '开封市', 'kfs', 410200, 0, 1, NULL, '2016-07-20 00:00:00', NULL, NULL, NULL, NULL, NULL);
INSERT INTO `sys_area` VALUES ('410300', '410000', 2, '410300', '洛阳市', 'lys', 410300, 0, 1, NULL, '2016-07-20 00:00:00', NULL, NULL, NULL, NULL, NULL);
INSERT INTO `sys_area` VALUES ('410400', '410000', 2, '410400', '平顶山市', 'pdss', 410400, 0, 1, NULL, '2016-07-20 00:00:00', NULL, NULL, NULL, NULL, NULL);
INSERT INTO `sys_area` VALUES ('410500', '410000', 2, '410500', '安阳市', 'ays', 410500, 0, 1, NULL, '2016-07-20 00:00:00', NULL, NULL, NULL, NULL, NULL);
INSERT INTO `sys_area` VALUES ('410600', '410000', 2, '410600', '鹤壁市', 'hbs', 410600, 0, 1, NULL, '2016-07-20 00:00:00', NULL, NULL, NULL, NULL, NULL);
INSERT INTO `sys_area` VALUES ('410700', '410000', 2, '410700', '新乡市', 'xxs', 410700, 0, 1, NULL, '2016-07-20 00:00:00', NULL, NULL, NULL, NULL, NULL);
INSERT INTO `sys_area` VALUES ('410800', '410000', 2, '410800', '焦作市', 'jzs', 410800, 0, 1, NULL, '2016-07-20 00:00:00', NULL, NULL, NULL, NULL, NULL);
INSERT INTO `sys_area` VALUES ('410881', '410000', 2, '410881', '济源市', 'jys', 410881, 0, 1, NULL, '2016-07-20 00:00:00', NULL, NULL, NULL, NULL, NULL);
INSERT INTO `sys_area` VALUES ('410900', '410000', 2, '410900', '濮阳市', 'pys', 410900, 0, 1, NULL, '2016-07-20 00:00:00', NULL, NULL, NULL, NULL, NULL);
INSERT INTO `sys_area` VALUES ('411000', '410000', 2, '411000', '许昌市', 'xcs', 411000, 0, 1, NULL, '2016-07-20 00:00:00', NULL, NULL, NULL, NULL, NULL);
INSERT INTO `sys_area` VALUES ('411100', '410000', 2, '411100', '漯河市', 'lhs', 411100, 0, 1, NULL, '2016-07-20 00:00:00', NULL, NULL, NULL, NULL, NULL);
INSERT INTO `sys_area` VALUES ('411200', '410000', 2, '411200', '三门峡市', 'smxs', 411200, 0, 1, NULL, '2016-07-20 00:00:00', NULL, NULL, NULL, NULL, NULL);
INSERT INTO `sys_area` VALUES ('411300', '410000', 2, '411300', '南阳市', 'nys', 411300, 0, 1, NULL, '2016-07-20 00:00:00', NULL, NULL, NULL, NULL, NULL);
INSERT INTO `sys_area` VALUES ('411400', '410000', 2, '411400', '商丘市', 'sqs', 411400, 0, 1, NULL, '2016-07-20 00:00:00', NULL, NULL, NULL, NULL, NULL);
INSERT INTO `sys_area` VALUES ('411500', '410000', 2, '411500', '信阳市', 'xys', 411500, 0, 1, NULL, '2016-07-20 00:00:00', NULL, NULL, NULL, NULL, NULL);
INSERT INTO `sys_area` VALUES ('411600', '410000', 2, '411600', '周口市', 'zks', 411600, 0, 1, NULL, '2016-07-20 00:00:00', NULL, NULL, NULL, NULL, NULL);
INSERT INTO `sys_area` VALUES ('411700', '410000', 2, '411700', '驻马店市', 'zmds', 411700, 0, 1, NULL, '2016-07-20 00:00:00', NULL, NULL, NULL, NULL, NULL);
INSERT INTO `sys_area` VALUES ('420000', '0', 1, '420000', '湖北省', 'hbs', 420000, 0, 1, NULL, '2016-07-20 00:00:00', NULL, NULL, NULL, NULL, NULL);
INSERT INTO `sys_area` VALUES ('420100', '420000', 2, '420100', '武汉市', 'whs', 420100, 0, 1, NULL, '2016-07-20 00:00:00', NULL, NULL, NULL, NULL, NULL);
INSERT INTO `sys_area` VALUES ('420200', '420000', 2, '420200', '黄石市', 'hss', 420200, 0, 1, NULL, '2016-07-20 00:00:00', NULL, NULL, NULL, NULL, NULL);
INSERT INTO `sys_area` VALUES ('420300', '420000', 2, '420300', '十堰市', 'sys', 420300, 0, 1, NULL, '2016-07-20 00:00:00', NULL, NULL, NULL, NULL, NULL);
INSERT INTO `sys_area` VALUES ('420500', '420000', 2, '420500', '宜昌市', 'ycs', 420500, 0, 1, NULL, '2016-07-20 00:00:00', NULL, NULL, NULL, NULL, NULL);
INSERT INTO `sys_area` VALUES ('420600', '420000', 2, '420600', '襄阳市', 'xys', 420600, 0, 1, NULL, '2016-07-20 00:00:00', NULL, NULL, NULL, NULL, NULL);
INSERT INTO `sys_area` VALUES ('420700', '420000', 2, '420700', '鄂州市', 'ezs', 420700, 0, 1, NULL, '2016-07-20 00:00:00', NULL, NULL, NULL, NULL, NULL);
INSERT INTO `sys_area` VALUES ('420800', '420000', 2, '420800', '荆门市', 'jms', 420800, 0, 1, NULL, '2016-07-20 00:00:00', NULL, NULL, NULL, NULL, NULL);
INSERT INTO `sys_area` VALUES ('420900', '420000', 2, '420900', '孝感市', 'xgs', 420900, 0, 1, NULL, '2016-07-20 00:00:00', NULL, NULL, NULL, NULL, NULL);
INSERT INTO `sys_area` VALUES ('421000', '420000', 2, '421000', '荆州市', 'jzs', 421000, 0, 1, NULL, '2016-07-20 00:00:00', NULL, NULL, NULL, NULL, NULL);
INSERT INTO `sys_area` VALUES ('421100', '420000', 2, '421100', '黄冈市', 'hgs', 421100, 0, 1, NULL, '2016-07-20 00:00:00', NULL, NULL, NULL, NULL, NULL);
INSERT INTO `sys_area` VALUES ('421200', '420000', 2, '421200', '咸宁市', 'xns', 421200, 0, 1, NULL, '2016-07-20 00:00:00', NULL, NULL, NULL, NULL, NULL);
INSERT INTO `sys_area` VALUES ('421300', '420000', 2, '421300', '随州市', 'szs', 421300, 0, 1, NULL, '2016-07-20 00:00:00', NULL, NULL, NULL, NULL, NULL);
INSERT INTO `sys_area` VALUES ('422800', '420000', 2, '422800', '恩施土家族苗族自治州', 'estjzmzzzz', 422800, 0, 1, NULL, '2016-07-20 00:00:00', NULL, NULL, NULL, NULL, NULL);
INSERT INTO `sys_area` VALUES ('430000', '0', 1, '430000', '湖南省', 'hns', 430000, 0, 1, NULL, '2016-07-20 00:00:00', NULL, NULL, NULL, NULL, NULL);
INSERT INTO `sys_area` VALUES ('430100', '430000', 2, '430100', '长沙市', 'zss', 430100, 0, 1, NULL, '2016-07-20 00:00:00', NULL, NULL, NULL, NULL, NULL);
INSERT INTO `sys_area` VALUES ('430200', '430000', 2, '430200', '株洲市', 'zzs', 430200, 0, 1, NULL, '2016-07-20 00:00:00', NULL, NULL, NULL, NULL, NULL);
INSERT INTO `sys_area` VALUES ('430300', '430000', 2, '430300', '湘潭市', 'xts', 430300, 0, 1, NULL, '2016-07-20 00:00:00', NULL, NULL, NULL, NULL, NULL);
INSERT INTO `sys_area` VALUES ('430400', '430000', 2, '430400', '衡阳市', 'hys', 430400, 0, 1, NULL, '2016-07-20 00:00:00', NULL, NULL, NULL, NULL, NULL);
INSERT INTO `sys_area` VALUES ('430500', '430000', 2, '430500', '邵阳市', 'sys', 430500, 0, 1, NULL, '2016-07-20 00:00:00', NULL, NULL, NULL, NULL, NULL);
INSERT INTO `sys_area` VALUES ('430600', '430000', 2, '430600', '岳阳市', 'yys', 430600, 0, 1, NULL, '2016-07-20 00:00:00', NULL, NULL, NULL, NULL, NULL);
INSERT INTO `sys_area` VALUES ('430700', '430000', 2, '430700', '常德市', 'cds', 430700, 0, 1, NULL, '2016-07-20 00:00:00', NULL, NULL, NULL, NULL, NULL);
INSERT INTO `sys_area` VALUES ('430800', '430000', 2, '430800', '张家界市', 'zjjs', 430800, 0, 1, NULL, '2016-07-20 00:00:00', NULL, NULL, NULL, NULL, NULL);
INSERT INTO `sys_area` VALUES ('430900', '430000', 2, '430900', '益阳市', 'yys', 430900, 0, 1, NULL, '2016-07-20 00:00:00', NULL, NULL, NULL, NULL, NULL);
INSERT INTO `sys_area` VALUES ('431000', '430000', 2, '431000', '郴州市', 'czs', 431000, 0, 1, NULL, '2016-07-20 00:00:00', NULL, NULL, NULL, NULL, NULL);
INSERT INTO `sys_area` VALUES ('431100', '430000', 2, '431100', '永州市', 'yzs', 431100, 0, 1, NULL, '2016-07-20 00:00:00', NULL, NULL, NULL, NULL, NULL);
INSERT INTO `sys_area` VALUES ('431200', '430000', 2, '431200', '怀化市', 'hhs', 431200, 0, 1, NULL, '2016-07-20 00:00:00', NULL, NULL, NULL, NULL, NULL);
INSERT INTO `sys_area` VALUES ('431300', '430000', 2, '431300', '娄底市', 'lds', 431300, 0, 1, NULL, '2016-07-20 00:00:00', NULL, NULL, NULL, NULL, NULL);
INSERT INTO `sys_area` VALUES ('433100', '430000', 2, '433100', '湘西土家族苗族自治州', 'xxtjzmzzzz', 433100, 0, 1, NULL, '2016-07-20 00:00:00', NULL, NULL, NULL, NULL, NULL);
INSERT INTO `sys_area` VALUES ('440000', '0', 1, '440000', '广东省', 'gds', 440000, 0, 1, NULL, '2016-07-20 00:00:00', NULL, NULL, NULL, NULL, NULL);
INSERT INTO `sys_area` VALUES ('440100', '440000', 2, '440100', '广州市', 'gzs', 440100, 0, 1, NULL, '2016-07-20 00:00:00', NULL, NULL, NULL, NULL, NULL);
INSERT INTO `sys_area` VALUES ('440200', '440000', 2, '440200', '韶关市', 'sgs', 440200, 0, 1, NULL, '2016-07-20 00:00:00', NULL, NULL, NULL, NULL, NULL);
INSERT INTO `sys_area` VALUES ('440300', '440000', 2, '440300', '深圳市', 'szs', 440300, 0, 1, NULL, '2016-07-20 00:00:00', NULL, NULL, NULL, NULL, NULL);
INSERT INTO `sys_area` VALUES ('440400', '440000', 2, '440400', '珠海市', 'zhs', 440400, 0, 1, NULL, '2016-07-20 00:00:00', NULL, NULL, NULL, NULL, NULL);
INSERT INTO `sys_area` VALUES ('440500', '440000', 2, '440500', '汕头市', 'sts', 440500, 0, 1, NULL, '2016-07-20 00:00:00', NULL, NULL, NULL, NULL, NULL);
INSERT INTO `sys_area` VALUES ('440600', '440000', 2, '440600', '佛山市', 'fss', 440600, 0, 1, NULL, '2016-07-20 00:00:00', NULL, NULL, NULL, NULL, NULL);
INSERT INTO `sys_area` VALUES ('440700', '440000', 2, '440700', '江门市', 'jms', 440700, 0, 1, NULL, '2016-07-20 00:00:00', NULL, NULL, NULL, NULL, NULL);
INSERT INTO `sys_area` VALUES ('440800', '440000', 2, '440800', '湛江市', 'zjs', 440800, 0, 1, NULL, '2016-07-20 00:00:00', NULL, NULL, NULL, NULL, NULL);
INSERT INTO `sys_area` VALUES ('440900', '440000', 2, '440900', '茂名市', 'mms', 440900, 0, 1, NULL, '2016-07-20 00:00:00', NULL, NULL, NULL, NULL, NULL);
INSERT INTO `sys_area` VALUES ('441200', '440000', 2, '441200', '肇庆市', 'zqs', 441200, 0, 1, NULL, '2016-07-20 00:00:00', NULL, NULL, NULL, NULL, NULL);
INSERT INTO `sys_area` VALUES ('441300', '440000', 2, '441300', '惠州市', 'hzs', 441300, 0, 1, NULL, '2016-07-20 00:00:00', NULL, NULL, NULL, NULL, NULL);
INSERT INTO `sys_area` VALUES ('441400', '440000', 2, '441400', '梅州市', 'mzs', 441400, 0, 1, NULL, '2016-07-20 00:00:00', NULL, NULL, NULL, NULL, NULL);
INSERT INTO `sys_area` VALUES ('441500', '440000', 2, '441500', '汕尾市', 'sws', 441500, 0, 1, NULL, '2016-07-20 00:00:00', NULL, NULL, NULL, NULL, NULL);
INSERT INTO `sys_area` VALUES ('441600', '440000', 2, '441600', '河源市', 'hys', 441600, 0, 1, NULL, '2016-07-20 00:00:00', NULL, NULL, NULL, NULL, NULL);
INSERT INTO `sys_area` VALUES ('441700', '440000', 2, '441700', '阳江市', 'yjs', 441700, 0, 1, NULL, '2016-07-20 00:00:00', NULL, NULL, NULL, NULL, NULL);
INSERT INTO `sys_area` VALUES ('441800', '440000', 2, '441800', '清远市', 'qys', 441800, 0, 1, NULL, '2016-07-20 00:00:00', NULL, NULL, NULL, NULL, NULL);
INSERT INTO `sys_area` VALUES ('445100', '440000', 2, '445100', '潮州市', 'czs', 445100, 0, 1, NULL, '2016-07-20 00:00:00', NULL, NULL, NULL, NULL, NULL);
INSERT INTO `sys_area` VALUES ('445200', '440000', 2, '445200', '揭阳市', 'jys', 445200, 0, 1, NULL, '2016-07-20 00:00:00', NULL, NULL, NULL, NULL, NULL);
INSERT INTO `sys_area` VALUES ('445300', '440000', 2, '445300', '云浮市', 'yfs', 445300, 0, 1, NULL, '2016-07-20 00:00:00', NULL, NULL, NULL, NULL, NULL);
INSERT INTO `sys_area` VALUES ('450000', '0', 1, '450000', '广西壮族自治区', 'gxzzzzq', 450000, 0, 1, NULL, '2016-07-20 00:00:00', NULL, NULL, NULL, NULL, NULL);
INSERT INTO `sys_area` VALUES ('450100', '450000', 2, '450100', '南宁市', 'nns', 450100, 0, 1, NULL, '2016-07-20 00:00:00', NULL, NULL, NULL, NULL, NULL);
INSERT INTO `sys_area` VALUES ('450200', '450000', 2, '450200', '柳州市', 'lzs', 450200, 0, 1, NULL, '2016-07-20 00:00:00', NULL, NULL, NULL, NULL, NULL);
INSERT INTO `sys_area` VALUES ('450300', '450000', 2, '450300', '桂林市', 'gls', 450300, 0, 1, NULL, '2016-07-20 00:00:00', NULL, NULL, NULL, NULL, NULL);
INSERT INTO `sys_area` VALUES ('450400', '450000', 2, '450400', '梧州市', 'wzs', 450400, 0, 1, NULL, '2016-07-20 00:00:00', NULL, NULL, NULL, NULL, NULL);
INSERT INTO `sys_area` VALUES ('450500', '450000', 2, '450500', '北海市', 'bhs', 450500, 0, 1, NULL, '2016-07-20 00:00:00', NULL, NULL, NULL, NULL, NULL);
INSERT INTO `sys_area` VALUES ('450600', '450000', 2, '450600', '防城港市', 'fcgs', 450600, 0, 1, NULL, '2016-07-20 00:00:00', NULL, NULL, NULL, NULL, NULL);
INSERT INTO `sys_area` VALUES ('450700', '450000', 2, '450700', '钦州市', 'qzs', 450700, 0, 1, NULL, '2016-07-20 00:00:00', NULL, NULL, NULL, NULL, NULL);
INSERT INTO `sys_area` VALUES ('450800', '450000', 2, '450800', '贵港市', 'ggs', 450800, 0, 1, NULL, '2016-07-20 00:00:00', NULL, NULL, NULL, NULL, NULL);
INSERT INTO `sys_area` VALUES ('450900', '450000', 2, '450900', '玉林市', 'yls', 450900, 0, 1, NULL, '2016-07-20 00:00:00', NULL, NULL, NULL, NULL, NULL);
INSERT INTO `sys_area` VALUES ('451000', '450000', 2, '451000', '百色市', 'bss', 451000, 0, 1, NULL, '2016-07-20 00:00:00', NULL, NULL, NULL, NULL, NULL);
INSERT INTO `sys_area` VALUES ('451100', '450000', 2, '451100', '贺州市', 'hzs', 451100, 0, 1, NULL, '2016-07-20 00:00:00', NULL, NULL, NULL, NULL, NULL);
INSERT INTO `sys_area` VALUES ('451200', '450000', 2, '451200', '河池市', 'hcs', 451200, 0, 1, NULL, '2016-07-20 00:00:00', NULL, NULL, NULL, NULL, NULL);
INSERT INTO `sys_area` VALUES ('451300', '450000', 2, '451300', '来宾市', 'lbs', 451300, 0, 1, NULL, '2016-07-20 00:00:00', NULL, NULL, NULL, NULL, NULL);
INSERT INTO `sys_area` VALUES ('451400', '450000', 2, '451400', '崇左市', 'czs', 451400, 0, 1, NULL, '2016-07-20 00:00:00', NULL, NULL, NULL, NULL, NULL);
INSERT INTO `sys_area` VALUES ('460000', '0', 1, '460000', '海南省', 'hns', 460000, 0, 1, NULL, '2016-07-20 00:00:00', NULL, NULL, NULL, NULL, NULL);
INSERT INTO `sys_area` VALUES ('460100', '460000', 2, '460100', '海口市', 'hks', 460100, 0, 1, NULL, '2016-07-20 00:00:00', NULL, NULL, NULL, NULL, NULL);
INSERT INTO `sys_area` VALUES ('500000', '0', 1, '500000', '重庆', 'zq', 500000, 0, 1, NULL, '2016-07-20 00:00:00', NULL, NULL, NULL, NULL, NULL);
INSERT INTO `sys_area` VALUES ('500100', '500000', 2, '500100', '重庆市', 'zqs', 500100, 0, 1, NULL, '2016-07-20 00:00:00', NULL, NULL, NULL, NULL, NULL);
INSERT INTO `sys_area` VALUES ('510000', '0', 1, '510000', '四川省', 'scs', 510000, 0, 1, NULL, '2016-07-20 00:00:00', NULL, NULL, NULL, NULL, NULL);
INSERT INTO `sys_area` VALUES ('510100', '510000', 2, '510100', '成都市', 'cds', 510100, 0, 1, NULL, '2016-07-20 00:00:00', NULL, NULL, NULL, NULL, NULL);
INSERT INTO `sys_area` VALUES ('510300', '510000', 2, '510300', '自贡市', 'zgs', 510300, 0, 1, NULL, '2016-07-20 00:00:00', NULL, NULL, NULL, NULL, NULL);
INSERT INTO `sys_area` VALUES ('510400', '510000', 2, '510400', '攀枝花市', 'pzhs', 510400, 0, 1, NULL, '2016-07-20 00:00:00', NULL, NULL, NULL, NULL, NULL);
INSERT INTO `sys_area` VALUES ('510500', '510000', 2, '510500', '泸州市', 'lzs', 510500, 0, 1, NULL, '2016-07-20 00:00:00', NULL, NULL, NULL, NULL, NULL);
INSERT INTO `sys_area` VALUES ('510600', '510000', 2, '510600', '德阳市', 'dys', 510600, 0, 1, NULL, '2016-07-20 00:00:00', NULL, NULL, NULL, NULL, NULL);
INSERT INTO `sys_area` VALUES ('510700', '510000', 2, '510700', '绵阳市', 'mys', 510700, 0, 1, NULL, '2016-07-20 00:00:00', NULL, NULL, NULL, NULL, NULL);
INSERT INTO `sys_area` VALUES ('510800', '510000', 2, '510800', '广元市', 'gys', 510800, 0, 1, NULL, '2016-07-20 00:00:00', NULL, NULL, NULL, NULL, NULL);
INSERT INTO `sys_area` VALUES ('510900', '510000', 2, '510900', '遂宁市', 'sns', 510900, 0, 1, NULL, '2016-07-20 00:00:00', NULL, NULL, NULL, NULL, NULL);
INSERT INTO `sys_area` VALUES ('511000', '510000', 2, '511000', '内江市', 'njs', 511000, 0, 1, NULL, '2016-07-20 00:00:00', NULL, NULL, NULL, NULL, NULL);
INSERT INTO `sys_area` VALUES ('511100', '510000', 2, '511100', '乐山市', 'yss', 511100, 0, 1, NULL, '2016-07-20 00:00:00', NULL, NULL, NULL, NULL, NULL);
INSERT INTO `sys_area` VALUES ('511300', '510000', 2, '511300', '南充市', 'ncs', 511300, 0, 1, NULL, '2016-07-20 00:00:00', NULL, NULL, NULL, NULL, NULL);
INSERT INTO `sys_area` VALUES ('511400', '510000', 2, '511400', '眉山市', 'mss', 511400, 0, 1, NULL, '2016-07-20 00:00:00', NULL, NULL, NULL, NULL, NULL);
INSERT INTO `sys_area` VALUES ('511500', '510000', 2, '511500', '宜宾市', 'ybs', 511500, 0, 1, NULL, '2016-07-20 00:00:00', NULL, NULL, NULL, NULL, NULL);
INSERT INTO `sys_area` VALUES ('511600', '510000', 2, '511600', '广安市', 'gas', 511600, 0, 1, NULL, '2016-07-20 00:00:00', NULL, NULL, NULL, NULL, NULL);
INSERT INTO `sys_area` VALUES ('511700', '510000', 2, '511700', '达州市', 'dzs', 511700, 0, 1, NULL, '2016-07-20 00:00:00', NULL, NULL, NULL, NULL, NULL);
INSERT INTO `sys_area` VALUES ('511800', '510000', 2, '511800', '雅安市', 'yas', 511800, 0, 1, NULL, '2016-07-20 00:00:00', NULL, NULL, NULL, NULL, NULL);
INSERT INTO `sys_area` VALUES ('511900', '510000', 2, '511900', '巴中市', 'bzs', 511900, 0, 1, NULL, '2016-07-20 00:00:00', NULL, NULL, NULL, NULL, NULL);
INSERT INTO `sys_area` VALUES ('512000', '510000', 2, '512000', '资阳市', 'zys', 512000, 0, 1, NULL, '2016-07-20 00:00:00', NULL, NULL, NULL, NULL, NULL);
INSERT INTO `sys_area` VALUES ('513200', '510000', 2, '513200', '阿坝藏族羌族自治州', 'abzzqzzzz', 513200, 0, 1, NULL, '2016-07-20 00:00:00', NULL, NULL, NULL, NULL, NULL);
INSERT INTO `sys_area` VALUES ('513300', '510000', 2, '513300', '甘孜藏族自治州', 'gzzzzzz', 513300, 0, 1, NULL, '2016-07-20 00:00:00', NULL, NULL, NULL, NULL, NULL);
INSERT INTO `sys_area` VALUES ('513400', '510000', 2, '513400', '凉山彝族自治州', 'lsyzzzz', 513400, 0, 1, NULL, '2016-07-20 00:00:00', NULL, NULL, NULL, NULL, NULL);
INSERT INTO `sys_area` VALUES ('520000', '0', 1, '520000', '贵州省', 'gzs', 520000, 0, 1, NULL, '2016-07-20 00:00:00', NULL, NULL, NULL, NULL, NULL);
INSERT INTO `sys_area` VALUES ('520100', '520000', 2, '520100', '贵阳市', 'gys', 520100, 0, 1, NULL, '2016-07-20 00:00:00', NULL, NULL, NULL, NULL, NULL);
INSERT INTO `sys_area` VALUES ('520200', '520000', 2, '520200', '六盘水市', 'lpss', 520200, 0, 1, NULL, '2016-07-20 00:00:00', NULL, NULL, NULL, NULL, NULL);
INSERT INTO `sys_area` VALUES ('520300', '520000', 2, '520300', '遵义市', 'zys', 520300, 0, 1, NULL, '2016-07-20 00:00:00', NULL, NULL, NULL, NULL, NULL);
INSERT INTO `sys_area` VALUES ('520400', '520000', 2, '520400', '安顺市', 'ass', 520400, 0, 1, NULL, '2016-07-20 00:00:00', NULL, NULL, NULL, NULL, NULL);
INSERT INTO `sys_area` VALUES ('522200', '520000', 2, '522200', '铜仁市', 'trs', 522200, 0, 1, NULL, '2016-07-20 00:00:00', NULL, NULL, NULL, NULL, NULL);
INSERT INTO `sys_area` VALUES ('522300', '520000', 2, '522300', '黔西南布依族苗族自治州', 'qxnbyzmzzzz', 522300, 0, 1, NULL, '2016-07-20 00:00:00', NULL, NULL, NULL, NULL, NULL);
INSERT INTO `sys_area` VALUES ('522400', '520000', 2, '522400', '毕节市', 'bjs', 522400, 0, 1, NULL, '2016-07-20 00:00:00', NULL, NULL, NULL, NULL, NULL);
INSERT INTO `sys_area` VALUES ('522600', '520000', 2, '522600', '黔东南苗族侗族自治州', 'qdnmztzzzz', 522600, 0, 1, NULL, '2016-07-20 00:00:00', NULL, NULL, NULL, NULL, NULL);
INSERT INTO `sys_area` VALUES ('522700', '520000', 2, '522700', '黔南布依族苗族自治州', 'qnbyzmzzzz', 522700, 0, 1, NULL, '2016-07-20 00:00:00', NULL, NULL, NULL, NULL, NULL);
INSERT INTO `sys_area` VALUES ('530000', '0', 1, '530000', '云南省', 'yns', 530000, 0, 1, NULL, '2016-07-20 00:00:00', NULL, NULL, NULL, NULL, NULL);
INSERT INTO `sys_area` VALUES ('530100', '530000', 2, '530100', '昆明市', 'kms', 530100, 0, 1, NULL, '2016-07-20 00:00:00', NULL, NULL, NULL, NULL, NULL);
INSERT INTO `sys_area` VALUES ('530300', '530000', 2, '530300', '曲靖市', 'qjs', 530300, 0, 1, NULL, '2016-07-20 00:00:00', NULL, NULL, NULL, NULL, NULL);
INSERT INTO `sys_area` VALUES ('530400', '530000', 2, '530400', '玉溪市', 'yxs', 530400, 0, 1, NULL, '2016-07-20 00:00:00', NULL, NULL, NULL, NULL, NULL);
INSERT INTO `sys_area` VALUES ('530500', '530000', 2, '530500', '保山市', 'bss', 530500, 0, 1, NULL, '2016-07-20 00:00:00', NULL, NULL, NULL, NULL, NULL);
INSERT INTO `sys_area` VALUES ('530600', '530000', 2, '530600', '昭通市', 'zts', 530600, 0, 1, NULL, '2016-07-20 00:00:00', NULL, NULL, NULL, NULL, NULL);
INSERT INTO `sys_area` VALUES ('530700', '530000', 2, '530700', '丽江市', 'ljs', 530700, 0, 1, NULL, '2016-07-20 00:00:00', NULL, NULL, NULL, NULL, NULL);
INSERT INTO `sys_area` VALUES ('530800', '530000', 2, '530800', '普洱市', 'pes', 530800, 0, 1, NULL, '2016-07-20 00:00:00', NULL, NULL, NULL, NULL, NULL);
INSERT INTO `sys_area` VALUES ('530900', '530000', 2, '530900', '临沧市', 'lcs', 530900, 0, 1, NULL, '2016-07-20 00:00:00', NULL, NULL, NULL, NULL, NULL);
INSERT INTO `sys_area` VALUES ('532300', '530000', 2, '532300', '楚雄彝族自治州', 'cxyzzzz', 532300, 0, 1, NULL, '2016-07-20 00:00:00', NULL, NULL, NULL, NULL, NULL);
INSERT INTO `sys_area` VALUES ('532500', '530000', 2, '532500', '红河哈尼族彝族自治州', 'hhhnzyzzzz', 532500, 0, 1, NULL, '2016-07-20 00:00:00', NULL, NULL, NULL, NULL, NULL);
INSERT INTO `sys_area` VALUES ('532600', '530000', 2, '532600', '文山壮族苗族自治州', 'wszzmzzzz', 532600, 0, 1, NULL, '2016-07-20 00:00:00', NULL, NULL, NULL, NULL, NULL);
INSERT INTO `sys_area` VALUES ('532800', '530000', 2, '532800', '西双版纳傣族自治州', 'xsbndzzzz', 532800, 0, 1, NULL, '2016-07-20 00:00:00', NULL, NULL, NULL, NULL, NULL);
INSERT INTO `sys_area` VALUES ('532900', '530000', 2, '532900', '大理白族自治州', 'dlbzzzz', 532900, 0, 1, NULL, '2016-07-20 00:00:00', NULL, NULL, NULL, NULL, NULL);
INSERT INTO `sys_area` VALUES ('533100', '530000', 2, '533100', '德宏傣族景颇族自治州', 'dhdzjpzzzz', 533100, 0, 1, NULL, '2016-07-20 00:00:00', NULL, NULL, NULL, NULL, NULL);
INSERT INTO `sys_area` VALUES ('533300', '530000', 2, '533300', '怒江傈僳族自治州', 'njlszzzz', 533300, 0, 1, NULL, '2016-07-20 00:00:00', NULL, NULL, NULL, NULL, NULL);
INSERT INTO `sys_area` VALUES ('533400', '530000', 2, '533400', '迪庆藏族自治州', 'dqzzzzz', 533400, 0, 1, NULL, '2016-07-20 00:00:00', NULL, NULL, NULL, NULL, NULL);
INSERT INTO `sys_area` VALUES ('540000', '0', 1, '540000', '西藏自治区', 'xzzzq', 540000, 0, 1, NULL, '2016-07-20 00:00:00', NULL, NULL, NULL, NULL, NULL);
INSERT INTO `sys_area` VALUES ('540100', '540000', 2, '540100', '拉萨市', 'lss', 540100, 0, 1, NULL, '2016-07-20 00:00:00', NULL, NULL, NULL, NULL, NULL);
INSERT INTO `sys_area` VALUES ('542100', '540000', 2, '542100', '昌都地区', 'cddq', 542100, 0, 1, NULL, '2016-07-20 00:00:00', NULL, NULL, NULL, NULL, NULL);
INSERT INTO `sys_area` VALUES ('542200', '540000', 2, '542200', '山南地区', 'sndq', 542200, 0, 1, NULL, '2016-07-20 00:00:00', NULL, NULL, NULL, NULL, NULL);
INSERT INTO `sys_area` VALUES ('542300', '540000', 2, '542300', '日喀则地区', 'rkzdq', 542300, 0, 1, NULL, '2016-07-20 00:00:00', NULL, NULL, NULL, NULL, NULL);
INSERT INTO `sys_area` VALUES ('542400', '540000', 2, '542400', '那曲地区', 'nqdq', 542400, 0, 1, NULL, '2016-07-20 00:00:00', NULL, NULL, NULL, NULL, NULL);
INSERT INTO `sys_area` VALUES ('542500', '540000', 2, '542500', '阿里地区', 'aldq', 542500, 0, 1, NULL, '2016-07-20 00:00:00', NULL, NULL, NULL, NULL, NULL);
INSERT INTO `sys_area` VALUES ('542600', '540000', 2, '542600', '林芝地区', 'lzdq', 542600, 0, 1, NULL, '2016-07-20 00:00:00', NULL, NULL, NULL, NULL, NULL);
INSERT INTO `sys_area` VALUES ('610000', '0', 1, '610000', '陕西省', 'sxs', 610000, 0, 1, NULL, '2016-07-20 00:00:00', NULL, NULL, NULL, NULL, NULL);
INSERT INTO `sys_area` VALUES ('610100', '610000', 2, '610100', '西安市', 'xas', 610100, 0, 1, NULL, '2016-07-20 00:00:00', NULL, NULL, NULL, NULL, NULL);
INSERT INTO `sys_area` VALUES ('610200', '610000', 2, '610200', '铜川市', 'tcs', 610200, 0, 1, NULL, '2016-07-20 00:00:00', NULL, NULL, NULL, NULL, NULL);
INSERT INTO `sys_area` VALUES ('610300', '610000', 2, '610300', '宝鸡市', 'bjs', 610300, 0, 1, NULL, '2016-07-20 00:00:00', NULL, NULL, NULL, NULL, NULL);
INSERT INTO `sys_area` VALUES ('610400', '610000', 2, '610400', '咸阳市', 'xys', 610400, 0, 1, NULL, '2016-07-20 00:00:00', NULL, NULL, NULL, NULL, NULL);
INSERT INTO `sys_area` VALUES ('610500', '610000', 2, '610500', '渭南市', 'wns', 610500, 0, 1, NULL, '2016-07-20 00:00:00', NULL, NULL, NULL, NULL, NULL);
INSERT INTO `sys_area` VALUES ('610600', '610000', 2, '610600', '延安市', 'yas', 610600, 0, 1, NULL, '2016-07-20 00:00:00', NULL, NULL, NULL, NULL, NULL);
INSERT INTO `sys_area` VALUES ('610700', '610000', 2, '610700', '汉中市', 'hzs', 610700, 0, 1, NULL, '2016-07-20 00:00:00', NULL, NULL, NULL, NULL, NULL);
INSERT INTO `sys_area` VALUES ('610800', '610000', 2, '610800', '榆林市', 'yls', 610800, 0, 1, NULL, '2016-07-20 00:00:00', NULL, NULL, NULL, NULL, NULL);
INSERT INTO `sys_area` VALUES ('610900', '610000', 2, '610900', '安康市', 'aks', 610900, 0, 1, NULL, '2016-07-20 00:00:00', NULL, NULL, NULL, NULL, NULL);
INSERT INTO `sys_area` VALUES ('611000', '610000', 2, '611000', '商洛市', 'sls', 611000, 0, 1, NULL, '2016-07-20 00:00:00', NULL, NULL, NULL, NULL, NULL);
INSERT INTO `sys_area` VALUES ('620000', '0', 1, '620000', '甘肃省', 'gss', 620000, 0, 1, NULL, '2016-07-20 00:00:00', NULL, NULL, NULL, NULL, NULL);
INSERT INTO `sys_area` VALUES ('620100', '620000', 2, '620100', '兰州市', 'lzs', 620100, 0, 1, NULL, '2016-07-20 00:00:00', NULL, NULL, NULL, NULL, NULL);
INSERT INTO `sys_area` VALUES ('620200', '620000', 2, '620200', '嘉峪关市', 'jygs', 620200, 0, 1, NULL, '2016-07-20 00:00:00', NULL, NULL, NULL, NULL, NULL);
INSERT INTO `sys_area` VALUES ('620300', '620000', 2, '620300', '金昌市', 'jcs', 620300, 0, 1, NULL, '2016-07-20 00:00:00', NULL, NULL, NULL, NULL, NULL);
INSERT INTO `sys_area` VALUES ('620400', '620000', 2, '620400', '白银市', 'bys', 620400, 0, 1, NULL, '2016-07-20 00:00:00', NULL, NULL, NULL, NULL, NULL);
INSERT INTO `sys_area` VALUES ('620500', '620000', 2, '620500', '天水市', 'tss', 620500, 0, 1, NULL, '2016-07-20 00:00:00', NULL, NULL, NULL, NULL, NULL);
INSERT INTO `sys_area` VALUES ('620600', '620000', 2, '620600', '武威市', 'wws', 620600, 0, 1, NULL, '2016-07-20 00:00:00', NULL, NULL, NULL, NULL, NULL);
INSERT INTO `sys_area` VALUES ('620700', '620000', 2, '620700', '张掖市', 'zys', 620700, 0, 1, NULL, '2016-07-20 00:00:00', NULL, NULL, NULL, NULL, NULL);
INSERT INTO `sys_area` VALUES ('620800', '620000', 2, '620800', '平凉市', 'pls', 620800, 0, 1, NULL, '2016-07-20 00:00:00', NULL, NULL, NULL, NULL, NULL);
INSERT INTO `sys_area` VALUES ('620900', '620000', 2, '620900', '酒泉市', 'jqs', 620900, 0, 1, NULL, '2016-07-20 00:00:00', NULL, NULL, NULL, NULL, NULL);
INSERT INTO `sys_area` VALUES ('621000', '620000', 2, '621000', '庆阳市', 'qys', 621000, 0, 1, NULL, '2016-07-20 00:00:00', NULL, NULL, NULL, NULL, NULL);
INSERT INTO `sys_area` VALUES ('621100', '620000', 2, '621100', '定西市', 'dxs', 621100, 0, 1, NULL, '2016-07-20 00:00:00', NULL, NULL, NULL, NULL, NULL);
INSERT INTO `sys_area` VALUES ('621200', '620000', 2, '621200', '陇南市', 'lns', 621200, 0, 1, NULL, '2016-07-20 00:00:00', NULL, NULL, NULL, NULL, NULL);
INSERT INTO `sys_area` VALUES ('622900', '620000', 2, '622900', '临夏回族自治州', 'lxhzzzz', 622900, 0, 1, NULL, '2016-07-20 00:00:00', NULL, NULL, NULL, NULL, NULL);
INSERT INTO `sys_area` VALUES ('623000', '620000', 2, '623000', '甘南藏族自治州', 'gnzzzzz', 623000, 0, 1, NULL, '2016-07-20 00:00:00', NULL, NULL, NULL, NULL, NULL);
INSERT INTO `sys_area` VALUES ('630000', '0', 1, '630000', '青海省', 'qhs', 630000, 0, 1, NULL, '2016-07-20 00:00:00', NULL, NULL, NULL, NULL, NULL);
INSERT INTO `sys_area` VALUES ('630100', '630000', 2, '630100', '西宁市', 'xns', 630100, 0, 1, NULL, '2016-07-20 00:00:00', NULL, NULL, NULL, NULL, NULL);
INSERT INTO `sys_area` VALUES ('632100', '630000', 2, '632100', '海东市', 'hds', 632100, 0, 1, NULL, '2016-07-20 00:00:00', NULL, NULL, NULL, NULL, NULL);
INSERT INTO `sys_area` VALUES ('632200', '630000', 2, '632200', '海北藏族自治州', 'hbzzzzz', 632200, 0, 1, NULL, '2016-07-20 00:00:00', NULL, NULL, NULL, NULL, NULL);
INSERT INTO `sys_area` VALUES ('632300', '630000', 2, '632300', '黄南藏族自治州', 'hnzzzzz', 632300, 0, 1, NULL, '2016-07-20 00:00:00', NULL, NULL, NULL, NULL, NULL);
INSERT INTO `sys_area` VALUES ('632500', '630000', 2, '632500', '海南藏族自治州', 'hnzzzzz', 632500, 0, 1, NULL, '2016-07-20 00:00:00', NULL, NULL, NULL, NULL, NULL);
INSERT INTO `sys_area` VALUES ('632600', '630000', 2, '632600', '果洛藏族自治州', 'glzzzzz', 632600, 0, 1, NULL, '2016-07-20 00:00:00', NULL, NULL, NULL, NULL, NULL);
INSERT INTO `sys_area` VALUES ('632700', '630000', 2, '632700', '玉树藏族自治州', 'yszzzzz', 632700, 0, 1, NULL, '2016-07-20 00:00:00', NULL, NULL, NULL, NULL, NULL);
INSERT INTO `sys_area` VALUES ('632800', '630000', 2, '632800', '海西蒙古族藏族自治州', 'hxmgzzzzzz', 632800, 0, 1, NULL, '2016-07-20 00:00:00', NULL, NULL, NULL, NULL, NULL);
INSERT INTO `sys_area` VALUES ('640000', '0', 1, '640000', '宁夏回族自治区', 'nxhzzzq', 640000, 0, 1, NULL, '2016-07-20 00:00:00', NULL, NULL, NULL, NULL, NULL);
INSERT INTO `sys_area` VALUES ('640100', '640000', 2, '640100', '银川市', 'ycs', 640100, 0, 1, NULL, '2016-07-20 00:00:00', NULL, NULL, NULL, NULL, NULL);
INSERT INTO `sys_area` VALUES ('640200', '640000', 2, '640200', '石嘴山市', 'szss', 640200, 0, 1, NULL, '2016-07-20 00:00:00', NULL, NULL, NULL, NULL, NULL);
INSERT INTO `sys_area` VALUES ('640300', '640000', 2, '640300', '吴忠市', 'wzs', 640300, 0, 1, NULL, '2016-07-20 00:00:00', NULL, NULL, NULL, NULL, NULL);
INSERT INTO `sys_area` VALUES ('640400', '640000', 2, '640400', '固原市', 'gys', 640400, 0, 1, NULL, '2016-07-20 00:00:00', NULL, NULL, NULL, NULL, NULL);
INSERT INTO `sys_area` VALUES ('640500', '640000', 2, '640500', '中卫市', 'zws', 640500, 0, 1, NULL, '2016-07-20 00:00:00', NULL, NULL, NULL, NULL, NULL);
INSERT INTO `sys_area` VALUES ('650000', '0', 1, '650000', '新疆维吾尔自治区', 'xjwwezzq', 650000, 0, 1, NULL, '2016-07-20 00:00:00', NULL, NULL, NULL, NULL, NULL);
INSERT INTO `sys_area` VALUES ('650100', '650000', 2, '650100', '乌鲁木齐市', 'wlmqs', 650100, 0, 1, NULL, '2016-07-20 00:00:00', NULL, NULL, NULL, NULL, NULL);
INSERT INTO `sys_area` VALUES ('650200', '650000', 2, '650200', '克拉玛依市', 'klmys', 650200, 0, 1, NULL, '2016-07-20 00:00:00', NULL, NULL, NULL, NULL, NULL);
INSERT INTO `sys_area` VALUES ('652100', '650000', 2, '652100', '吐鲁番地区', 'tlfdq', 652100, 0, 1, NULL, '2016-07-20 00:00:00', NULL, NULL, NULL, NULL, NULL);
INSERT INTO `sys_area` VALUES ('652200', '650000', 2, '652200', '哈密地区', 'hmdq', 652200, 0, 1, NULL, '2016-07-20 00:00:00', NULL, NULL, NULL, NULL, NULL);
INSERT INTO `sys_area` VALUES ('652300', '650000', 2, '652300', '昌吉回族自治州', 'cjhzzzz', 652300, 0, 1, NULL, '2016-07-20 00:00:00', NULL, NULL, NULL, NULL, NULL);
INSERT INTO `sys_area` VALUES ('652700', '650000', 2, '652700', '博尔塔拉蒙古自治州', 'betlmgzzz', 652700, 0, 1, NULL, '2016-07-20 00:00:00', NULL, NULL, NULL, NULL, NULL);
INSERT INTO `sys_area` VALUES ('652800', '650000', 2, '652800', '巴音郭楞蒙古自治州', 'byglmgzzz', 652800, 0, 1, NULL, '2016-07-20 00:00:00', NULL, NULL, NULL, NULL, NULL);
INSERT INTO `sys_area` VALUES ('652900', '650000', 2, '652900', '阿克苏地区', 'aksdq', 652900, 0, 1, NULL, '2016-07-20 00:00:00', NULL, NULL, NULL, NULL, NULL);
INSERT INTO `sys_area` VALUES ('653000', '650000', 2, '653000', '克孜勒苏柯尔克孜自治州', 'kzlskekzzzz', 653000, 0, 1, NULL, '2016-07-20 00:00:00', NULL, NULL, NULL, NULL, NULL);
INSERT INTO `sys_area` VALUES ('653100', '650000', 2, '653100', '喀什地区', 'ksdq', 653100, 0, 1, NULL, '2016-07-20 00:00:00', NULL, NULL, NULL, NULL, NULL);
INSERT INTO `sys_area` VALUES ('653200', '650000', 2, '653200', '和田地区', 'htdq', 653200, 0, 1, NULL, '2016-07-20 00:00:00', NULL, NULL, NULL, NULL, NULL);
INSERT INTO `sys_area` VALUES ('654000', '650000', 2, '654000', '伊犁哈萨克自治州', 'ylhskzzz', 654000, 0, 1, NULL, '2016-07-20 00:00:00', NULL, NULL, NULL, NULL, NULL);
INSERT INTO `sys_area` VALUES ('654200', '650000', 2, '654200', '塔城地区', 'tcdq', 654200, 0, 1, NULL, '2016-07-20 00:00:00', NULL, NULL, NULL, NULL, NULL);
INSERT INTO `sys_area` VALUES ('654300', '650000', 2, '654300', '阿勒泰地区', 'altdq', 654300, 0, 1, NULL, '2016-07-20 00:00:00', NULL, NULL, NULL, NULL, NULL);
INSERT INTO `sys_area` VALUES ('810000', '0', 1, '810000', '香港特别行政区', 'xgtbxzq', 810000, 0, 1, NULL, '2016-07-20 00:00:00', NULL, NULL, NULL, NULL, NULL);
INSERT INTO `sys_area` VALUES ('810100', '810000', 2, '810100', '香港岛', 'xgd', 810100, 0, 1, NULL, '2016-07-20 00:00:00', NULL, NULL, NULL, NULL, NULL);
INSERT INTO `sys_area` VALUES ('810200', '810000', 2, '810200', '九龙', 'jl', 810200, 0, 1, NULL, '2016-07-20 00:00:00', NULL, NULL, NULL, NULL, NULL);
INSERT INTO `sys_area` VALUES ('810300', '810000', 2, '810300', '新界', 'xj', 810300, 0, 1, NULL, '2016-07-20 00:00:00', NULL, NULL, NULL, NULL, NULL);
INSERT INTO `sys_area` VALUES ('820000', '0', 1, '820000', '澳门特别行政区', 'amtbxzq', 820000, 0, 1, NULL, '2016-07-20 00:00:00', NULL, NULL, NULL, NULL, NULL);
INSERT INTO `sys_area` VALUES ('820100', '820000', 2, '820100', '澳门半岛', 'ambd', 820100, 0, 1, NULL, '2016-07-20 00:00:00', NULL, NULL, NULL, NULL, NULL);
INSERT INTO `sys_area` VALUES ('820300', '820000', 2, '820300', '路环岛', 'lhd', 820300, 0, 1, NULL, '2016-07-20 00:00:00', NULL, NULL, NULL, NULL, NULL);
INSERT INTO `sys_area` VALUES ('820400', '820000', 2, '820400', '凼仔岛', 'dzd', 820400, 0, 1, NULL, '2016-07-20 00:00:00', NULL, NULL, NULL, NULL, NULL);
INSERT INTO `sys_area` VALUES ('830000', '0', 1, '830000', '台湾省', 'tws', 830000, 0, 1, NULL, '2016-07-20 00:00:00', NULL, NULL, NULL, NULL, NULL);
INSERT INTO `sys_area` VALUES ('830100', '830000', 2, '830100', '台北市', 'tbs', 830100, 0, 1, NULL, '2016-07-20 00:00:00', NULL, NULL, NULL, NULL, NULL);
INSERT INTO `sys_area` VALUES ('830200', '830000', 2, '830200', '高雄市', 'gxs', 830200, 0, 1, NULL, '2016-07-20 00:00:00', NULL, NULL, NULL, NULL, NULL);
INSERT INTO `sys_area` VALUES ('830300', '830000', 2, '830300', '台南市', 'tns', 830300, 0, 1, NULL, '2016-07-20 00:00:00', NULL, NULL, NULL, NULL, NULL);
INSERT INTO `sys_area` VALUES ('830400', '830000', 2, '830400', '台中市', 'tzs', 830400, 0, 1, NULL, '2016-07-20 00:00:00', NULL, NULL, NULL, NULL, NULL);
INSERT INTO `sys_area` VALUES ('830500', '830000', 2, '830500', '南投县', 'ntx', 830500, 0, 1, NULL, '2016-07-20 00:00:00', NULL, NULL, NULL, NULL, NULL);
INSERT INTO `sys_area` VALUES ('830600', '830000', 2, '830600', '基隆市', 'jls', 830600, 0, 1, NULL, '2016-07-20 00:00:00', NULL, NULL, NULL, NULL, NULL);
INSERT INTO `sys_area` VALUES ('830700', '830000', 2, '830700', '新竹市', 'xzs', 830700, 0, 1, NULL, '2016-07-20 00:00:00', NULL, NULL, NULL, NULL, NULL);
INSERT INTO `sys_area` VALUES ('830800', '830000', 2, '830800', '嘉义市', 'jys', 830800, 0, 1, NULL, '2016-07-20 00:00:00', NULL, NULL, NULL, NULL, NULL);
INSERT INTO `sys_area` VALUES ('830900', '830000', 2, '830900', '宜兰县', 'ylx', 830900, 0, 1, NULL, '2016-07-20 00:00:00', NULL, NULL, NULL, NULL, NULL);
INSERT INTO `sys_area` VALUES ('831000', '830000', 2, '831000', '新竹县', 'xzx', 831000, 0, 1, NULL, '2016-07-20 00:00:00', NULL, NULL, NULL, NULL, NULL);
INSERT INTO `sys_area` VALUES ('831100', '830000', 2, '831100', '桃园县', 'tyx', 831100, 0, 1, NULL, '2016-07-20 00:00:00', NULL, NULL, NULL, NULL, NULL);
INSERT INTO `sys_area` VALUES ('831200', '830000', 2, '831200', '苗栗县', 'mlx', 831200, 0, 1, NULL, '2016-07-20 00:00:00', NULL, NULL, NULL, NULL, NULL);
INSERT INTO `sys_area` VALUES ('831300', '830000', 2, '831300', '彰化县', 'zhx', 831300, 0, 1, NULL, '2016-07-20 00:00:00', NULL, NULL, NULL, NULL, NULL);
INSERT INTO `sys_area` VALUES ('831400', '830000', 2, '831400', '嘉义县', 'jyx', 831400, 0, 1, NULL, '2016-07-20 00:00:00', NULL, NULL, NULL, NULL, NULL);
INSERT INTO `sys_area` VALUES ('831500', '830000', 2, '831500', '云林县', 'ylx', 831500, 0, 1, NULL, '2016-07-20 00:00:00', NULL, NULL, NULL, NULL, NULL);
INSERT INTO `sys_area` VALUES ('831600', '830000', 2, '831600', '屏东县', 'pdx', 831600, 0, 1, NULL, '2016-07-20 00:00:00', NULL, NULL, NULL, NULL, NULL);
INSERT INTO `sys_area` VALUES ('831700', '830000', 2, '831700', '台东县', 'tdx', 831700, 0, 1, NULL, '2016-07-20 00:00:00', NULL, NULL, NULL, NULL, NULL);
INSERT INTO `sys_area` VALUES ('831800', '830000', 2, '831800', '花莲县', 'hlx', 831800, 0, 1, NULL, '2016-07-20 00:00:00', NULL, NULL, NULL, NULL, NULL);
INSERT INTO `sys_area` VALUES ('831900', '830000', 2, '831900', '澎湖县', 'phx', 831900, 0, 1, NULL, '2016-07-20 00:00:00', NULL, NULL, NULL, NULL, NULL);
INSERT INTO `sys_area` VALUES ('832000', '830000', 2, '832000', '新北市', 'xbs', 832000, 0, 1, NULL, '2016-07-20 00:00:00', NULL, NULL, NULL, NULL, NULL);
INSERT INTO `sys_area` VALUES ('832100', '830000', 2, '832100', '台中县', 'tzx', 832100, 0, 1, NULL, '2016-07-20 00:00:00', NULL, NULL, NULL, NULL, NULL);
INSERT INTO `sys_area` VALUES ('832200', '830000', 2, '832200', '连江县', 'ljx', 832200, 0, 1, NULL, '2016-07-20 00:00:00', NULL, NULL, NULL, NULL, NULL);

-- ----------------------------
-- Table structure for sys_dbbackup
-- ----------------------------
DROP TABLE IF EXISTS `sys_dbbackup`;
CREATE TABLE `sys_dbbackup`  (
  `F_Id` varchar(50) CHARACTER SET utf8 COLLATE utf8_general_ci NOT NULL,
  `F_BackupType` varchar(50) CHARACTER SET utf8 COLLATE utf8_general_ci NULL DEFAULT NULL,
  `F_DbName` varchar(50) CHARACTER SET utf8 COLLATE utf8_general_ci NULL DEFAULT NULL,
  `F_FileName` varchar(50) CHARACTER SET utf8 COLLATE utf8_general_ci NULL DEFAULT NULL,
  `F_FileSize` varchar(50) CHARACTER SET utf8 COLLATE utf8_general_ci NULL DEFAULT NULL,
  `F_FilePath` varchar(500) CHARACTER SET utf8 COLLATE utf8_general_ci NULL DEFAULT NULL,
  `F_BackupTime` timestamp(0) NULL DEFAULT NULL,
  `F_SortCode` int(11) NULL DEFAULT NULL,
  `F_DeleteMark` tinyint(1) NULL DEFAULT NULL,
  `F_EnabledMark` tinyint(1) NULL DEFAULT NULL,
  `F_Description` varchar(500) CHARACTER SET utf8 COLLATE utf8_general_ci NULL DEFAULT NULL,
  `F_CreatorTime` timestamp(0) NULL DEFAULT NULL,
  `F_CreatorUserId` varchar(50) CHARACTER SET utf8 COLLATE utf8_general_ci NULL DEFAULT NULL,
  `F_LastModifyTime` timestamp(0) NULL DEFAULT NULL,
  `F_LastModifyUserId` varchar(50) CHARACTER SET utf8 COLLATE utf8_general_ci NULL DEFAULT NULL,
  `F_DeleteTime` timestamp(0) NULL DEFAULT NULL,
  `F_DeleteUserId` varchar(500) CHARACTER SET utf8 COLLATE utf8_general_ci NULL DEFAULT NULL,
  PRIMARY KEY (`F_Id`) USING BTREE
) ENGINE = InnoDB CHARACTER SET = utf8 COLLATE = utf8_general_ci ROW_FORMAT = Dynamic;

-- ----------------------------
-- Table structure for sys_filterip
-- ----------------------------
DROP TABLE IF EXISTS `sys_filterip`;
CREATE TABLE `sys_filterip`  (
  `F_Id` varchar(50) CHARACTER SET utf8 COLLATE utf8_general_ci NOT NULL,
  `F_Type` tinyint(1) NULL DEFAULT NULL,
  `F_StartIP` varchar(50) CHARACTER SET utf8 COLLATE utf8_general_ci NULL DEFAULT NULL,
  `F_EndIP` varchar(50) CHARACTER SET utf8 COLLATE utf8_general_ci NULL DEFAULT NULL,
  `F_SortCode` int(11) NULL DEFAULT NULL,
  `F_DeleteMark` tinyint(1) NULL DEFAULT NULL,
  `F_EnabledMark` tinyint(1) NULL DEFAULT NULL,
  `F_Description` varchar(500) CHARACTER SET utf8 COLLATE utf8_general_ci NULL DEFAULT NULL,
  `F_CreatorTime` timestamp(0) NULL DEFAULT NULL,
  `F_CreatorUserId` varchar(50) CHARACTER SET utf8 COLLATE utf8_general_ci NULL DEFAULT NULL,
  `F_LastModifyTime` timestamp(0) NULL DEFAULT NULL,
  `F_LastModifyUserId` varchar(50) CHARACTER SET utf8 COLLATE utf8_general_ci NULL DEFAULT NULL,
  `F_DeleteTime` timestamp(0) NULL DEFAULT NULL,
  `F_DeleteUserId` varchar(500) CHARACTER SET utf8 COLLATE utf8_general_ci NULL DEFAULT NULL,
  PRIMARY KEY (`F_Id`) USING BTREE
) ENGINE = InnoDB CHARACTER SET = utf8 COLLATE = utf8_general_ci ROW_FORMAT = Dynamic;

-- ----------------------------
-- Records of sys_filterip
-- ----------------------------
INSERT INTO `sys_filterip` VALUES ('4e035f2b-a03b-49b5-a38d-1c6d211a2a04', 1, '192.168.1.1', '192.168.1.10', NULL, 0, 0, '测试', '2016-07-18 17:51:06', NULL, '2020-04-20 16:39:09', '9f2ec079-7d0f-4fe2-90ab-8b09a8302aba', NULL, NULL);
INSERT INTO `sys_filterip` VALUES ('b3fbe66f-82cd-4f4a-ada3-61eb5a2d9eee', 0, '192.168.0.1', '192.168.0.255', NULL, 0, 0, NULL, '2016-07-18 17:52:47', NULL, '2020-04-16 14:57:58', '9f2ec079-7d0f-4fe2-90ab-8b09a8302aba', NULL, NULL);

-- ----------------------------
-- Table structure for sys_items
-- ----------------------------
DROP TABLE IF EXISTS `sys_items`;
CREATE TABLE `sys_items`  (
  `F_Id` varchar(50) CHARACTER SET utf8 COLLATE utf8_general_ci NOT NULL,
  `F_ParentId` varchar(50) CHARACTER SET utf8 COLLATE utf8_general_ci NULL DEFAULT NULL,
  `F_EnCode` varchar(50) CHARACTER SET utf8 COLLATE utf8_general_ci NULL DEFAULT NULL,
  `F_FullName` varchar(50) CHARACTER SET utf8 COLLATE utf8_general_ci NULL DEFAULT NULL,
  `F_IsTree` tinyint(1) NULL DEFAULT NULL,
  `F_Layers` int(11) NULL DEFAULT NULL,
  `F_SortCode` int(11) NULL DEFAULT NULL,
  `F_DeleteMark` tinyint(1) NULL DEFAULT NULL,
  `F_EnabledMark` tinyint(1) NULL DEFAULT NULL,
  `F_Description` varchar(500) CHARACTER SET utf8 COLLATE utf8_general_ci NULL DEFAULT NULL,
  `F_CreatorTime` timestamp(0) NULL DEFAULT NULL,
  `F_CreatorUserId` varchar(50) CHARACTER SET utf8 COLLATE utf8_general_ci NULL DEFAULT NULL,
  `F_LastModifyTime` timestamp(0) NULL DEFAULT NULL,
  `F_LastModifyUserId` varchar(50) CHARACTER SET utf8 COLLATE utf8_general_ci NULL DEFAULT NULL,
  `F_DeleteTime` timestamp(0) NULL DEFAULT NULL,
  `F_DeleteUserId` varchar(50) CHARACTER SET utf8 COLLATE utf8_general_ci NULL DEFAULT NULL,
  PRIMARY KEY (`F_Id`) USING BTREE,
  UNIQUE INDEX `IX_Sys_Items`(`F_EnCode`) USING BTREE COMMENT '唯一键'
) ENGINE = InnoDB CHARACTER SET = utf8 COLLATE = utf8_general_ci ROW_FORMAT = Dynamic;

-- ----------------------------
-- Records of sys_items
-- ----------------------------
INSERT INTO `sys_items` VALUES ('00F76465-DBBA-484A-B75C-E81DEE9313E6', '77070117-3F1A-41BA-BF81-B8B85BF10D5E', 'Education', '学历', 0, 2, 8, 0, 1, NULL, NULL, NULL, NULL, NULL, NULL, NULL);
INSERT INTO `sys_items` VALUES ('0DF5B725-5FB8-487F-B0E4-BC563A77EB04', '77070117-3F1A-41BA-BF81-B8B85BF10D5E', 'DbType', '数据库类型', 0, 2, 4, 0, 1, NULL, NULL, NULL, NULL, NULL, NULL, NULL);
INSERT INTO `sys_items` VALUES ('15023A4E-4856-44EB-BE71-36A106E2AA59', '77070117-3F1A-41BA-BF81-B8B85BF10D5E', '103', '民族', 0, 2, 14, 0, 1, NULL, NULL, NULL, NULL, NULL, NULL, NULL);
INSERT INTO `sys_items` VALUES ('2748F35F-4EE2-417C-A907-3453146AAF67', '77070117-3F1A-41BA-BF81-B8B85BF10D5E', 'Certificate', '证件名称', 0, 2, 7, 0, 1, NULL, NULL, NULL, NULL, NULL, NULL, NULL);
INSERT INTO `sys_items` VALUES ('77070117-3F1A-41BA-BF81-B8B85BF10D5E', '0', 'Sys_Items', '通用字典', 1, 1, 1, 0, 1, NULL, NULL, NULL, '2020-04-20 17:17:39', '9f2ec079-7d0f-4fe2-90ab-8b09a8302aba', NULL, NULL);
INSERT INTO `sys_items` VALUES ('8CEB2F71-026C-4FA6-9A61-378127AE7320', '77070117-3F1A-41BA-BF81-B8B85BF10D5E', '102', '生育', 0, 2, 13, 0, 1, NULL, NULL, NULL, NULL, NULL, NULL, NULL);
INSERT INTO `sys_items` VALUES ('954AB9A1-9928-4C6D-820A-FC1CDC85CDE0', '77070117-3F1A-41BA-BF81-B8B85BF10D5E', 'AuditState', '审核状态', 0, 2, 6, 0, 1, NULL, NULL, NULL, NULL, NULL, NULL, NULL);
INSERT INTO `sys_items` VALUES ('9a7079bd-0660-4549-9c2d-db5e8616619f', '77070117-3F1A-41BA-BF81-B8B85BF10D5E', 'DbLogType', '系统日志', 0, 2, 16, 0, 1, NULL, '2016-07-19 17:09:45', NULL, NULL, NULL, NULL, NULL);
INSERT INTO `sys_items` VALUES ('9EB4602B-BF9A-4710-9D80-C73CE89BEC5D', '77070117-3F1A-41BA-BF81-B8B85BF10D5E', 'OrganizeCategory', '机构分类', 0, 2, 2, 0, 1, NULL, NULL, NULL, '2020-04-28 09:07:08', '9f2ec079-7d0f-4fe2-90ab-8b09a8302aba', NULL, NULL);
INSERT INTO `sys_items` VALUES ('BDD797C3-2323-4868-9A63-C8CC3437AEAA', '77070117-3F1A-41BA-BF81-B8B85BF10D5E', '104', '性别', 0, 2, 15, 0, 1, NULL, NULL, NULL, NULL, NULL, NULL, NULL);
INSERT INTO `sys_items` VALUES ('D94E4DC1-C2FD-4D19-9D5D-3886D39900CE', '77070117-3F1A-41BA-BF81-B8B85BF10D5E', 'RoleType', '角色类型', 0, 2, 3, 0, 1, NULL, NULL, NULL, NULL, NULL, NULL, NULL);
INSERT INTO `sys_items` VALUES ('FA7537E2-1C64-4431-84BF-66158DD63269', '77070117-3F1A-41BA-BF81-B8B85BF10D5E', '101', '婚姻', 0, 2, 12, 0, 1, NULL, NULL, NULL, NULL, NULL, NULL, NULL);

-- ----------------------------
-- Table structure for sys_itemsdetail
-- ----------------------------
DROP TABLE IF EXISTS `sys_itemsdetail`;
CREATE TABLE `sys_itemsdetail`  (
  `F_Id` varchar(50) CHARACTER SET utf8 COLLATE utf8_general_ci NOT NULL,
  `F_ItemId` varchar(50) CHARACTER SET utf8 COLLATE utf8_general_ci NULL DEFAULT NULL,
  `F_ParentId` varchar(50) CHARACTER SET utf8 COLLATE utf8_general_ci NULL DEFAULT NULL,
  `F_ItemCode` varchar(50) CHARACTER SET utf8 COLLATE utf8_general_ci NULL DEFAULT NULL,
  `F_ItemName` varchar(50) CHARACTER SET utf8 COLLATE utf8_general_ci NULL DEFAULT NULL,
  `F_SimpleSpelling` varchar(500) CHARACTER SET utf8 COLLATE utf8_general_ci NULL DEFAULT NULL,
  `F_IsDefault` tinyint(1) NULL DEFAULT NULL,
  `F_Layers` int(11) NULL DEFAULT NULL,
  `F_SortCode` int(11) NULL DEFAULT NULL,
  `F_DeleteMark` tinyint(1) NULL DEFAULT NULL,
  `F_EnabledMark` tinyint(1) NULL DEFAULT NULL,
  `F_Description` varchar(500) CHARACTER SET utf8 COLLATE utf8_general_ci NULL DEFAULT NULL,
  `F_CreatorTime` timestamp(0) NULL DEFAULT NULL,
  `F_CreatorUserId` varchar(50) CHARACTER SET utf8 COLLATE utf8_general_ci NULL DEFAULT NULL,
  `F_LastModifyTime` timestamp(0) NULL DEFAULT NULL,
  `F_LastModifyUserId` varchar(50) CHARACTER SET utf8 COLLATE utf8_general_ci NULL DEFAULT NULL,
  `F_DeleteTime` timestamp(0) NULL DEFAULT NULL,
  `F_DeleteUserId` varchar(50) CHARACTER SET utf8 COLLATE utf8_general_ci NULL DEFAULT NULL,
  PRIMARY KEY (`F_Id`) USING BTREE,
  UNIQUE INDEX `IX_Sys_ItemsDetail`(`F_ItemId`, `F_ItemCode`) USING BTREE COMMENT '唯一键'
) ENGINE = InnoDB CHARACTER SET = utf8 COLLATE = utf8_general_ci ROW_FORMAT = Dynamic;

-- ----------------------------
-- Records of sys_itemsdetail
-- ----------------------------
INSERT INTO `sys_itemsdetail` VALUES ('0096ad81-4317-486e-9144-a6a02999ff19', '2748F35F-4EE2-417C-A907-3453146AAF67', NULL, '4', '护照', NULL, 0, NULL, 4, 0, 1, NULL, NULL, NULL, NULL, NULL, NULL, NULL);
INSERT INTO `sys_itemsdetail` VALUES ('04aba88d-f09b-46c6-bd90-a38471399b0e', 'D94E4DC1-C2FD-4D19-9D5D-3886D39900CE', NULL, '2', '业务角色', NULL, 0, NULL, 2, 0, 1, NULL, NULL, NULL, NULL, NULL, NULL, NULL);
INSERT INTO `sys_itemsdetail` VALUES ('1950efdf-8685-4341-8d2c-ac85ac7addd0', '00F76465-DBBA-484A-B75C-E81DEE9313E6', NULL, '1', '小学', NULL, 0, NULL, 1, 0, 1, NULL, NULL, NULL, NULL, NULL, NULL, NULL);
INSERT INTO `sys_itemsdetail` VALUES ('19EE595A-E775-409D-A48F-B33CF9F262C7', '9EB4602B-BF9A-4710-9D80-C73CE89BEC5D', NULL, 'WorkGroup', '小组', NULL, 0, NULL, 7, 0, 1, NULL, NULL, NULL, NULL, NULL, NULL, NULL);
INSERT INTO `sys_itemsdetail` VALUES ('24e39617-f04e-4f6f-9209-ad71e870e7c6', '9a7079bd-0660-4549-9c2d-db5e8616619f', NULL, 'Submit', '提交', NULL, 0, NULL, 7, 0, 1, NULL, '2016-07-19 17:11:19', NULL, '2016-07-19 18:20:54', NULL, NULL, NULL);
INSERT INTO `sys_itemsdetail` VALUES ('27e85cb8-04e7-447b-911d-dd1e97dfab83', '0DF5B725-5FB8-487F-B0E4-BC563A77EB04', NULL, 'Oracle', 'Oracle', NULL, 0, NULL, 2, 0, 1, NULL, NULL, NULL, NULL, NULL, NULL, NULL);
INSERT INTO `sys_itemsdetail` VALUES ('2B540AC5-6E64-4688-BB60-E0C01DFA982C', '9EB4602B-BF9A-4710-9D80-C73CE89BEC5D', NULL, 'SubCompany', '子公司', NULL, 0, NULL, 4, 0, 1, NULL, NULL, NULL, NULL, NULL, NULL, NULL);
INSERT INTO `sys_itemsdetail` VALUES ('2C3715AC-16F7-48FC-AB40-B0931DB1E729', '9EB4602B-BF9A-4710-9D80-C73CE89BEC5D', NULL, 'Area', '区域', NULL, 0, NULL, 2, 0, 1, NULL, NULL, NULL, NULL, NULL, NULL, NULL);
INSERT INTO `sys_itemsdetail` VALUES ('34222d46-e0c6-446e-8150-dbefc47a1d5f', '00F76465-DBBA-484A-B75C-E81DEE9313E6', NULL, '6', '本科', NULL, 0, NULL, 6, 0, 1, NULL, NULL, NULL, NULL, NULL, NULL, NULL);
INSERT INTO `sys_itemsdetail` VALUES ('34a642b2-44d4-485f-b3fc-6cce24f68b0f', '0DF5B725-5FB8-487F-B0E4-BC563A77EB04', NULL, 'MySql', 'MySql', NULL, 0, NULL, 3, 0, 1, NULL, NULL, NULL, NULL, NULL, NULL, NULL);
INSERT INTO `sys_itemsdetail` VALUES ('355ad7a4-c4f8-4bd3-9c72-ff07983da0f0', '00F76465-DBBA-484A-B75C-E81DEE9313E6', NULL, '9', '其他', NULL, 0, NULL, 9, 0, 1, NULL, NULL, NULL, NULL, NULL, NULL, NULL);
INSERT INTO `sys_itemsdetail` VALUES ('392f88a8-02c2-49eb-8aed-b2acf474272a', '9a7079bd-0660-4549-9c2d-db5e8616619f', NULL, 'Update', '修改', NULL, 0, NULL, 6, 0, 1, NULL, '2016-07-19 17:11:14', NULL, '2016-07-19 18:20:49', NULL, NULL, NULL);
INSERT INTO `sys_itemsdetail` VALUES ('3c884a03-4f34-4150-b134-966387f1de2a', '9a7079bd-0660-4549-9c2d-db5e8616619f', NULL, 'Exit', '退出', NULL, 0, NULL, 2, 0, 1, NULL, '2016-07-19 17:10:49', NULL, '2016-07-19 18:20:23', NULL, NULL, NULL);
INSERT INTO `sys_itemsdetail` VALUES ('3f280e2b-92f6-466c-8cc3-d7c8ff48cc8d', '00F76465-DBBA-484A-B75C-E81DEE9313E6', NULL, '7', '硕士', NULL, 0, NULL, 7, 0, 1, NULL, NULL, NULL, NULL, NULL, NULL, NULL);
INSERT INTO `sys_itemsdetail` VALUES ('41053517-215d-4e11-81cd-367c0e9578d7', '954AB9A1-9928-4C6D-820A-FC1CDC85CDE0', NULL, '3', '通过', NULL, 0, NULL, 3, 0, 1, NULL, NULL, NULL, NULL, NULL, NULL, NULL);
INSERT INTO `sys_itemsdetail` VALUES ('433511a9-78bd-41a0-ab25-e4d4b3423055', '00F76465-DBBA-484A-B75C-E81DEE9313E6', NULL, '2', '初中', NULL, 0, NULL, 2, 0, 1, NULL, NULL, NULL, NULL, NULL, NULL, NULL);
INSERT INTO `sys_itemsdetail` VALUES ('486a82e3-1950-425e-b2ce-b5d98f33016a', '00F76465-DBBA-484A-B75C-E81DEE9313E6', NULL, '5', '大专', NULL, 0, NULL, 5, 0, 1, NULL, NULL, NULL, NULL, NULL, NULL, NULL);
INSERT INTO `sys_itemsdetail` VALUES ('48c4e0f5-f570-4601-8946-6078762db3bf', '2748F35F-4EE2-417C-A907-3453146AAF67', NULL, '3', '军官证', NULL, 0, NULL, 3, 0, 1, NULL, NULL, NULL, NULL, NULL, NULL, NULL);
INSERT INTO `sys_itemsdetail` VALUES ('49300258-1227-4b85-b6a2-e948dbbe57a4', '15023A4E-4856-44EB-BE71-36A106E2AA59', NULL, '汉族', '汉族', NULL, 0, NULL, 1, 0, 1, NULL, NULL, NULL, NULL, NULL, NULL, NULL);
INSERT INTO `sys_itemsdetail` VALUES ('49b68663-ad01-4c43-b084-f98e3e23fee8', '954AB9A1-9928-4C6D-820A-FC1CDC85CDE0', NULL, '7', '废弃', NULL, 0, NULL, 7, 0, 1, NULL, NULL, NULL, NULL, NULL, NULL, NULL);
INSERT INTO `sys_itemsdetail` VALUES ('4c2f2428-2e00-4336-b9ce-5a61f24193f6', '2748F35F-4EE2-417C-A907-3453146AAF67', NULL, '2', '士兵证', NULL, 0, NULL, 2, 0, 1, NULL, NULL, NULL, NULL, NULL, NULL, NULL);
INSERT INTO `sys_itemsdetail` VALUES ('582e0b66-2ee9-4885-9f0c-3ce3ebf96e12', '8CEB2F71-026C-4FA6-9A61-378127AE7320', NULL, '1', '已育', NULL, 0, NULL, 1, 0, 1, NULL, NULL, NULL, NULL, NULL, NULL, NULL);
INSERT INTO `sys_itemsdetail` VALUES ('5d6def0e-e2a7-48eb-b43c-cc3631f60dd7', 'BDD797C3-2323-4868-9A63-C8CC3437AEAA', NULL, '1', '男', NULL, 0, NULL, 1, 0, 1, NULL, NULL, NULL, NULL, NULL, NULL, NULL);
INSERT INTO `sys_itemsdetail` VALUES ('63acf96d-6115-4d76-a994-438f59419aad', '954AB9A1-9928-4C6D-820A-FC1CDC85CDE0', NULL, '5', '退回', NULL, 0, NULL, 5, 0, 1, NULL, NULL, NULL, NULL, NULL, NULL, NULL);
INSERT INTO `sys_itemsdetail` VALUES ('643209c8-931b-4641-9e04-b8bdd11800af', '9a7079bd-0660-4549-9c2d-db5e8616619f', NULL, 'Login', '登录', NULL, 0, NULL, 1, 0, 1, NULL, '2016-07-19 17:10:39', NULL, '2016-07-19 18:20:17', NULL, NULL, NULL);
INSERT INTO `sys_itemsdetail` VALUES ('738edf2a-d59f-4992-97ef-d847db23bcb8', 'FA7537E2-1C64-4431-84BF-66158DD63269', NULL, '1', '已婚', NULL, 0, NULL, 1, 0, 1, NULL, NULL, NULL, NULL, NULL, NULL, NULL);
INSERT INTO `sys_itemsdetail` VALUES ('795f2695-497a-4f5e-ab1d-706095c1edb9', '9a7079bd-0660-4549-9c2d-db5e8616619f', NULL, 'Other', '其他', NULL, 0, NULL, 0, 0, 1, NULL, '2016-07-19 17:10:33', NULL, '2016-07-19 18:20:09', NULL, NULL, NULL);
INSERT INTO `sys_itemsdetail` VALUES ('7a6d1bc4-3ec7-4c57-be9b-b4c97d60d5f6', '954AB9A1-9928-4C6D-820A-FC1CDC85CDE0', NULL, '1', '草稿', NULL, 0, NULL, 1, 0, 1, NULL, NULL, NULL, NULL, NULL, NULL, NULL);
INSERT INTO `sys_itemsdetail` VALUES ('7c1135be-0148-43eb-ae49-62a1e16ebbe3', 'FA7537E2-1C64-4431-84BF-66158DD63269', NULL, '5', '其他', NULL, 0, NULL, 5, 0, 1, NULL, NULL, NULL, NULL, NULL, NULL, NULL);
INSERT INTO `sys_itemsdetail` VALUES ('7fc8fa11-4acf-409a-a771-aaf1eb81e814', '9a7079bd-0660-4549-9c2d-db5e8616619f', NULL, 'Exception', '异常', NULL, 0, NULL, 8, 0, 1, NULL, '2016-07-19 17:11:25', NULL, '2016-07-19 18:21:01', NULL, NULL, NULL);
INSERT INTO `sys_itemsdetail` VALUES ('822baf7c-abdb-4257-9b78-1f550806f544', 'BDD797C3-2323-4868-9A63-C8CC3437AEAA', NULL, '0', '女', NULL, 0, NULL, 2, 0, 1, NULL, NULL, NULL, NULL, NULL, NULL, NULL);
INSERT INTO `sys_itemsdetail` VALUES ('8b7b38bf-07c5-4f71-a853-41c5add4a94e', '954AB9A1-9928-4C6D-820A-FC1CDC85CDE0', NULL, '6', '完成', NULL, 0, NULL, 6, 0, 1, NULL, NULL, NULL, NULL, NULL, NULL, NULL);
INSERT INTO `sys_itemsdetail` VALUES ('930b8de2-049f-4753-b9fd-87f484911ee4', '00F76465-DBBA-484A-B75C-E81DEE9313E6', NULL, '8', '博士', NULL, 0, NULL, 8, 0, 1, NULL, NULL, NULL, NULL, NULL, NULL, NULL);
INSERT INTO `sys_itemsdetail` VALUES ('9b6a2225-6138-4cf2-9845-1bbecdf9b3ed', '8CEB2F71-026C-4FA6-9A61-378127AE7320', NULL, '3', '其他', NULL, 0, NULL, 3, 0, 1, NULL, NULL, NULL, NULL, NULL, NULL, NULL);
INSERT INTO `sys_itemsdetail` VALUES ('a13ccf0d-ac8f-44ac-a522-4a54edf1f0fa', '9a7079bd-0660-4549-9c2d-db5e8616619f', NULL, 'Delete', '删除', NULL, 0, NULL, 5, 0, 1, NULL, '2016-07-19 17:11:09', NULL, '2016-07-19 18:20:43', NULL, NULL, NULL);
INSERT INTO `sys_itemsdetail` VALUES ('a4974810-d88d-4d54-82cc-fd779875478f', '00F76465-DBBA-484A-B75C-E81DEE9313E6', NULL, '4', '中专', NULL, 0, NULL, 4, 0, 1, NULL, NULL, NULL, NULL, NULL, NULL, NULL);
INSERT INTO `sys_itemsdetail` VALUES ('A64EBB80-6A24-48AF-A10E-B6A532C32CA6', '9EB4602B-BF9A-4710-9D80-C73CE89BEC5D', NULL, 'Department', '部门', NULL, 0, NULL, 5, 0, 1, NULL, NULL, NULL, NULL, NULL, NULL, NULL);
INSERT INTO `sys_itemsdetail` VALUES ('a6f271f9-8653-4c5c-86cf-4cd00324b3c3', 'FA7537E2-1C64-4431-84BF-66158DD63269', NULL, '4', '丧偶', NULL, 0, NULL, 4, 0, 1, NULL, NULL, NULL, NULL, NULL, NULL, NULL);
INSERT INTO `sys_itemsdetail` VALUES ('a7c4aba2-a891-4558-9b0a-bd7a1100a645', 'FA7537E2-1C64-4431-84BF-66158DD63269', NULL, '2', '未婚', NULL, 0, NULL, 2, 0, 1, NULL, NULL, NULL, NULL, NULL, NULL, NULL);
INSERT INTO `sys_itemsdetail` VALUES ('acb128a6-ff63-4e25-b1e8-0a336ed3ab18', '00F76465-DBBA-484A-B75C-E81DEE9313E6', NULL, '3', '高中', NULL, 0, NULL, 3, 0, 1, NULL, NULL, NULL, NULL, NULL, NULL, NULL);
INSERT INTO `sys_itemsdetail` VALUES ('ace2d5e8-56d4-4c8b-8409-34bc272df404', '2748F35F-4EE2-417C-A907-3453146AAF67', NULL, '5', '其它', NULL, 0, NULL, 5, 0, 1, NULL, NULL, NULL, NULL, NULL, NULL, NULL);
INSERT INTO `sys_itemsdetail` VALUES ('B97BD7F5-B212-40C1-A1F7-DD9A2E63EEF2', '9EB4602B-BF9A-4710-9D80-C73CE89BEC5D', NULL, 'Group', '集团', NULL, 0, NULL, 1, 0, 1, NULL, NULL, NULL, NULL, NULL, NULL, NULL);
INSERT INTO `sys_itemsdetail` VALUES ('cc6daa5c-a71c-4b2c-9a98-336bc3ee13c8', 'D94E4DC1-C2FD-4D19-9D5D-3886D39900CE', NULL, '3', '其他角色', NULL, 0, NULL, 3, 0, 1, NULL, NULL, NULL, NULL, NULL, NULL, NULL);
INSERT INTO `sys_itemsdetail` VALUES ('ccc8e274-75da-4eb8-bed0-69008ab7c41c', '9a7079bd-0660-4549-9c2d-db5e8616619f', NULL, 'Visit', '访问', NULL, 0, NULL, 3, 0, 1, NULL, '2016-07-19 17:10:55', NULL, '2016-07-19 18:20:29', NULL, NULL, NULL);
INSERT INTO `sys_itemsdetail` VALUES ('ce340c73-5048-4940-b86e-e3b3d53fdb2c', '954AB9A1-9928-4C6D-820A-FC1CDC85CDE0', NULL, '2', '提交', NULL, 0, NULL, 2, 0, 1, NULL, NULL, NULL, NULL, NULL, NULL, NULL);
INSERT INTO `sys_itemsdetail` VALUES ('D082BDB9-5C34-49BF-BD51-4E85D7BFF646', '9EB4602B-BF9A-4710-9D80-C73CE89BEC5D', NULL, 'Company', '公司', NULL, 0, NULL, 3, 0, 1, NULL, NULL, NULL, NULL, NULL, NULL, NULL);
INSERT INTO `sys_itemsdetail` VALUES ('D1F439B9-D80E-4547-9EF0-163391854AB5', '9EB4602B-BF9A-4710-9D80-C73CE89BEC5D', NULL, 'SubDepartment', '子部门', NULL, 0, NULL, 6, 0, 1, NULL, NULL, NULL, NULL, NULL, NULL, NULL);
INSERT INTO `sys_itemsdetail` VALUES ('d69cb819-2bb3-4e1d-9917-33b9a439233d', '2748F35F-4EE2-417C-A907-3453146AAF67', NULL, '1', '身份证', NULL, 0, NULL, 1, 0, 1, NULL, NULL, NULL, NULL, NULL, NULL, NULL);
INSERT INTO `sys_itemsdetail` VALUES ('de2167f3-40fe-4bf7-b8cb-5b1c554bad7a', '8CEB2F71-026C-4FA6-9A61-378127AE7320', NULL, '2', '未育', NULL, 0, NULL, 2, 0, 1, NULL, NULL, NULL, NULL, NULL, NULL, NULL);
INSERT INTO `sys_itemsdetail` VALUES ('e1979a4f-7fc1-42b9-a0e2-52d7059e8fb9', '954AB9A1-9928-4C6D-820A-FC1CDC85CDE0', NULL, '4', '待审', NULL, 0, NULL, 4, 0, 1, NULL, NULL, NULL, NULL, NULL, NULL, NULL);
INSERT INTO `sys_itemsdetail` VALUES ('e5079bae-a8c0-4209-9019-6a2b4a3a7dac', 'D94E4DC1-C2FD-4D19-9D5D-3886D39900CE', NULL, '1', '系统角色', NULL, 0, NULL, 1, 0, 1, NULL, NULL, NULL, '2020-04-20 17:06:53', '9f2ec079-7d0f-4fe2-90ab-8b09a8302aba', NULL, NULL);
INSERT INTO `sys_itemsdetail` VALUES ('e545061c-93fd-4ca2-ab29-b43db9db798b', '9a7079bd-0660-4549-9c2d-db5e8616619f', NULL, 'Create', '新增', NULL, 0, NULL, 4, 0, 1, NULL, '2016-07-19 17:11:03', NULL, '2016-07-19 18:20:35', NULL, NULL, NULL);
INSERT INTO `sys_itemsdetail` VALUES ('f9609400-7caf-49af-ae3c-7671a9292fb3', 'FA7537E2-1C64-4431-84BF-66158DD63269', NULL, '3', '离异', NULL, 0, NULL, 3, 0, 1, NULL, NULL, NULL, NULL, NULL, NULL, NULL);
INSERT INTO `sys_itemsdetail` VALUES ('fa6c1873-888c-4b70-a2cc-59fccbb22078', '0DF5B725-5FB8-487F-B0E4-BC563A77EB04', NULL, 'SqlServer', 'SqlServer', NULL, 0, NULL, 1, 0, 1, NULL, NULL, NULL, NULL, NULL, NULL, NULL);

-- ----------------------------
-- Table structure for sys_log
-- ----------------------------
DROP TABLE IF EXISTS `sys_log`;
CREATE TABLE `sys_log`  (
  `F_Id` varchar(50) CHARACTER SET utf8 COLLATE utf8_general_ci NOT NULL,
  `F_Date` timestamp(0) NULL DEFAULT NULL,
  `F_Account` varchar(50) CHARACTER SET utf8 COLLATE utf8_general_ci NULL DEFAULT NULL,
  `F_NickName` varchar(50) CHARACTER SET utf8 COLLATE utf8_general_ci NULL DEFAULT NULL,
  `F_Type` varchar(50) CHARACTER SET utf8 COLLATE utf8_general_ci NULL DEFAULT NULL,
  `F_IPAddress` varchar(50) CHARACTER SET utf8 COLLATE utf8_general_ci NULL DEFAULT NULL,
  `F_IPAddressName` varchar(50) CHARACTER SET utf8 COLLATE utf8_general_ci NULL DEFAULT NULL,
  `F_ModuleId` varchar(50) CHARACTER SET utf8 COLLATE utf8_general_ci NULL DEFAULT NULL,
  `F_ModuleName` varchar(50) CHARACTER SET utf8 COLLATE utf8_general_ci NULL DEFAULT NULL,
  `F_Result` tinyint(1) NULL DEFAULT NULL,
  `F_Description` varchar(500) CHARACTER SET utf8 COLLATE utf8_general_ci NULL DEFAULT NULL,
  `F_CreatorTime` timestamp(0) NULL DEFAULT NULL,
  `F_CreatorUserId` varchar(50) CHARACTER SET utf8 COLLATE utf8_general_ci NULL DEFAULT NULL,
  `F_KeyValue` varchar(50) CHARACTER SET utf8 COLLATE utf8_general_ci NULL DEFAULT NULL,
  PRIMARY KEY (`F_Id`) USING BTREE
) ENGINE = InnoDB CHARACTER SET = utf8 COLLATE = utf8_general_ci ROW_FORMAT = Dynamic;

-- ----------------------------
-- Records of sys_log
-- ----------------------------
INSERT INTO `sys_log` VALUES ('004681c2-f051-496e-be21-4a29cf40cc09', '2020-04-27 16:49:31', 'admin', '超级管理员', 'Login', '192.168.1.117', '本地局域网', NULL, '系统登录', 1, '登录成功', '2020-04-27 16:49:31', NULL, NULL);
INSERT INTO `sys_log` VALUES ('00b944fe-e6d3-465c-a637-8081308a6a5c', '2020-05-21 15:05:49', 'admin', '超级管理员', 'Update', '192.168.1.117', '本地局域网', NULL, '系统管理', 1, '系统菜单操作,修改操作成功', '2020-05-21 15:05:49', '9f2ec079-7d0f-4fe2-90ab-8b09a8302aba', '152a8e93-cebb-4574-ae74-2a86595ff986');
INSERT INTO `sys_log` VALUES ('00b9d444-88ce-49a8-aacf-cfa95b4c5005', '2020-04-17 10:34:16', '10010', '10010', 'Login', '192.168.1.117', '本地局域网', NULL, '系统登录', 0, '登录失败，可为空的对象必须具有一个值。', '2020-04-17 10:34:28', NULL, NULL);
INSERT INTO `sys_log` VALUES ('00e2c94c-8290-477a-89d2-3b7447c7e1f5', '2020-04-17 13:41:15', '10000', '2222', 'Exit', '192.168.1.117', '本地局域网', NULL, '系统登录', 1, '安全退出系统', '2020-04-17 13:41:15', 'ac7610db-b66e-4f57-916c-c7ea0a4b84c9', NULL);
INSERT INTO `sys_log` VALUES ('01988474-fdae-4090-938e-405ef14f48a5', '2020-04-28 09:55:07', 'admin', '超级管理员', 'Update', '192.168.1.117', '本地局域网', NULL, '系统管理', 1, '菜单按钮操作,修改操作成功', '2020-04-28 09:55:07', '9f2ec079-7d0f-4fe2-90ab-8b09a8302aba', '43e09a61-c2b0-46c1-9b81-76d686b390d4');
INSERT INTO `sys_log` VALUES ('021da30b-d40d-4428-95d4-f6368b0af6d0', '2020-04-14 08:25:45', 'admin', '超级管理员', 'Login', '117.81.192.182', '江苏省苏州市 电信', NULL, '系统登录', 1, '登录成功', '2020-04-14 08:25:45', '9f2ec079-7d0f-4fe2-90ab-8b09a8302aba', NULL);
INSERT INTO `sys_log` VALUES ('0233641b-e71a-4377-94e2-102d58d8cb8b', '2020-04-20 16:25:08', 'admin', '超级管理员', 'Login', '192.168.1.117', '本地局域网', NULL, '系统登录', 1, '登录成功', '2020-04-20 16:25:08', '9f2ec079-7d0f-4fe2-90ab-8b09a8302aba', NULL);
INSERT INTO `sys_log` VALUES ('028ec01a-abeb-4193-8f1f-4467cb214d87', '2020-05-21 15:15:11', 'admin', '超级管理员', 'Update', '192.168.1.117', '本地局域网', NULL, '系统管理', 1, '菜单按钮操作,修改操作成功', '2020-05-21 15:15:11', '9f2ec079-7d0f-4fe2-90ab-8b09a8302aba', 'd1086ccf-e605-44a4-9777-629810cec02d');
INSERT INTO `sys_log` VALUES ('04192d10-aa4c-4562-9236-d2fed197bd11', '2020-05-12 14:09:15', 'admin', '超级管理员', 'Delete', '192.168.99.1', '本地局域网', NULL, '系统管理', 1, '菜单按钮操作,删除操作成功', '2020-05-12 14:09:15', '9f2ec079-7d0f-4fe2-90ab-8b09a8302aba', NULL);
INSERT INTO `sys_log` VALUES ('04491b36-6e16-48c8-a420-9dd171e131d8', '2020-04-17 10:33:52', 'admin', '超级管理员', 'Exit', '192.168.1.117', '本地局域网', NULL, '系统登录', 1, '安全退出系统', '2020-04-17 10:33:52', '9f2ec079-7d0f-4fe2-90ab-8b09a8302aba', NULL);
INSERT INTO `sys_log` VALUES ('044cd8b1-86e6-4bb1-8168-aea24dea841b', '2020-05-12 12:36:18', 'admin', '超级管理员', 'Create', '192.168.99.1', '本地局域网', NULL, '系统管理', 1, '菜单按钮操作,新增克隆成功', '2020-05-12 12:36:18', '9f2ec079-7d0f-4fe2-90ab-8b09a8302aba', NULL);
INSERT INTO `sys_log` VALUES ('04596db6-c09c-4601-a0ca-aa468e2f3112', '2020-05-08 16:01:53', 'admin', '超级管理员', 'Delete', '192.168.99.1', '本地局域网', NULL, '系统管理', 1, '菜单按钮操作,删除操作成功', '2020-05-08 16:01:53', '9f2ec079-7d0f-4fe2-90ab-8b09a8302aba', NULL);
INSERT INTO `sys_log` VALUES ('05ac7eec-3b15-4cb3-ae8a-f682d6f9b7af', '2020-04-17 14:41:28', 'admin', '超级管理员', 'Update', '192.168.1.117', '本地局域网', NULL, '系统管理', 1, '角色管理操作,修改操作成功', '2020-04-17 14:41:28', '9f2ec079-7d0f-4fe2-90ab-8b09a8302aba', 'd71324b7-e7eb-47b2-bdea-f0293d36bb7f');
INSERT INTO `sys_log` VALUES ('06578e44-f170-494a-b5cf-700fd2214511', '2020-05-26 17:31:10', 'admin', '超级管理员', 'Update', '192.168.1.117', '本地局域网', NULL, '系统安全', 1, '定时任务操作,修改操作成功', '2020-05-26 17:31:10', '9f2ec079-7d0f-4fe2-90ab-8b09a8302aba', '1d9ffe9c-4c59-4431-8539-4c5ea364237e');
INSERT INTO `sys_log` VALUES ('067fed49-faed-4f9c-bd9d-3e45f508ddac', '2020-04-28 08:36:27', 'admin', '超级管理员', 'Login', '192.168.1.117', '本地局域网', NULL, '系统登录', 1, '登录成功', '2020-04-28 08:36:27', '9f2ec079-7d0f-4fe2-90ab-8b09a8302aba', NULL);
INSERT INTO `sys_log` VALUES ('06bd8ed4-658c-49de-9cdc-391f9477371a', '2020-04-20 14:34:36', 'admin', '超级管理员', 'Update', '192.168.1.117', '本地局域网', NULL, '系统管理', 1, '系统菜单操作,修改操作成功', '2020-04-20 14:34:36', '9f2ec079-7d0f-4fe2-90ab-8b09a8302aba', '7e4e4a48-4d51-4159-a113-2a211186f13a');
INSERT INTO `sys_log` VALUES ('073065f7-6061-4aed-ad33-76f2fddde9a0', '2020-05-04 11:36:18', 'admin', '超级管理员', 'Login', '192.168.99.1', '本地局域网', NULL, '系统登录', 1, '登录成功', '2020-05-04 11:36:18', NULL, NULL);
INSERT INTO `sys_log` VALUES ('076b4ca4-dbb3-4439-a8fb-01d7bab8eae6', '2020-04-17 14:46:24', 'admin', '超级管理员', 'Exit', '192.168.1.117', '本地局域网', NULL, '系统登录', 1, '安全退出系统', '2020-04-17 14:46:24', '9f2ec079-7d0f-4fe2-90ab-8b09a8302aba', NULL);
INSERT INTO `sys_log` VALUES ('07bb9dc1-5510-4f49-9f68-e9fef3df9da4', '2020-05-26 17:35:28', 'admin', '超级管理员', 'Update', '192.168.1.117', '本地局域网', NULL, '系统安全', 1, '定时任务操作,修改操作成功', '2020-05-26 17:35:28', '9f2ec079-7d0f-4fe2-90ab-8b09a8302aba', '1d9ffe9c-4c59-4431-8539-4c5ea364237e');
INSERT INTO `sys_log` VALUES ('07de573f-44fb-469c-86d2-289079e698de', '2020-05-20 15:40:56', 'admin', '超级管理员', 'Update', '192.168.1.117', '本地局域网', NULL, '系统管理', 1, '用户管理操作,修改重置密码成功', '2020-05-20 15:40:56', '9f2ec079-7d0f-4fe2-90ab-8b09a8302aba', 'ac7610db-b66e-4f57-916c-c7ea0a4b84c9');
INSERT INTO `sys_log` VALUES ('0814f9f3-0735-4e03-9167-32f89d05f815', '2020-04-27 17:37:29', 'admin', '超级管理员', 'Update', '192.168.1.117', '本地局域网', NULL, '系统管理', 1, '按钮管理操作,修改操作成功', '2020-04-27 17:37:29', '9f2ec079-7d0f-4fe2-90ab-8b09a8302aba', 'D4FCAFED-7640-449E-80B7-622DDACD5012');
INSERT INTO `sys_log` VALUES ('08783c35-ffde-4469-8275-69aeb212eb44', '2020-04-17 12:59:18', '10000', 'sss', 'Exit', '192.168.1.117', '本地局域网', NULL, '系统登录', 1, '安全退出系统', '2020-04-17 12:59:18', 'b6651953-b5fb-4051-8919-c22c827f5741', NULL);
INSERT INTO `sys_log` VALUES ('09008760-d668-4874-8b6e-1ab631a7ce69', '2020-04-20 16:27:28', '10000', '2222', 'Login', '127.0.0.1', '本地局域网', NULL, '系统登录', 1, '登录成功', '2020-04-20 16:27:28', 'ac7610db-b66e-4f57-916c-c7ea0a4b84c9', NULL);
INSERT INTO `sys_log` VALUES ('0a09af6e-348c-4f79-bf49-5eaa07ab31e6', '2020-04-15 17:07:54', 'admin', '超级管理员', 'Login', '117.81.192.182', '江苏省苏州市 电信', NULL, '系统登录', 1, '登录成功', '2020-04-15 17:07:54', '9f2ec079-7d0f-4fe2-90ab-8b09a8302aba', NULL);
INSERT INTO `sys_log` VALUES ('0a1fbdbb-d6db-47df-bdb7-d9e1debb777f', '2020-05-04 10:55:16', 'admin', '超级管理员', 'Login', '192.168.99.1', '本地局域网', NULL, '系统登录', 1, '登录成功', '2020-05-04 10:55:16', NULL, NULL);
INSERT INTO `sys_log` VALUES ('0a20eaf8-790c-4527-ab56-f9add29e727c', '2020-04-17 11:20:09', 'admin', '超级管理员', 'Exit', '192.168.1.117', '本地局域网', NULL, '系统登录', 1, '安全退出系统', '2020-04-17 11:20:09', '9f2ec079-7d0f-4fe2-90ab-8b09a8302aba', NULL);
INSERT INTO `sys_log` VALUES ('0b2711eb-7893-4e52-87a6-9f470207aacf', '2020-04-29 17:03:59', 'admin', '超级管理员', 'Login', '192.168.99.1', '本地局域网', NULL, '系统登录', 1, '登录成功', '2020-04-29 17:03:59', '9f2ec079-7d0f-4fe2-90ab-8b09a8302aba', NULL);
INSERT INTO `sys_log` VALUES ('0b3c8b31-c08a-45e7-bb90-5b56c0a72d73', '2020-04-17 14:40:10', '10000', '2222', 'Login', '192.168.1.117', '本地局域网', NULL, '系统登录', 1, '登录成功', '2020-04-17 14:40:10', 'ac7610db-b66e-4f57-916c-c7ea0a4b84c9', NULL);
INSERT INTO `sys_log` VALUES ('0bc62dfb-4ca8-401a-a45c-31c34ef1af25', '2020-04-30 17:11:26', 'admin', '超级管理员', 'Login', '192.168.99.1', '本地局域网', NULL, '系统登录', 1, '登录成功', '2020-04-30 17:11:26', NULL, NULL);
INSERT INTO `sys_log` VALUES ('0c56a2e8-2098-4f8d-b23f-8af92b9c45c3', '2020-05-22 09:23:07', 'admin', '超级管理员', 'Login', '192.168.1.117', '本地局域网', NULL, '系统登录', 1, '登录成功', '2020-05-22 09:23:07', '9f2ec079-7d0f-4fe2-90ab-8b09a8302aba', NULL);
INSERT INTO `sys_log` VALUES ('0c7e88fb-f9cf-4391-a85d-feb76a4dcd54', '2020-04-27 17:27:21', 'admin', '超级管理员', 'Login', '192.168.1.117', '本地局域网', NULL, '系统登录', 1, '登录成功', '2020-04-27 17:27:21', NULL, NULL);
INSERT INTO `sys_log` VALUES ('0c89e96a-8757-41ad-aed8-f2ca8d76a8df', '2020-05-04 10:54:08', 'admin', '超级管理员', 'Login', '192.168.99.1', '本地局域网', NULL, '系统登录', 1, '登录成功', '2020-05-04 10:54:08', NULL, NULL);
INSERT INTO `sys_log` VALUES ('0c8f5f44-9ceb-4ea4-83b6-a1f1e2e33e82', '2020-04-17 11:39:15', '10000', '10000', 'Login', '192.168.1.117', '本地局域网', NULL, '系统登录', 0, '登录失败，密码不正确，请重新输入，还有4次机会', '2020-04-17 11:39:15', '547395a9-1de6-41c6-a829-f1dc036c60b3', NULL);
INSERT INTO `sys_log` VALUES ('0cf84733-058c-4bdd-a0cf-9255b357bf82', '2020-04-17 14:24:53', '10000', '2222', 'Exit', '192.168.1.117', '本地局域网', NULL, '系统登录', 1, '安全退出系统', '2020-04-17 14:24:53', 'ac7610db-b66e-4f57-916c-c7ea0a4b84c9', NULL);
INSERT INTO `sys_log` VALUES ('0d5bcb74-2200-4c53-93ea-3d5923fb551b', '2020-05-26 13:55:31', 'admin', '超级管理员', 'Update', '192.168.1.117', '本地局域网', NULL, '系统管理', 1, '系统菜单操作,修改操作成功', '2020-05-26 13:55:31', '9f2ec079-7d0f-4fe2-90ab-8b09a8302aba', 'e3188a69-de3a-40ef-a5ff-5eaf460f5d20');
INSERT INTO `sys_log` VALUES ('0ea054a8-a803-4250-a42d-9505e93f6e77', '2020-04-27 14:19:14', 'admin', '超级管理员', 'Exit', '192.168.1.117', '本地局域网', NULL, '系统登录', 1, '安全退出系统', '2020-04-27 14:19:14', '9f2ec079-7d0f-4fe2-90ab-8b09a8302aba', NULL);
INSERT INTO `sys_log` VALUES ('0ecb7762-393e-494f-9ae0-04bcabc3a208', '2020-04-17 11:32:58', 'admin', '超级管理员', 'Create', '192.168.1.117', '本地局域网', NULL, '系统管理', 1, '角色管理操作,新增操作成功', '2020-04-17 11:32:58', '9f2ec079-7d0f-4fe2-90ab-8b09a8302aba', NULL);
INSERT INTO `sys_log` VALUES ('10391a4c-7f39-4f38-a284-a252c2f74358', '2020-04-20 16:22:35', 'admin', '超级管理员', 'Login', '192.168.1.117', '本地局域网', NULL, '系统登录', 1, '登录成功', '2020-04-20 16:22:35', '9f2ec079-7d0f-4fe2-90ab-8b09a8302aba', NULL);
INSERT INTO `sys_log` VALUES ('10dd123a-c1d7-48e3-a846-9cf8bc8d8ce3', '2020-05-12 12:36:27', 'admin', '超级管理员', 'Delete', '192.168.99.1', '本地局域网', NULL, '系统管理', 1, '菜单按钮操作,删除操作成功', '2020-05-12 12:36:27', '9f2ec079-7d0f-4fe2-90ab-8b09a8302aba', NULL);
INSERT INTO `sys_log` VALUES ('1166af07-cd14-4872-bc77-4dca15a3b438', '2020-05-08 16:37:45', 'admin', '超级管理员', 'Delete', '192.168.99.1', '本地局域网', NULL, '系统管理', 1, '系统菜单操作,删除操作成功', '2020-05-08 16:37:45', '9f2ec079-7d0f-4fe2-90ab-8b09a8302aba', NULL);
INSERT INTO `sys_log` VALUES ('116af0c4-4fb5-4401-9482-01b372b5421d', '2020-04-27 14:57:41', '10000', '2222', 'Login', '192.168.1.117', '本地局域网', NULL, '系统登录', 1, '登录成功', '2020-04-27 14:57:41', 'ac7610db-b66e-4f57-916c-c7ea0a4b84c9', NULL);
INSERT INTO `sys_log` VALUES ('118b957e-8771-4d0a-a240-0f8bc8d9bd10', '2020-05-12 12:28:49', 'admin', '超级管理员', 'Update', '192.168.99.1', '本地局域网', NULL, '系统管理', 1, '系统公告操作,修改操作成功', '2020-05-12 12:28:49', '9f2ec079-7d0f-4fe2-90ab-8b09a8302aba', 'c839e8c1-14e0-45c3-8d8b-54fe94cb1c19');
INSERT INTO `sys_log` VALUES ('13272771-217a-4bf4-954e-670742058022', '2020-05-12 12:28:54', 'admin', '超级管理员', 'Delete', '192.168.99.1', '本地局域网', NULL, '系统管理', 1, '系统公告操作,删除操作成功', '2020-05-12 12:28:54', '9f2ec079-7d0f-4fe2-90ab-8b09a8302aba', NULL);
INSERT INTO `sys_log` VALUES ('132c299c-082a-42e0-bacd-e2cfa86c84bb', '2020-05-26 15:12:42', 'admin', '超级管理员', 'Update', '192.168.1.117', '本地局域网', NULL, '系统安全', 0, '定时任务操作,修改操作失败，Unable to store Job: \'WaterCloud.服务器状态更新\', because one already exists with this identification.', '2020-05-26 15:12:42', '9f2ec079-7d0f-4fe2-90ab-8b09a8302aba', '1d9ffe9c-4c59-4431-8539-4c5ea364237e');
INSERT INTO `sys_log` VALUES ('14734d6e-bfeb-4ade-bbac-c8c69d765248', '2020-05-13 10:57:33', 'admin', 'admin', 'Login', '192.168.99.1', '本地局域网', NULL, '系统登录', 0, '登录失败，验证码错误，请重新输入eeee', '2020-05-13 10:57:33', NULL, NULL);
INSERT INTO `sys_log` VALUES ('14f46472-4324-4906-a9a5-c6ce37fe19bd', '2020-04-17 10:49:58', '10000', '莎莎声', 'Login', '192.168.1.117', '本地局域网', NULL, '系统登录', 1, '登录成功', '2020-04-17 10:49:58', '8af4f5d6-85a4-4137-87f8-3d1390a67f93', NULL);
INSERT INTO `sys_log` VALUES ('157ffb79-173c-4e52-9530-977b4a91b2c0', '2020-04-21 10:47:03', 'admin', '超级管理员', 'Exit', '192.168.1.117', '本地局域网', NULL, '系统登录', 1, '安全退出系统', '2020-04-21 10:47:03', '9f2ec079-7d0f-4fe2-90ab-8b09a8302aba', NULL);
INSERT INTO `sys_log` VALUES ('15b55591-dec7-496d-a784-b339d13ca886', '2020-05-21 10:38:16', 'admin', '超级管理员', 'Login', '192.168.1.117', '本地局域网', NULL, '系统登录', 1, '登录成功', '2020-05-21 10:38:16', '9f2ec079-7d0f-4fe2-90ab-8b09a8302aba', NULL);
INSERT INTO `sys_log` VALUES ('15eb3acb-3d02-4ef6-9642-6765b820cf89', '2020-04-27 13:11:57', 'admin', '超级管理员', 'Exit', '192.168.1.117', '本地局域网', NULL, '系统登录', 1, '安全退出系统', '2020-04-27 13:11:57', '9f2ec079-7d0f-4fe2-90ab-8b09a8302aba', NULL);
INSERT INTO `sys_log` VALUES ('161532c2-9bc2-435f-a0ee-f67c3e748b86', '2020-05-08 15:14:18', 'admin', '超级管理员', 'Delete', '192.168.99.1', '本地局域网', NULL, '系统管理', 1, '菜单按钮操作,删除操作成功', '2020-05-08 15:14:18', '9f2ec079-7d0f-4fe2-90ab-8b09a8302aba', NULL);
INSERT INTO `sys_log` VALUES ('162049a9-acea-481c-8244-196056e7cce8', '2020-05-08 15:33:49', 'admin', '超级管理员', 'Delete', '192.168.99.1', '本地局域网', NULL, '系统管理', 1, '测试管理操作,删除操作成功', '2020-05-08 15:33:49', '9f2ec079-7d0f-4fe2-90ab-8b09a8302aba', NULL);
INSERT INTO `sys_log` VALUES ('1624000e-fd93-4255-b67a-c68a683a0824', '2020-04-27 17:46:14', '10000', '2222', 'Login', '192.168.1.117', '本地局域网', NULL, '系统登录', 1, '登录成功', '2020-04-27 17:46:14', NULL, NULL);
INSERT INTO `sys_log` VALUES ('164ac983-696a-402c-87ce-48b0f9cf6962', '2020-05-21 11:00:56', 'admin', '超级管理员', 'Login', '192.168.1.117', '本地局域网', NULL, '系统登录', 1, '登录成功', '2020-05-21 11:00:56', NULL, NULL);
INSERT INTO `sys_log` VALUES ('17363109-4689-46ae-87bb-fda4cb2e5fd2', '2020-04-14 17:05:30', 'admin', '超级管理员', 'Exit', '117.81.192.182', '江苏省苏州市 电信', NULL, '系统登录', 1, '安全退出系统', '2020-04-14 17:05:30', '9f2ec079-7d0f-4fe2-90ab-8b09a8302aba', NULL);
INSERT INTO `sys_log` VALUES ('174285bc-cfba-46c4-bd23-2e50ba2844b3', '2020-04-15 17:07:10', 'admin', '超级管理员', 'Exit', '117.81.192.182', '江苏省苏州市 电信', NULL, '系统登录', 1, '安全退出系统', '2020-04-15 17:07:10', '9f2ec079-7d0f-4fe2-90ab-8b09a8302aba', NULL);
INSERT INTO `sys_log` VALUES ('1752a4aa-3fd7-4e89-98a6-c6b0e0422f77', '2020-04-27 16:45:24', 'admin', 'admin', 'Login', '192.168.1.117', '本地局域网', NULL, '系统登录', 0, '登录失败，验证码错误，请重新输入', '2020-04-27 16:45:32', NULL, NULL);
INSERT INTO `sys_log` VALUES ('17f45c53-476c-40d9-b0a5-502dd38bcc7a', '2020-04-17 15:00:29', '10000', '2222', 'Login', '192.168.1.117', '本地局域网', NULL, '系统登录', 1, '登录成功', '2020-04-17 15:00:29', 'ac7610db-b66e-4f57-916c-c7ea0a4b84c9', NULL);
INSERT INTO `sys_log` VALUES ('17ffa2ea-a0bc-4fa0-acde-1d6a8ebf7a13', '2020-05-26 15:14:47', 'admin', '超级管理员', 'Update', '192.168.1.117', '本地局域网', NULL, '系统安全', 0, '定时任务操作,修改操作失败，Unable to store Job: \'WaterCloud.服务器状态更新\', because one already exists with this identification.', '2020-05-26 15:14:47', '9f2ec079-7d0f-4fe2-90ab-8b09a8302aba', '1d9ffe9c-4c59-4431-8539-4c5ea364237e');
INSERT INTO `sys_log` VALUES ('18183e0b-c1ed-4a76-9628-026c574b005a', '2020-05-26 13:55:22', 'admin', '超级管理员', 'Create', '192.168.1.117', '本地局域网', NULL, '系统管理', 1, '系统菜单操作,新增操作成功', '2020-05-26 13:55:22', '9f2ec079-7d0f-4fe2-90ab-8b09a8302aba', NULL);
INSERT INTO `sys_log` VALUES ('18d9fbca-403f-4094-bcdc-ef8055fccaeb', '2020-04-27 14:59:42', '10000', '2222', 'Login', '192.168.1.117', '本地局域网', NULL, '系统登录', 1, '登录成功', '2020-04-27 14:59:44', NULL, NULL);
INSERT INTO `sys_log` VALUES ('18ef90d7-3a1c-4929-a25f-9aad9dc4b0ec', '2020-05-08 15:52:08', 'admin', '超级管理员', 'Delete', '192.168.99.1', '本地局域网', NULL, '系统管理', 1, '代码生成操作,删除操作成功', '2020-05-08 15:52:08', '9f2ec079-7d0f-4fe2-90ab-8b09a8302aba', NULL);
INSERT INTO `sys_log` VALUES ('190f8548-41da-4e62-b287-52d0c482d775', '2020-05-18 15:15:07', 'admin', '超级管理员', 'Login', '192.168.99.1', '本地局域网', NULL, '系统登录', 1, '登录成功', '2020-05-18 15:15:07', NULL, NULL);
INSERT INTO `sys_log` VALUES ('19192932-6c04-4fb3-b7a9-73f99596ba51', '2020-05-21 11:00:20', 'admin', '超级管理员', 'Login', '192.168.1.117', '本地局域网', NULL, '系统登录', 1, '登录成功', '2020-05-21 11:00:20', '9f2ec079-7d0f-4fe2-90ab-8b09a8302aba', NULL);
INSERT INTO `sys_log` VALUES ('196d35e5-b66c-4492-93c1-bb24c0f9972b', '2020-04-20 17:06:14', 'admin', '超级管理员', 'Update', '192.168.1.117', '本地局域网', NULL, '系统管理', 1, '区域管理操作,修改操作成功', '2020-04-20 17:06:14', '9f2ec079-7d0f-4fe2-90ab-8b09a8302aba', '120000');
INSERT INTO `sys_log` VALUES ('198d92cc-d7b2-464c-b227-b8dc26b8e93e', '2020-04-27 17:27:13', '10000', '2222', 'Exit', '192.168.1.117', '本地局域网', NULL, '系统登录', 1, '安全退出系统', '2020-04-27 17:27:13', 'ac7610db-b66e-4f57-916c-c7ea0a4b84c9', NULL);
INSERT INTO `sys_log` VALUES ('1a9ffb83-f8f4-45fb-b283-79b241d05e03', '2020-04-17 10:23:39', 'admin', '超级管理员', 'Create', '192.168.1.117', '本地局域网', NULL, '系统管理', 0, '角色管理操作,新增操作失败，无法将类型为“Chloe.MySql.MySqlContext”的对象强制转换为类型“Chloe.SqlServer.MsSqlContext”。', '2020-04-17 10:23:39', '9f2ec079-7d0f-4fe2-90ab-8b09a8302aba', NULL);
INSERT INTO `sys_log` VALUES ('1bca2c2f-377b-40e1-9311-e9b913e4e314', '2020-05-11 11:44:49', 'admin', '超级管理员', 'Update', '192.168.99.1', '本地局域网', NULL, '系统管理', 1, '角色管理操作,修改操作成功', '2020-05-11 11:44:49', '9f2ec079-7d0f-4fe2-90ab-8b09a8302aba', 'ee7bf53d-bf34-44d0-b8c1-76af8a16b267');
INSERT INTO `sys_log` VALUES ('1c5b6a85-2432-46e4-9528-369608e3f0d3', '2020-05-26 16:54:29', 'admin', '超级管理员', 'Update', '192.168.1.117', '本地局域网', NULL, '系统安全', 1, '定时任务操作,修改操作成功', '2020-05-26 16:54:29', '9f2ec079-7d0f-4fe2-90ab-8b09a8302aba', '1d9ffe9c-4c59-4431-8539-4c5ea364237e');
INSERT INTO `sys_log` VALUES ('1c7f98e1-d585-4a37-998e-e5153581771b', '2020-05-20 15:49:06', 'admin', '超级管理员', 'Update', '192.168.1.117', '本地局域网', NULL, '系统管理', 1, '菜单按钮操作,修改操作成功', '2020-05-20 15:49:06', '9f2ec079-7d0f-4fe2-90ab-8b09a8302aba', '41862743-f703-4b6d-be54-08d253eb0ebc');
INSERT INTO `sys_log` VALUES ('1cbf6283-139a-499a-b3a4-40944e9c6257', '2020-04-16 08:30:58', 'admin', '超级管理员', 'Login', '117.81.192.182', '江苏省苏州市 电信', NULL, '系统登录', 1, '登录成功', '2020-04-16 08:30:58', '9f2ec079-7d0f-4fe2-90ab-8b09a8302aba', NULL);
INSERT INTO `sys_log` VALUES ('1ce08e71-e73e-4fa6-87a3-144e06928050', '2020-05-12 14:08:06', 'admin', '超级管理员', 'Create', '192.168.99.1', '本地局域网', NULL, '系统管理', 1, '系统菜单操作,新增操作成功', '2020-05-12 14:08:06', '9f2ec079-7d0f-4fe2-90ab-8b09a8302aba', NULL);
INSERT INTO `sys_log` VALUES ('1d34f73d-6925-4ee1-909d-42053f798199', '2020-04-27 17:46:52', '10000', '2222', 'Exit', '192.168.1.117', '本地局域网', NULL, '系统登录', 1, '安全退出系统', '2020-04-27 17:46:52', 'ac7610db-b66e-4f57-916c-c7ea0a4b84c9', NULL);
INSERT INTO `sys_log` VALUES ('1d538dbc-3cf3-4f24-bd49-a6c7e98282eb', '2020-05-21 10:52:38', 'admin', '超级管理员', 'Login', '192.168.1.117', '本地局域网', NULL, '系统登录', 1, '登录成功', '2020-05-21 10:52:39', '9f2ec079-7d0f-4fe2-90ab-8b09a8302aba', NULL);
INSERT INTO `sys_log` VALUES ('1d8bffac-cc3f-4800-bb6e-52e9c837238d', '2020-04-21 10:11:45', 'admin', '超级管理员', 'Login', '192.168.1.117', '本地局域网', NULL, '系统登录', 1, '登录成功', '2020-04-21 10:11:45', '9f2ec079-7d0f-4fe2-90ab-8b09a8302aba', NULL);
INSERT INTO `sys_log` VALUES ('1e38e373-cff7-4018-801e-c20a40e879a3', '2020-05-21 10:50:07', 'admin', '超级管理员', 'Login', '192.168.1.117', '本地局域网', NULL, '系统登录', 1, '登录成功', '2020-05-21 10:50:07', '9f2ec079-7d0f-4fe2-90ab-8b09a8302aba', NULL);
INSERT INTO `sys_log` VALUES ('1e86713c-be40-44a9-bf0c-fe18c442f1fd', '2020-05-22 16:42:41', 'admin', '超级管理员', 'Create', '192.168.1.117', '本地局域网', NULL, '系统管理', 1, '字段管理操作,新增操作成功', '2020-05-22 16:42:41', '9f2ec079-7d0f-4fe2-90ab-8b09a8302aba', NULL);
INSERT INTO `sys_log` VALUES ('1ed65b0c-01fb-4736-a523-ffbe72aa3c08', '2020-05-18 16:11:09', 'admin', '超级管理员', 'Login', '192.168.99.1', '本地局域网', NULL, '系统登录', 1, '登录成功', '2020-05-18 16:11:09', NULL, NULL);
INSERT INTO `sys_log` VALUES ('1fe4d590-ace6-4c36-9f6e-1a1e0aa680ac', '2020-05-26 13:56:25', 'admin', '超级管理员', 'Update', '192.168.1.117', '本地局域网', NULL, '系统管理', 1, '菜单按钮操作,修改操作成功', '2020-05-26 13:56:25', '9f2ec079-7d0f-4fe2-90ab-8b09a8302aba', 'd2ecb5e8-e5cc-49c8-ba86-dbd7e51ca20b');
INSERT INTO `sys_log` VALUES ('205ed834-72ea-4805-9485-6da42765b21e', '2020-04-17 10:34:03', '10010', '10010', 'Login', '192.168.1.117', '本地局域网', NULL, '系统登录', 0, '登录失败，可为空的对象必须具有一个值。', '2020-04-17 10:34:11', NULL, NULL);
INSERT INTO `sys_log` VALUES ('221905d6-6575-4cdb-b53a-1537821dbe30', '2020-04-17 11:32:03', 'admin', '超级管理员', 'Delete', '192.168.1.117', '本地局域网', NULL, '系统管理', 1, '角色管理操作,删除操作成功', '2020-04-17 11:32:03', '9f2ec079-7d0f-4fe2-90ab-8b09a8302aba', NULL);
INSERT INTO `sys_log` VALUES ('2245675f-2858-414a-b1de-7a3844b654a4', '2020-04-17 10:37:12', '10010', '10010', 'Login', '192.168.1.117', '本地局域网', NULL, '系统登录', 0, '登录失败，可为空的对象必须具有一个值。', '2020-04-17 10:37:14', NULL, NULL);
INSERT INTO `sys_log` VALUES ('22496c00-7ba6-439a-b743-fe3b38dd65e7', '2020-04-17 11:53:44', '10000', 'aaa', 'Update', '192.168.1.117', '本地局域网', NULL, '系统管理', 1, '角色管理操作,修改操作成功', '2020-04-17 11:53:44', '547395a9-1de6-41c6-a829-f1dc036c60b3', 'b05efc5b-51a0-4843-8d4d-1e191b2863f1');
INSERT INTO `sys_log` VALUES ('22d78eb6-a85c-4576-b1e9-75ceb18d9d9c', '2020-04-20 15:05:25', '10000', '2222', 'Login', '192.168.1.117', '本地局域网', NULL, '系统登录', 1, '登录成功', '2020-04-20 15:05:25', 'ac7610db-b66e-4f57-916c-c7ea0a4b84c9', NULL);
INSERT INTO `sys_log` VALUES ('230f2a0a-3f41-48e4-8671-5e07caa6aaa8', '2020-04-23 16:54:24', 'admin', '超级管理员', 'Login', '192.168.1.117', '本地局域网', NULL, '系统登录', 1, '登录成功', '2020-04-23 16:54:24', '9f2ec079-7d0f-4fe2-90ab-8b09a8302aba', NULL);
INSERT INTO `sys_log` VALUES ('233ecf31-6fd5-4e70-b8bf-f3b3c19ac2bc', '2020-05-12 14:12:50', 'admin', '超级管理员', 'Create', '192.168.99.1', '本地局域网', NULL, '系统管理', 1, '菜单按钮操作,新增克隆成功', '2020-05-12 14:12:50', '9f2ec079-7d0f-4fe2-90ab-8b09a8302aba', NULL);
INSERT INTO `sys_log` VALUES ('237a09b6-28bc-4b8a-840e-7ab54a3be53b', '2020-04-15 10:04:14', 'admin', '超级管理员', 'Login', '117.81.192.182', '江苏省苏州市 电信', NULL, '系统登录', 1, '登录成功', '2020-04-15 10:04:14', '9f2ec079-7d0f-4fe2-90ab-8b09a8302aba', NULL);
INSERT INTO `sys_log` VALUES ('23cde2ac-21a9-415a-a0eb-9f3094f247af', '2020-04-27 13:18:24', 'admin', '超级管理员', 'Exit', '192.168.1.117', '本地局域网', NULL, '系统登录', 1, '安全退出系统', '2020-04-27 13:18:24', '9f2ec079-7d0f-4fe2-90ab-8b09a8302aba', NULL);
INSERT INTO `sys_log` VALUES ('24076204-bca2-4f3b-aeff-ce3e9a6f3301', '2020-05-08 15:33:10', 'admin', '超级管理员', 'Update', '192.168.99.1', '本地局域网', NULL, '系统管理', 1, '测试管理操作,修改操作成功', '2020-05-08 15:33:10', '9f2ec079-7d0f-4fe2-90ab-8b09a8302aba', '110000');
INSERT INTO `sys_log` VALUES ('248ebe5f-4d03-4433-94fc-1f1562c9e4ed', '2020-05-12 15:37:50', 'admin', '超级管理员', 'Create', '192.168.99.1', '本地局域网', NULL, '系统管理', 1, '系统菜单操作,新增操作成功', '2020-05-12 15:37:50', '9f2ec079-7d0f-4fe2-90ab-8b09a8302aba', NULL);
INSERT INTO `sys_log` VALUES ('24c595d2-9ed1-42e5-80ec-bc4173c5f4e2', '2020-05-04 10:56:12', 'admin', '超级管理员', 'Login', '192.168.99.1', '本地局域网', NULL, '系统登录', 1, '登录成功', '2020-05-04 10:56:12', NULL, NULL);
INSERT INTO `sys_log` VALUES ('251a9d3b-5484-4c64-8a36-965220710815', '2020-04-20 16:39:09', 'admin', '超级管理员', 'Update', '192.168.1.117', '本地局域网', NULL, '系统安全', 1, '访问控制操作,修改操作成功', '2020-04-20 16:39:09', '9f2ec079-7d0f-4fe2-90ab-8b09a8302aba', '4e035f2b-a03b-49b5-a38d-1c6d211a2a04');
INSERT INTO `sys_log` VALUES ('2537e26d-b27b-4d92-ba6c-e859f137ce51', '2020-04-27 14:19:33', '10000', '2222', 'Login', '192.168.1.117', '本地局域网', NULL, '系统登录', 1, '登录成功', '2020-04-27 14:19:34', NULL, NULL);
INSERT INTO `sys_log` VALUES ('25c62a7d-f26a-4242-9f42-1f4446c1e9ea', '2020-04-20 16:26:07', 'admin', '超级管理员', 'Exit', '192.168.1.117', '本地局域网', NULL, '系统登录', 1, '安全退出系统', '2020-04-20 16:26:07', '9f2ec079-7d0f-4fe2-90ab-8b09a8302aba', NULL);
INSERT INTO `sys_log` VALUES ('264071e1-093f-4af0-ad3d-65c7d7b71de0', '2020-04-15 14:42:39', 'admin', '超级管理员', 'Exit', '117.81.192.182', '江苏省苏州市 电信', NULL, '系统登录', 1, '安全退出系统', '2020-04-15 14:42:39', '9f2ec079-7d0f-4fe2-90ab-8b09a8302aba', NULL);
INSERT INTO `sys_log` VALUES ('264de383-ed34-4347-97cc-eeb33eb10de6', '2020-04-23 16:57:30', 'admin', '超级管理员', 'Login', '192.168.1.117', '本地局域网', NULL, '系统登录', 1, '登录成功', '2020-04-23 16:57:30', '9f2ec079-7d0f-4fe2-90ab-8b09a8302aba', NULL);
INSERT INTO `sys_log` VALUES ('26aadf79-54de-422d-8f03-d6826e8ee59b', '2020-04-17 11:21:26', '10000', '莎莎声', 'Login', '192.168.1.117', '本地局域网', NULL, '系统登录', 1, '登录成功', '2020-04-17 11:21:26', '8af4f5d6-85a4-4137-87f8-3d1390a67f93', NULL);
INSERT INTO `sys_log` VALUES ('26ee9d7d-5fba-46d7-95e4-d2f3165da5e9', '2020-04-15 17:06:46', 'admin', '超级管理员', 'Exit', '117.81.192.182', '江苏省苏州市 电信', NULL, '系统登录', 1, '安全退出系统', '2020-04-15 17:06:46', '9f2ec079-7d0f-4fe2-90ab-8b09a8302aba', NULL);
INSERT INTO `sys_log` VALUES ('2707c97e-8c0b-4301-ae68-c46f950b7ce0', '2020-05-21 14:59:52', 'admin', '超级管理员', 'Update', '192.168.1.117', '本地局域网', NULL, '系统管理', 1, '系统菜单操作,修改操作成功', '2020-05-21 14:59:52', '9f2ec079-7d0f-4fe2-90ab-8b09a8302aba', '152a8e93-cebb-4574-ae74-2a86595ff986');
INSERT INTO `sys_log` VALUES ('2769dd24-4c87-4714-9b4f-fa6e55ecbf4c', '2020-05-19 10:11:12', 'admin', '超级管理员', 'Login', '192.168.99.1', '本地局域网', NULL, '系统登录', 1, '登录成功', '2020-05-19 10:11:12', NULL, NULL);
INSERT INTO `sys_log` VALUES ('280b991c-5d4c-49f6-8dca-f415b309cdff', '2020-05-21 16:16:46', 'admin', '超级管理员', 'Login', '192.168.1.117', '本地局域网', NULL, '系统登录', 1, '登录成功', '2020-05-21 16:16:46', NULL, NULL);
INSERT INTO `sys_log` VALUES ('282408ad-bd08-464c-ae03-595e773deaab', '2020-04-17 11:20:51', '10000', '莎莎声', 'Exit', '192.168.1.117', '本地局域网', NULL, '系统登录', 1, '安全退出系统', '2020-04-17 11:20:51', '8af4f5d6-85a4-4137-87f8-3d1390a67f93', NULL);
INSERT INTO `sys_log` VALUES ('2836ba12-34a4-40c6-81e3-c52165a7f916', '2020-04-17 13:30:45', 'admin', '超级管理员', 'Create', '192.168.1.117', '本地局域网', NULL, '系统管理', 1, '用户管理操作,新增操作成功', '2020-04-17 13:30:45', '9f2ec079-7d0f-4fe2-90ab-8b09a8302aba', NULL);
INSERT INTO `sys_log` VALUES ('2878fecb-3e18-4337-890d-45342df26c13', '2020-05-12 15:48:34', 'admin', '超级管理员', 'Delete', '192.168.99.1', '本地局域网', NULL, '系统管理', 1, '系统菜单操作,删除操作成功', '2020-05-12 15:48:34', '9f2ec079-7d0f-4fe2-90ab-8b09a8302aba', NULL);
INSERT INTO `sys_log` VALUES ('2973c208-8d28-4afd-8598-27779a15445f', '2020-05-22 16:41:18', 'admin', '超级管理员', 'Create', '192.168.1.117', '本地局域网', NULL, '系统管理', 1, '字段管理操作,新增操作成功', '2020-05-22 16:41:18', '9f2ec079-7d0f-4fe2-90ab-8b09a8302aba', NULL);
INSERT INTO `sys_log` VALUES ('29cfb3b9-1902-465d-9cc7-af1e6274cdda', '2020-04-17 10:38:31', '10000', '10000', 'Login', '192.168.1.117', '本地局域网', NULL, '系统登录', 0, '登录失败，可为空的对象必须具有一个值。', '2020-04-17 10:38:33', NULL, NULL);
INSERT INTO `sys_log` VALUES ('29da009c-bc99-4b28-810e-608fb93a05b9', '2020-05-26 14:53:56', 'admin', '超级管理员', 'Update', '192.168.1.117', '本地局域网', NULL, '系统安全', 0, '定时任务操作,修改操作失败，Late bound operations cannot be performed on types or methods for which ContainsGenericParameters is true.', '2020-05-26 14:53:56', '9f2ec079-7d0f-4fe2-90ab-8b09a8302aba', '1d9ffe9c-4c59-4431-8539-4c5ea364237e');
INSERT INTO `sys_log` VALUES ('2a69862a-acce-4b1f-9fbb-dd6b35ce285b', '2020-04-17 13:41:00', '10000', '2222', 'Login', '192.168.1.117', '本地局域网', NULL, '系统登录', 1, '登录成功', '2020-04-17 13:41:00', 'ac7610db-b66e-4f57-916c-c7ea0a4b84c9', NULL);
INSERT INTO `sys_log` VALUES ('2ad16e29-e513-4709-838b-5086946f7c20', '2020-04-17 14:40:41', 'admin', '超级管理员', 'Login', '192.168.1.117', '本地局域网', NULL, '系统登录', 1, '登录成功', '2020-04-17 14:40:41', '9f2ec079-7d0f-4fe2-90ab-8b09a8302aba', NULL);
INSERT INTO `sys_log` VALUES ('2ade9dae-448f-416f-9d46-bdfce2ae953f', '2020-05-19 11:44:38', 'admin', 'admin', 'Login', '', '本地局域网', NULL, '用户Api', 0, '登录失败，使用前请初始化 RedisHelper.Initialization(new CSRedis.CSRedisClient(\"127.0.0.1:6379,pass=123,defaultDatabase=13,poolsize=50,ssl=false,writeBuffer=10240,prefix=key前辍\"));', '2020-05-19 11:44:40', NULL, NULL);
INSERT INTO `sys_log` VALUES ('2ae3a346-00cd-4087-8234-123c3d734ace', '2020-04-17 14:26:48', 'admin', '超级管理员', 'Exit', '192.168.1.117', '本地局域网', NULL, '系统登录', 1, '安全退出系统', '2020-04-17 14:26:48', '9f2ec079-7d0f-4fe2-90ab-8b09a8302aba', NULL);
INSERT INTO `sys_log` VALUES ('2b310667-62ce-4924-bb46-fb1b5d501452', '2020-04-20 14:32:55', 'admin', '超级管理员', 'Login', '192.168.1.117', '本地局域网', NULL, '系统登录', 1, '登录成功', '2020-04-20 14:32:55', '9f2ec079-7d0f-4fe2-90ab-8b09a8302aba', NULL);
INSERT INTO `sys_log` VALUES ('2b6e46af-e2ae-40e5-a0f3-5473ad2326c5', '2020-04-20 16:00:34', '10000', '2222', 'Exit', '192.168.1.117', '本地局域网', NULL, '系统登录', 1, '安全退出系统', '2020-04-20 16:00:34', 'ac7610db-b66e-4f57-916c-c7ea0a4b84c9', NULL);
INSERT INTO `sys_log` VALUES ('2cbc205d-c260-42f3-b80c-ca9bc4e215fa', '2020-05-26 16:56:10', 'admin', '超级管理员', 'Update', '192.168.1.117', '本地局域网', NULL, '系统安全', 1, '定时任务操作,修改操作成功', '2020-05-26 16:56:10', '9f2ec079-7d0f-4fe2-90ab-8b09a8302aba', '1d9ffe9c-4c59-4431-8539-4c5ea364237e');
INSERT INTO `sys_log` VALUES ('2cc5a75d-c279-40f5-bc54-f217612320e8', '2020-05-08 08:41:14', 'admin', '超级管理员', 'Login', '192.168.99.1', '本地局域网', NULL, '系统登录', 1, '登录成功', '2020-05-08 08:41:14', NULL, NULL);
INSERT INTO `sys_log` VALUES ('2d2b2f7c-4e01-4e88-ac89-05e2761410c9', '2020-04-17 10:59:10', 'admin', '超级管理员', 'Login', '192.168.1.117', '本地局域网', NULL, '系统登录', 1, '登录成功', '2020-04-17 10:59:10', '9f2ec079-7d0f-4fe2-90ab-8b09a8302aba', NULL);
INSERT INTO `sys_log` VALUES ('2d55d649-a737-4e69-8ed6-f54b8231a9a4', '2020-05-06 13:12:00', 'admin', '超级管理员', 'Create', '192.168.99.1', '本地局域网', NULL, '系统管理', 1, '菜单按钮操作,新增克隆成功', '2020-05-06 13:12:00', '9f2ec079-7d0f-4fe2-90ab-8b09a8302aba', NULL);
INSERT INTO `sys_log` VALUES ('2d59a24b-7ff5-4f7f-9c92-6edf79166889', '2020-04-30 16:16:20', 'admin', '超级管理员', 'Login', '192.168.99.1', '本地局域网', NULL, '系统登录', 1, '登录成功', '2020-04-30 16:16:20', '9f2ec079-7d0f-4fe2-90ab-8b09a8302aba', NULL);
INSERT INTO `sys_log` VALUES ('2dba1a09-bb99-4cee-9439-c8da58c53c8d', '2020-05-08 15:14:13', 'admin', '超级管理员', 'Delete', '192.168.99.1', '本地局域网', NULL, '系统管理', 1, '菜单按钮操作,删除操作成功', '2020-05-08 15:14:13', '9f2ec079-7d0f-4fe2-90ab-8b09a8302aba', NULL);
INSERT INTO `sys_log` VALUES ('2dbf7ade-3547-41f0-95ee-a90f78ea6d1c', '2020-05-04 13:22:50', 'admin', '超级管理员', 'Login', '127.0.0.1', '本地局域网', NULL, '系统登录', 1, '登录成功', '2020-05-04 13:22:50', '9f2ec079-7d0f-4fe2-90ab-8b09a8302aba', NULL);
INSERT INTO `sys_log` VALUES ('2e6e8f13-3c85-49b8-8500-d2fe2e888861', '2020-05-26 15:28:02', 'admin', '超级管理员', 'Update', '192.168.1.117', '本地局域网', NULL, '系统安全', 1, '定时任务操作,修改操作成功', '2020-05-26 15:28:02', '9f2ec079-7d0f-4fe2-90ab-8b09a8302aba', '1d9ffe9c-4c59-4431-8539-4c5ea364237e');
INSERT INTO `sys_log` VALUES ('2f281b5f-6135-4232-881c-bbcd7aab501f', '2020-04-27 17:37:40', 'admin', '超级管理员', 'Update', '192.168.1.117', '本地局域网', NULL, '系统管理', 1, '按钮管理操作,修改操作成功', '2020-04-27 17:37:40', '9f2ec079-7d0f-4fe2-90ab-8b09a8302aba', '746629aa-858b-4c5e-9335-71b0fa08a584');
INSERT INTO `sys_log` VALUES ('2f2b2125-83da-47ec-a23a-f830c0324b20', '2020-04-27 17:36:58', 'admin', '超级管理员', 'Update', '192.168.1.117', '本地局域网', NULL, '系统管理', 1, '按钮管理操作,修改操作成功', '2020-04-27 17:36:58', '9f2ec079-7d0f-4fe2-90ab-8b09a8302aba', '1b72be70-e44d-43d6-91d0-dc3ad628d22e');
INSERT INTO `sys_log` VALUES ('2faae863-7909-4df8-8cd9-743e8fc69293', '2020-05-21 15:15:16', 'admin', '超级管理员', 'Update', '192.168.1.117', '本地局域网', NULL, '系统管理', 1, '菜单按钮操作,修改操作成功', '2020-05-21 15:15:16', '9f2ec079-7d0f-4fe2-90ab-8b09a8302aba', '01600a2b-c218-48d6-bb37-842daa727248');
INSERT INTO `sys_log` VALUES ('302c568e-2240-428b-a034-5ea925152d77', '2020-05-15 15:42:50', 'admin', '超级管理员', 'Update', '192.168.99.1', '本地局域网', NULL, '系统管理', 1, '系统菜单操作,修改操作成功', '2020-05-15 15:42:50', '9f2ec079-7d0f-4fe2-90ab-8b09a8302aba', '462027E0-0848-41DD-BCC3-025DCAE65555');
INSERT INTO `sys_log` VALUES ('30d40706-d47c-4bf6-9700-05b0764d207d', '2020-04-17 10:37:36', 'admin', '超级管理员', 'Delete', '192.168.1.117', '本地局域网', NULL, '系统管理', 1, '用户管理操作,删除操作成功', '2020-04-17 10:37:36', '9f2ec079-7d0f-4fe2-90ab-8b09a8302aba', NULL);
INSERT INTO `sys_log` VALUES ('31322a6a-a340-493d-a4a9-f472ff7e6bf2', '2020-04-27 16:56:45', 'admin', '超级管理员', 'Create', '192.168.1.117', '本地局域网', NULL, '系统管理', 1, '按钮管理操作,新增克隆成功', '2020-04-27 16:56:45', '9f2ec079-7d0f-4fe2-90ab-8b09a8302aba', NULL);
INSERT INTO `sys_log` VALUES ('31484b1d-2480-44cc-8af7-c1467a22f952', '2020-04-17 12:56:11', '10000', 'sss', 'Exit', '192.168.1.117', '本地局域网', NULL, '系统登录', 1, '安全退出系统', '2020-04-17 12:56:11', 'b6651953-b5fb-4051-8919-c22c827f5741', NULL);
INSERT INTO `sys_log` VALUES ('3275a71b-e6db-4d67-bc18-c7f0172ab29d', '2020-04-17 14:54:54', '10000', '10000', 'Login', '192.168.1.117', '本地局域网', NULL, '系统登录', 0, '登录失败，账户未设置权限,请联系管理员', '2020-04-17 14:54:54', 'ac7610db-b66e-4f57-916c-c7ea0a4b84c9', NULL);
INSERT INTO `sys_log` VALUES ('32af56af-87c6-4c5c-a205-0773cf982bdf', '2020-05-08 16:01:57', 'admin', '超级管理员', 'Delete', '192.168.99.1', '本地局域网', NULL, '系统管理', 1, '菜单按钮操作,删除操作成功', '2020-05-08 16:01:57', '9f2ec079-7d0f-4fe2-90ab-8b09a8302aba', NULL);
INSERT INTO `sys_log` VALUES ('34c379e9-eeda-475e-9188-4f4e07aa2b94', '2020-05-04 10:56:04', 'admin', '超级管理员', 'Exit', '192.168.99.1', '本地局域网', NULL, '系统登录', 1, '安全退出系统', '2020-05-04 10:56:04', '9f2ec079-7d0f-4fe2-90ab-8b09a8302aba', NULL);
INSERT INTO `sys_log` VALUES ('34fd559c-07ac-4dcd-97c9-cf7f8c350f2d', '2020-05-13 10:57:30', 'admin', '超级管理员', 'Exit', '192.168.99.1', '本地局域网', NULL, '系统登录', 1, '安全退出系统', '2020-05-13 10:57:30', '9f2ec079-7d0f-4fe2-90ab-8b09a8302aba', NULL);
INSERT INTO `sys_log` VALUES ('359bc24f-5d97-4c0a-8050-eb1d4afa47fc', '2020-04-17 09:03:56', 'admin', '超级管理员', 'Login', '192.168.1.117', '本地局域网', NULL, '系统登录', 1, '登录成功', '2020-04-17 09:03:56', '9f2ec079-7d0f-4fe2-90ab-8b09a8302aba', NULL);
INSERT INTO `sys_log` VALUES ('35ff2029-b05f-4cd0-abb4-7b1e123efd55', '2020-05-04 11:00:33', 'admin', '超级管理员', 'Login', '192.168.99.1', '本地局域网', NULL, '系统登录', 1, '登录成功', '2020-05-04 11:00:33', NULL, NULL);
INSERT INTO `sys_log` VALUES ('363d8ae1-3e1d-4574-9f86-6f72fb0dc097', '2020-04-27 14:23:29', '10000', '2222', 'Login', '192.168.1.117', '本地局域网', NULL, '系统登录', 1, '登录成功', '2020-04-27 14:23:33', NULL, NULL);
INSERT INTO `sys_log` VALUES ('3698e92c-a9d9-4ddd-b25e-76397df9ed85', '2020-04-27 17:11:34', '10000', '2222', 'Exit', '192.168.1.117', '本地局域网', NULL, '系统登录', 1, '安全退出系统', '2020-04-27 17:11:34', 'ac7610db-b66e-4f57-916c-c7ea0a4b84c9', NULL);
INSERT INTO `sys_log` VALUES ('36e68293-d211-46ae-890e-82d9a982dd94', '2020-05-26 13:56:41', 'admin', '超级管理员', 'Update', '192.168.1.117', '本地局域网', NULL, '系统管理', 1, '菜单按钮操作,修改操作成功', '2020-05-26 13:56:41', '9f2ec079-7d0f-4fe2-90ab-8b09a8302aba', 'e06965bc-b693-4b91-96f9-fc10ca2aa1f0');
INSERT INTO `sys_log` VALUES ('377eec18-2bca-4750-a6dd-db892cae04ff', '2020-05-26 17:17:17', 'admin', '超级管理员', 'Update', '192.168.1.117', '本地局域网', NULL, '系统安全', 1, '定时任务操作,修改操作成功', '2020-05-26 17:17:17', '9f2ec079-7d0f-4fe2-90ab-8b09a8302aba', '8f7b8d82-53c2-4d0e-885f-145a06141c81');
INSERT INTO `sys_log` VALUES ('37ab9f71-44aa-408c-8178-878f41264386', '2020-04-17 10:57:52', '10000', '莎莎声', 'Exit', '192.168.1.117', '本地局域网', NULL, '系统登录', 1, '安全退出系统', '2020-04-17 10:57:52', '8af4f5d6-85a4-4137-87f8-3d1390a67f93', NULL);
INSERT INTO `sys_log` VALUES ('37cc0ded-81b3-4e87-922f-0314ca167086', '2020-04-27 17:12:08', 'admin', '超级管理员', 'Exit', '192.168.1.117', '本地局域网', NULL, '系统登录', 1, '安全退出系统', '2020-04-27 17:12:08', '9f2ec079-7d0f-4fe2-90ab-8b09a8302aba', NULL);
INSERT INTO `sys_log` VALUES ('3825a7d8-e877-4a9c-8401-27dad0a28ea2', '2020-04-17 10:25:20', 'admin', '超级管理员', 'Create', '192.168.1.117', '本地局域网', NULL, '系统管理', 0, '角色管理操作,新增操作失败，无法将类型为“Chloe.MySql.MySqlContext”的对象强制转换为类型“Chloe.SqlServer.MsSqlContext”。', '2020-04-17 10:25:20', '9f2ec079-7d0f-4fe2-90ab-8b09a8302aba', NULL);
INSERT INTO `sys_log` VALUES ('38fdb237-aabc-41f5-84d3-3da57cad310e', '2020-05-22 14:50:27', 'admin', '超级管理员', 'Update', '192.168.1.117', '本地局域网', NULL, '系统管理', 1, '角色管理操作,修改操作成功', '2020-05-22 14:50:27', '9f2ec079-7d0f-4fe2-90ab-8b09a8302aba', 'd71324b7-e7eb-47b2-bdea-f0293d36bb7f');
INSERT INTO `sys_log` VALUES ('3950110f-362d-47a3-849a-6efa592625be', '2020-04-26 09:21:26', 'admin', 'admin', 'Login', '192.168.1.117', '本地局域网', NULL, '系统登录', 0, '登录失败，验证码错误，请重新输入', '2020-04-26 09:21:36', NULL, NULL);
INSERT INTO `sys_log` VALUES ('396002df-8271-4717-8e4a-58ea5e01fcb2', '2020-05-08 15:26:28', 'admin', '超级管理员', 'Delete', '192.168.99.1', '本地局域网', NULL, '系统管理', 1, '测试管理操作,删除操作成功', '2020-05-08 15:26:28', '9f2ec079-7d0f-4fe2-90ab-8b09a8302aba', NULL);
INSERT INTO `sys_log` VALUES ('3a10f90a-0e83-4d1b-9f39-ec86c3c9c232', '2020-05-26 13:56:06', 'admin', '超级管理员', 'Update', '192.168.1.117', '本地局域网', NULL, '系统管理', 1, '菜单按钮操作,修改操作成功', '2020-05-26 13:56:06', '9f2ec079-7d0f-4fe2-90ab-8b09a8302aba', '87068c95-42c8-4f20-b786-27cb9d3d5ff7');
INSERT INTO `sys_log` VALUES ('3a3d4ca4-b5e2-44e7-8d77-403cc5a60582', '2020-05-12 14:13:31', 'admin', '超级管理员', 'Create', '192.168.99.1', '本地局域网', NULL, '系统管理', 0, '代码生成操作,新增操作失败，实体类已存在，实体类生成失败！', '2020-05-12 14:13:31', '9f2ec079-7d0f-4fe2-90ab-8b09a8302aba', NULL);
INSERT INTO `sys_log` VALUES ('3a491e28-f798-4b9a-b05f-127785c0f57c', '2020-05-11 14:04:48', 'admin', '超级管理员', 'Login', '192.168.99.1', '本地局域网', NULL, '系统登录', 1, '登录成功', '2020-05-11 14:04:48', NULL, NULL);
INSERT INTO `sys_log` VALUES ('3a90c7f5-32a4-44c8-bc9c-bad1c11298ae', '2020-05-06 13:12:16', 'admin', '超级管理员', 'Update', '192.168.99.1', '本地局域网', NULL, '系统管理', 1, '菜单按钮操作,修改操作成功', '2020-05-06 13:12:16', '9f2ec079-7d0f-4fe2-90ab-8b09a8302aba', '8f32069f-20f3-48c9-8e35-cd245fffcf64');
INSERT INTO `sys_log` VALUES ('3ab634d0-f9b5-4f77-bd6b-39b73727ba60', '2020-05-27 08:42:27', 'admin', '超级管理员', 'Update', '192.168.1.117', '本地局域网', NULL, '系统管理', 1, '菜单按钮操作,修改操作成功', '2020-05-27 08:42:27', '9f2ec079-7d0f-4fe2-90ab-8b09a8302aba', '208c2915-d6d0-4bb0-8ec4-154f86561f5a');
INSERT INTO `sys_log` VALUES ('3ae2f8bf-050e-4f52-b822-27800a81c1c1', '2020-04-17 11:31:52', 'admin', '超级管理员', 'Delete', '192.168.1.117', '本地局域网', NULL, '系统管理', 1, '用户管理操作,删除操作成功', '2020-04-17 11:31:52', '9f2ec079-7d0f-4fe2-90ab-8b09a8302aba', NULL);
INSERT INTO `sys_log` VALUES ('3bb6554d-848d-4ffc-b28d-a0134069e889', '2020-04-20 14:34:44', 'admin', '超级管理员', 'Update', '192.168.1.117', '本地局域网', NULL, '系统管理', 1, '系统菜单操作,修改操作成功', '2020-04-20 14:34:44', '9f2ec079-7d0f-4fe2-90ab-8b09a8302aba', '7e4e4a48-4d51-4159-a113-2a211186f13a');
INSERT INTO `sys_log` VALUES ('3bd11fb8-144c-49ff-860f-050f6cc0bd8b', '2020-04-17 10:57:59', 'admin', '超级管理员', 'Login', '192.168.1.117', '本地局域网', NULL, '系统登录', 1, '登录成功', '2020-04-17 10:57:59', '9f2ec079-7d0f-4fe2-90ab-8b09a8302aba', NULL);
INSERT INTO `sys_log` VALUES ('3cbcb924-4d90-4e11-ae26-d93b410a6643', '2020-05-04 10:54:53', 'admin', '超级管理员', 'Exit', '192.168.99.1', '本地局域网', NULL, '系统登录', 1, '安全退出系统', '2020-05-04 10:54:53', '9f2ec079-7d0f-4fe2-90ab-8b09a8302aba', NULL);
INSERT INTO `sys_log` VALUES ('3ce034c6-66be-48cc-9333-e10cce75003a', '2020-05-08 16:50:48', 'admin', '超级管理员', 'Delete', '192.168.99.1', '本地局域网', NULL, '系统管理', 1, '代码生成操作,删除操作成功', '2020-05-08 16:50:48', '9f2ec079-7d0f-4fe2-90ab-8b09a8302aba', NULL);
INSERT INTO `sys_log` VALUES ('3d405162-b098-4042-ac6d-1cc27f5e87c8', '2020-04-20 14:52:11', '10000', '2222', 'Login', '192.168.1.117', '本地局域网', NULL, '系统登录', 1, '登录成功', '2020-04-20 14:52:11', 'ac7610db-b66e-4f57-916c-c7ea0a4b84c9', NULL);
INSERT INTO `sys_log` VALUES ('3dbf7403-228d-4da8-aab6-45595896502d', '2020-05-11 14:55:36', 'admin', '超级管理员', 'Update', '192.168.99.1', '本地局域网', NULL, '系统管理', 1, '菜单按钮操作,修改操作成功', '2020-05-11 14:55:36', '9f2ec079-7d0f-4fe2-90ab-8b09a8302aba', '43e09a61-c2b0-46c1-9b81-76d686b390d4');
INSERT INTO `sys_log` VALUES ('3dcdf6af-1b29-44c9-ac01-4804fcba6a09', '2020-04-20 14:25:10', 'admin', '超级管理员', 'Login', '127.0.0.1', '本地局域网', NULL, '系统登录', 1, '登录成功', '2020-04-20 14:25:10', '9f2ec079-7d0f-4fe2-90ab-8b09a8302aba', NULL);
INSERT INTO `sys_log` VALUES ('3dfd5c18-cf4b-44dc-8506-01a3cf547fa3', '2020-05-22 16:55:18', 'admin', '超级管理员', 'Update', '192.168.1.117', '本地局域网', NULL, '系统管理', 1, '字段管理操作,修改操作成功', '2020-05-22 16:55:18', '9f2ec079-7d0f-4fe2-90ab-8b09a8302aba', 'dc4cd5fd-8933-44f8-9500-fc36285f50b2');
INSERT INTO `sys_log` VALUES ('3e481331-0cdf-4c09-8fbd-ede1d2d03e21', '2020-05-21 15:03:54', 'admin', '超级管理员', 'Update', '192.168.1.117', '本地局域网', NULL, '系统管理', 1, '菜单按钮操作,修改操作成功', '2020-05-21 15:03:54', '9f2ec079-7d0f-4fe2-90ab-8b09a8302aba', '85bfbb9d-24f0-4a6f-8bb8-0f87826d04fa');
INSERT INTO `sys_log` VALUES ('3e88032b-e92f-4291-96c9-534f81d87cce', '2020-04-17 11:31:26', '10000', '莎莎声', 'Exit', '192.168.1.117', '本地局域网', NULL, '系统登录', 1, '安全退出系统', '2020-04-17 11:31:26', '8af4f5d6-85a4-4137-87f8-3d1390a67f93', NULL);
INSERT INTO `sys_log` VALUES ('3f253b9e-010b-4756-a57a-6448e13b3198', '2020-05-26 17:01:58', 'admin', '超级管理员', 'Update', '192.168.1.117', '本地局域网', NULL, '系统安全', 1, '定时任务操作,修改操作成功', '2020-05-26 17:01:58', '9f2ec079-7d0f-4fe2-90ab-8b09a8302aba', '1d9ffe9c-4c59-4431-8539-4c5ea364237e');
INSERT INTO `sys_log` VALUES ('3f811647-7473-4059-a77e-8dda6d4ec8c4', '2020-05-21 16:04:41', 'admin', '超级管理员', 'Create', '192.168.1.117', '本地局域网', NULL, '系统管理', 1, '字段管理操作,新增克隆成功', '2020-05-21 16:04:41', '9f2ec079-7d0f-4fe2-90ab-8b09a8302aba', NULL);
INSERT INTO `sys_log` VALUES ('3fba568a-5896-4615-be68-c8d7a754979e', '2020-04-27 17:07:34', 'admin', '超级管理员', 'Exit', '192.168.1.117', '本地局域网', NULL, '系统登录', 1, '安全退出系统', '2020-04-27 17:07:34', '9f2ec079-7d0f-4fe2-90ab-8b09a8302aba', NULL);
INSERT INTO `sys_log` VALUES ('400933a4-d399-48ae-8a8e-b6a597044b04', '2020-04-27 14:14:51', 'admin', '超级管理员', 'Login', '192.168.1.117', '本地局域网', NULL, '系统登录', 1, '登录成功', '2020-04-27 14:14:51', '9f2ec079-7d0f-4fe2-90ab-8b09a8302aba', NULL);
INSERT INTO `sys_log` VALUES ('4171fd89-5917-4624-b3c1-f5f9ef485771', '2020-05-12 14:09:50', 'admin', '超级管理员', 'Create', '192.168.99.1', '本地局域网', NULL, '系统管理', 1, '菜单按钮操作,新增克隆成功', '2020-05-12 14:09:50', '9f2ec079-7d0f-4fe2-90ab-8b09a8302aba', NULL);
INSERT INTO `sys_log` VALUES ('41a2deff-3034-4494-8038-dc91129a532c', '2020-04-20 16:17:26', 'admin', '超级管理员', 'Login', '192.168.1.117', '本地局域网', NULL, '系统登录', 1, '登录成功', '2020-04-20 16:17:26', '9f2ec079-7d0f-4fe2-90ab-8b09a8302aba', NULL);
INSERT INTO `sys_log` VALUES ('41ddcea8-3f44-477d-aa62-ab2c1206aef9', '2020-04-27 16:52:12', 'admin', '超级管理员', 'Update', '192.168.1.117', '本地局域网', NULL, '系统管理', 1, '按钮管理操作,修改操作成功', '2020-04-27 16:52:12', '9f2ec079-7d0f-4fe2-90ab-8b09a8302aba', 'd9e74251-61ff-4472-adec-ad316cb9a307');
INSERT INTO `sys_log` VALUES ('424addf9-bde9-4341-bd32-b2d41a7c41d5', '2020-04-17 13:48:06', '10000', '2222', 'Login', '192.168.1.117', '本地局域网', NULL, '系统登录', 1, '登录成功', '2020-04-17 13:48:06', 'ac7610db-b66e-4f57-916c-c7ea0a4b84c9', NULL);
INSERT INTO `sys_log` VALUES ('429e2f8a-9985-4683-a934-26ec5bda99cd', '2020-04-27 15:05:45', '10000', '2222', 'Login', '192.168.1.117', '本地局域网', NULL, '系统登录', 1, '登录成功', '2020-04-27 15:05:48', NULL, NULL);
INSERT INTO `sys_log` VALUES ('42b43b9f-6dc0-4dd4-9ac6-b4aed702fd0c', '2020-04-17 14:26:43', 'admin', '超级管理员', 'Update', '192.168.1.117', '本地局域网', NULL, '系统管理', 1, '角色管理操作,修改操作成功', '2020-04-17 14:26:43', '9f2ec079-7d0f-4fe2-90ab-8b09a8302aba', 'd71324b7-e7eb-47b2-bdea-f0293d36bb7f');
INSERT INTO `sys_log` VALUES ('42b50f24-87f8-43db-9bb6-749b3a9213d6', '2020-04-17 11:38:37', 'admin', '超级管理员', 'Exit', '192.168.1.117', '本地局域网', NULL, '系统登录', 1, '安全退出系统', '2020-04-17 11:38:37', '9f2ec079-7d0f-4fe2-90ab-8b09a8302aba', NULL);
INSERT INTO `sys_log` VALUES ('42d7db70-bdbb-4ee1-8f16-efe5e0aec463', '2020-04-17 13:00:32', '10000', 'sss', 'Exit', '192.168.1.117', '本地局域网', NULL, '系统登录', 1, '安全退出系统', '2020-04-17 13:00:32', 'b6651953-b5fb-4051-8919-c22c827f5741', NULL);
INSERT INTO `sys_log` VALUES ('42f3c278-0c2d-48d0-957a-23341d86ac5e', '2020-05-26 14:16:38', 'admin', '超级管理员', 'Create', '192.168.1.117', '本地局域网', NULL, '系统安全', 1, '定时任务操作,新增操作成功', '2020-05-26 14:16:38', '9f2ec079-7d0f-4fe2-90ab-8b09a8302aba', NULL);
INSERT INTO `sys_log` VALUES ('42fcd60b-2719-4e31-ac26-fc78c484686a', '2020-05-21 16:00:33', 'admin', '超级管理员', 'Create', '192.168.1.117', '本地局域网', NULL, '系统管理', 1, '字段管理操作,新增操作成功', '2020-05-21 16:00:33', '9f2ec079-7d0f-4fe2-90ab-8b09a8302aba', NULL);
INSERT INTO `sys_log` VALUES ('436c1e7c-49b2-42d1-b5cb-185ee61d72b6', '2020-04-27 16:51:22', 'admin', '超级管理员', 'Update', '192.168.1.117', '本地局域网', NULL, '系统管理', 1, '系统菜单操作,修改操作成功', '2020-04-27 16:51:22', '9f2ec079-7d0f-4fe2-90ab-8b09a8302aba', 'd742c96e-b61c-4cea-afeb-81805789687b');
INSERT INTO `sys_log` VALUES ('43af5d1a-94af-468e-bc91-428e33058e56', '2020-05-13 09:46:44', 'admin', '超级管理员', 'Login', '192.168.99.1', '本地局域网', NULL, '系统登录', 1, '登录成功', '2020-05-13 09:46:44', NULL, NULL);
INSERT INTO `sys_log` VALUES ('4424eb93-1360-4ae5-b921-f1352ddef26c', '2020-04-14 13:31:22', 'admin', '超级管理员', 'Login', '117.81.192.182', '江苏省苏州市 电信', NULL, '系统登录', 1, '登录成功', '2020-04-14 13:31:22', '9f2ec079-7d0f-4fe2-90ab-8b09a8302aba', NULL);
INSERT INTO `sys_log` VALUES ('447f0515-de25-4c35-a713-b55231f9077e', '2020-04-17 10:37:57', 'admin', '超级管理员', 'Create', '192.168.1.117', '本地局域网', NULL, '系统管理', 1, '用户管理操作,新增操作成功', '2020-04-17 10:37:57', '9f2ec079-7d0f-4fe2-90ab-8b09a8302aba', NULL);
INSERT INTO `sys_log` VALUES ('449a83f7-767a-4348-85a2-06d4d6c5c85e', '2020-04-27 16:45:18', '10000', '2222', 'Exit', '192.168.1.117', '本地局域网', NULL, '系统登录', 1, '安全退出系统', '2020-04-27 16:45:18', 'ac7610db-b66e-4f57-916c-c7ea0a4b84c9', NULL);
INSERT INTO `sys_log` VALUES ('44c4e21e-7b83-429a-9eee-4c4b32b3b476', '2020-05-11 08:37:04', 'admin', '超级管理员', 'Login', '192.168.99.1', '本地局域网', NULL, '系统登录', 1, '登录成功', '2020-05-11 08:37:04', NULL, NULL);
INSERT INTO `sys_log` VALUES ('45ca6683-490d-494f-bf75-2bf555ecf0eb', '2020-04-15 09:51:02', 'admin', '超级管理员', 'Login', '117.81.192.182', '江苏省苏州市 电信', NULL, '系统登录', 1, '登录成功', '2020-04-15 09:51:02', '9f2ec079-7d0f-4fe2-90ab-8b09a8302aba', NULL);
INSERT INTO `sys_log` VALUES ('45d2c4fb-2e5a-4b13-92c0-9e69dc43fc0a', '2020-04-17 13:12:00', 'admin', '超级管理员', 'Login', '192.168.1.117', '本地局域网', NULL, '系统登录', 1, '登录成功', '2020-04-17 13:12:00', '9f2ec079-7d0f-4fe2-90ab-8b09a8302aba', NULL);
INSERT INTO `sys_log` VALUES ('48314d6f-1b2b-42d2-b34a-ee9d8029e912', '2020-05-19 13:47:03', 'admin', '超级管理员', 'Login', '未连接未知', '本地局域网', NULL, '用户Api', 1, '登录成功', '2020-05-19 13:47:03', NULL, NULL);
INSERT INTO `sys_log` VALUES ('48466dd1-4bbc-43fd-b36a-dc1a129c1c60', '2020-04-17 11:32:23', 'admin', '超级管理员', 'Delete', '192.168.1.117', '本地局域网', NULL, '系统管理', 1, '角色管理操作,删除操作成功', '2020-04-17 11:32:23', '9f2ec079-7d0f-4fe2-90ab-8b09a8302aba', NULL);
INSERT INTO `sys_log` VALUES ('48d53dcf-09ac-44c6-a822-6a26fecd28b8', '2020-05-11 11:40:43', 'admin', '超级管理员', 'Create', '192.168.99.1', '本地局域网', NULL, '系统管理', 0, '角色管理操作,新增操作失败，Object reference not set to an instance of an object.', '2020-05-11 11:40:43', '9f2ec079-7d0f-4fe2-90ab-8b09a8302aba', NULL);
INSERT INTO `sys_log` VALUES ('48f18f9a-295f-4a5c-a1c7-4ac91aea63bc', '2020-04-17 10:47:32', '10000', '莎莎声', 'Login', '192.168.1.117', '本地局域网', NULL, '系统登录', 1, '登录成功', '2020-04-17 10:47:32', '8af4f5d6-85a4-4137-87f8-3d1390a67f93', NULL);
INSERT INTO `sys_log` VALUES ('49292bd1-093a-49a4-a17a-b0c404e83717', '2020-05-27 08:41:36', 'admin', '超级管理员', 'Delete', '192.168.1.117', '本地局域网', NULL, '系统管理', 1, '系统菜单操作,删除操作成功', '2020-05-27 08:41:36', '9f2ec079-7d0f-4fe2-90ab-8b09a8302aba', NULL);
INSERT INTO `sys_log` VALUES ('4b83a244-682a-44db-86dd-d2220eae3644', '2020-05-04 10:57:42', 'admin', '超级管理员', 'Exit', '192.168.99.1', '本地局域网', NULL, '系统登录', 1, '安全退出系统', '2020-05-04 10:57:42', '9f2ec079-7d0f-4fe2-90ab-8b09a8302aba', NULL);
INSERT INTO `sys_log` VALUES ('4ba43978-2bae-40c1-af1a-25bb94998862', '2020-04-21 10:09:35', 'admin', '超级管理员', 'Login', '127.0.0.1', '本地局域网', NULL, '系统登录', 1, '登录成功', '2020-04-21 10:09:35', '9f2ec079-7d0f-4fe2-90ab-8b09a8302aba', NULL);
INSERT INTO `sys_log` VALUES ('4ba621e2-43bf-4829-ba61-446288c120d6', '2020-04-26 09:36:49', 'admin', '超级管理员', 'Login', '192.168.1.117', '本地局域网', NULL, '系统登录', 1, '登录成功', '2020-04-26 09:36:53', NULL, NULL);
INSERT INTO `sys_log` VALUES ('4bda8d56-a156-44e9-b871-cadda9dd2bab', '2020-05-19 15:32:39', 'admin', '超级管理员', 'Login', '未连接未知', '本地局域网', NULL, '用户Api', 1, '登录成功', '2020-05-19 15:32:39', NULL, NULL);
INSERT INTO `sys_log` VALUES ('4be248f2-475f-4ce7-ab2f-acbb2c8bb290', '2020-05-08 16:37:37', 'admin', '超级管理员', 'Delete', '192.168.99.1', '本地局域网', NULL, '系统管理', 1, '菜单按钮操作,删除操作成功', '2020-05-08 16:37:37', '9f2ec079-7d0f-4fe2-90ab-8b09a8302aba', NULL);
INSERT INTO `sys_log` VALUES ('4c0391b9-7b88-4f6e-a3a6-01de3f103e0b', '2020-05-19 12:04:20', 'admin', 'admin', 'Login', '未连接未知', '本地局域网', NULL, '用户Api', 0, '登录失败，密码不正确，请重新输入', '2020-05-19 12:04:20', NULL, NULL);
INSERT INTO `sys_log` VALUES ('4c3c3880-aea8-462c-af6c-623de23007e7', '2020-05-08 16:38:13', 'admin', '超级管理员', 'Delete', '192.168.99.1', '本地局域网', NULL, '系统管理', 1, '代码生成操作,删除操作成功', '2020-05-08 16:38:13', '9f2ec079-7d0f-4fe2-90ab-8b09a8302aba', NULL);
INSERT INTO `sys_log` VALUES ('4c8a250d-7d4f-4269-903f-4bf95f05b343', '2020-05-21 15:23:01', 'admin', '超级管理员', 'Update', '192.168.1.117', '本地局域网', NULL, '系统管理', 1, '系统菜单操作,修改操作成功', '2020-05-21 15:23:01', '9f2ec079-7d0f-4fe2-90ab-8b09a8302aba', '152a8e93-cebb-4574-ae74-2a86595ff986');
INSERT INTO `sys_log` VALUES ('4cd5262c-b9b2-41c4-862d-9de973dbd031', '2020-04-17 13:35:58', '10000', '2222', 'Login', '192.168.1.117', '本地局域网', NULL, '系统登录', 1, '登录成功', '2020-04-17 13:35:58', 'ac7610db-b66e-4f57-916c-c7ea0a4b84c9', NULL);
INSERT INTO `sys_log` VALUES ('4d2fd6ab-c367-497b-afba-2e51be62c2dd', '2020-04-17 12:09:11', 'admin', '超级管理员', 'Delete', '192.168.1.117', '本地局域网', NULL, '系统管理', 1, '用户管理操作,删除操作成功', '2020-04-17 12:09:11', '9f2ec079-7d0f-4fe2-90ab-8b09a8302aba', NULL);
INSERT INTO `sys_log` VALUES ('4d477fea-af3b-428e-bdb1-411483ac1172', '2020-04-15 17:07:00', 'admin', '超级管理员', 'Login', '117.81.192.182', '江苏省苏州市 电信', NULL, '系统登录', 1, '登录成功', '2020-04-15 17:07:00', '9f2ec079-7d0f-4fe2-90ab-8b09a8302aba', NULL);
INSERT INTO `sys_log` VALUES ('4df2317d-610c-43b3-b8ab-1f04187fc10c', '2020-04-27 17:07:39', '10000', '2222', 'Login', '192.168.1.117', '本地局域网', NULL, '系统登录', 1, '登录成功', '2020-04-27 17:07:39', NULL, NULL);
INSERT INTO `sys_log` VALUES ('4e28a3c9-7382-4d90-ad65-e2ecf51438a3', '2020-04-27 13:13:31', 'admin', '超级管理员', 'Exit', '192.168.1.117', '本地局域网', NULL, '系统登录', 1, '安全退出系统', '2020-04-27 13:13:31', '9f2ec079-7d0f-4fe2-90ab-8b09a8302aba', NULL);
INSERT INTO `sys_log` VALUES ('4e66d23b-a64e-4026-92e4-dc43c30af71a', '2020-05-13 11:26:17', 'admin', '超级管理员', 'Exit', '192.168.1.117', '本地局域网', NULL, '系统登录', 1, '安全退出系统', '2020-05-13 11:26:17', '9f2ec079-7d0f-4fe2-90ab-8b09a8302aba', NULL);
INSERT INTO `sys_log` VALUES ('4eb29522-953a-4218-b876-831e3b3d9dc6', '2020-04-20 17:09:12', 'admin', '超级管理员', 'Update', '192.168.1.117', '本地局域网', NULL, '系统管理', 1, '按钮管理操作,修改操作成功', '2020-04-20 17:09:12', '9f2ec079-7d0f-4fe2-90ab-8b09a8302aba', '3f69d32f-cb3b-4fa0-863b-98b9a090d7e9');
INSERT INTO `sys_log` VALUES ('4f26295e-8d7a-4d58-a6be-db2c7c1ea57a', '2020-05-20 15:29:56', 'admin', '超级管理员', 'Update', '192.168.1.117', '本地局域网', NULL, '系统管理', 1, '菜单按钮操作,修改操作成功', '2020-05-20 15:29:56', '9f2ec079-7d0f-4fe2-90ab-8b09a8302aba', '41862743-f703-4b6d-be54-08d253eb0ebc');
INSERT INTO `sys_log` VALUES ('4f7710dd-2798-4f13-8096-c3e4b4b793c5', '2020-05-26 14:52:16', 'admin', '超级管理员', 'Update', '192.168.1.117', '本地局域网', NULL, '系统安全', 0, '定时任务操作,修改操作失败，Late bound operations cannot be performed on types or methods for which ContainsGenericParameters is true.', '2020-05-26 14:52:16', '9f2ec079-7d0f-4fe2-90ab-8b09a8302aba', '1d9ffe9c-4c59-4431-8539-4c5ea364237e');
INSERT INTO `sys_log` VALUES ('4f9c5189-7178-4e1e-abbc-3067cbe87eb2', '2020-04-22 14:26:00', 'admin', 'admin', 'Login', '127.0.0.1', '本地局域网', NULL, '系统登录', 0, '登录失败，验证码错误，请重新输入', '2020-04-22 14:26:15', NULL, NULL);
INSERT INTO `sys_log` VALUES ('4fd54938-bc92-4430-a541-9a072816fecf', '2020-04-14 17:05:36', 'admin', '超级管理员', 'Login', '117.81.192.182', '江苏省苏州市 电信', NULL, '系统登录', 1, '登录成功', '2020-04-14 17:05:36', '9f2ec079-7d0f-4fe2-90ab-8b09a8302aba', NULL);
INSERT INTO `sys_log` VALUES ('50a89d37-06b9-472e-a34e-c8b05ed14903', '2020-04-27 16:52:20', 'admin', '超级管理员', 'Update', '192.168.1.117', '本地局域网', NULL, '系统管理', 1, '按钮管理操作,修改操作成功', '2020-04-27 16:52:20', '9f2ec079-7d0f-4fe2-90ab-8b09a8302aba', '0e156a57-8133-4d1b-9d0f-9b7554e7b1fc');
INSERT INTO `sys_log` VALUES ('50ccb340-8afd-45da-b743-50e0b2b1e2df', '2020-05-08 16:49:46', 'admin', '超级管理员', 'Delete', '192.168.99.1', '本地局域网', NULL, '系统管理', 1, '菜单按钮操作,删除操作成功', '2020-05-08 16:49:46', '9f2ec079-7d0f-4fe2-90ab-8b09a8302aba', NULL);
INSERT INTO `sys_log` VALUES ('51939300-6f21-4bb7-814b-1b77ca23d70b', '2020-05-26 15:03:55', 'admin', '超级管理员', 'Update', '192.168.1.117', '本地局域网', NULL, '系统安全', 1, '定时任务操作,修改操作成功', '2020-05-26 15:03:55', '9f2ec079-7d0f-4fe2-90ab-8b09a8302aba', '1d9ffe9c-4c59-4431-8539-4c5ea364237e');
INSERT INTO `sys_log` VALUES ('51d86823-b2c2-4ec1-a547-52948aeff153', '2020-05-08 15:33:35', 'admin', '超级管理员', 'Update', '192.168.99.1', '本地局域网', NULL, '系统管理', 1, '测试管理操作,修改操作成功', '2020-05-08 15:33:35', '9f2ec079-7d0f-4fe2-90ab-8b09a8302aba', '93630a6a-8131-475f-837d-df750d30ae22');
INSERT INTO `sys_log` VALUES ('52c84906-7be6-48ce-b598-fe5a6ee90f7f', '2020-04-17 14:59:58', 'admin', '超级管理员', 'Login', '192.168.1.117', '本地局域网', NULL, '系统登录', 1, '登录成功', '2020-04-17 14:59:58', '9f2ec079-7d0f-4fe2-90ab-8b09a8302aba', NULL);
INSERT INTO `sys_log` VALUES ('53e0ef9d-57de-48be-8fec-026652a05f93', '2020-05-26 14:24:33', 'admin', '超级管理员', 'Update', '192.168.1.117', '本地局域网', NULL, '系统安全', 1, '定时任务操作,修改操作成功', '2020-05-26 14:24:33', '9f2ec079-7d0f-4fe2-90ab-8b09a8302aba', '8f7b8d82-53c2-4d0e-885f-145a06141c81');
INSERT INTO `sys_log` VALUES ('54f671cb-fa32-46df-bebf-82561ab8e8f7', '2020-04-27 13:16:32', 'admin', '超级管理员', 'Exit', '192.168.1.117', '本地局域网', NULL, '系统登录', 1, '安全退出系统', '2020-04-27 13:16:36', '9f2ec079-7d0f-4fe2-90ab-8b09a8302aba', NULL);
INSERT INTO `sys_log` VALUES ('55b5fa16-789b-4ea4-a7ca-47b139bcb75d', '2020-04-21 11:45:37', 'admin', '超级管理员', 'Login', '192.168.1.117', '本地局域网', NULL, '系统登录', 1, '登录成功', '2020-04-21 11:45:37', '9f2ec079-7d0f-4fe2-90ab-8b09a8302aba', NULL);
INSERT INTO `sys_log` VALUES ('55e154bc-bb40-40e3-a4b5-5d21f362d1be', '2020-04-20 16:06:09', '10000', '2222', 'Exit', '192.168.1.117', '本地局域网', NULL, '系统登录', 1, '安全退出系统', '2020-04-20 16:06:09', 'ac7610db-b66e-4f57-916c-c7ea0a4b84c9', NULL);
INSERT INTO `sys_log` VALUES ('563d7e30-d339-423c-8ba2-5fa16728905c', '2020-05-08 15:14:16', 'admin', '超级管理员', 'Delete', '192.168.99.1', '本地局域网', NULL, '系统管理', 1, '菜单按钮操作,删除操作成功', '2020-05-08 15:14:16', '9f2ec079-7d0f-4fe2-90ab-8b09a8302aba', NULL);
INSERT INTO `sys_log` VALUES ('56c37be5-c04e-4bbd-b0d0-ace6dc7f9057', '2020-04-27 13:13:55', 'admin', '超级管理员', 'Exit', '192.168.1.117', '本地局域网', NULL, '系统登录', 1, '安全退出系统', '2020-04-27 13:13:55', '9f2ec079-7d0f-4fe2-90ab-8b09a8302aba', NULL);
INSERT INTO `sys_log` VALUES ('56f4727b-b539-47e6-903d-889a9e8fc45c', '2020-05-11 11:43:40', 'admin', '超级管理员', 'Update', '192.168.99.1', '本地局域网', NULL, '系统管理', 1, '角色管理操作,修改操作成功', '2020-05-11 11:43:40', '9f2ec079-7d0f-4fe2-90ab-8b09a8302aba', '0fa427f8-441b-4424-878b-0563648e4257');
INSERT INTO `sys_log` VALUES ('570e565c-6cc1-45d0-bbad-ac8ced1234eb', '2020-05-26 17:34:42', 'admin', '超级管理员', 'Update', '192.168.1.117', '本地局域网', NULL, '系统安全', 1, '定时任务操作,修改操作成功', '2020-05-26 17:34:42', '9f2ec079-7d0f-4fe2-90ab-8b09a8302aba', '1d9ffe9c-4c59-4431-8539-4c5ea364237e');
INSERT INTO `sys_log` VALUES ('5734edaa-a126-4ada-80ea-705a64ecd7ca', '2020-05-26 14:57:31', 'admin', '超级管理员', 'Update', '192.168.1.117', '本地局域网', NULL, '系统安全', 0, '定时任务操作,修改操作失败，Unable to store Job: \'WaterCloud.服务器状态更新\', because one already exists with this identification.', '2020-05-26 14:57:31', '9f2ec079-7d0f-4fe2-90ab-8b09a8302aba', '1d9ffe9c-4c59-4431-8539-4c5ea364237e');
INSERT INTO `sys_log` VALUES ('57dad1c4-deb0-464e-83c8-e1effdf28fc6', '2020-05-21 16:09:10', 'admin', '超级管理员', 'Update', '192.168.1.117', '本地局域网', NULL, '系统管理', 1, '系统菜单操作,修改操作成功', '2020-05-21 16:09:10', '9f2ec079-7d0f-4fe2-90ab-8b09a8302aba', '152a8e93-cebb-4574-ae74-2a86595ff986');
INSERT INTO `sys_log` VALUES ('584529e7-b6ca-411a-834c-20a1046d0303', '2020-05-21 16:14:29', 'admin', '超级管理员', 'Exit', '192.168.1.117', '本地局域网', NULL, '系统登录', 1, '安全退出系统', '2020-05-21 16:14:29', '9f2ec079-7d0f-4fe2-90ab-8b09a8302aba', NULL);
INSERT INTO `sys_log` VALUES ('58c209a8-b7aa-4ec7-9701-6c8e5f2e70cc', '2020-05-12 14:09:57', 'admin', '超级管理员', 'Delete', '192.168.99.1', '本地局域网', NULL, '系统管理', 1, '菜单按钮操作,删除操作成功', '2020-05-12 14:09:57', '9f2ec079-7d0f-4fe2-90ab-8b09a8302aba', NULL);
INSERT INTO `sys_log` VALUES ('58f4ab17-ecf6-4a6a-9dd5-958260e2bd9e', '2020-04-27 17:30:05', 'admin', '超级管理员', 'Login', '192.168.1.117', '本地局域网', NULL, '系统登录', 1, '登录成功', '2020-04-27 17:30:05', NULL, NULL);
INSERT INTO `sys_log` VALUES ('591f8334-53a4-47aa-989d-1c2fbb5b7946', '2020-05-20 15:29:39', 'admin', '超级管理员', 'Update', '192.168.1.117', '本地局域网', NULL, '系统管理', 1, '系统菜单操作,修改操作成功', '2020-05-20 15:29:39', '9f2ec079-7d0f-4fe2-90ab-8b09a8302aba', 'e72c75d0-3a69-41ad-b220-13c9a62ec788');
INSERT INTO `sys_log` VALUES ('598a6bd6-23fa-4f61-b4cb-8b6af3c5f285', '2020-04-27 14:34:48', '10000', '2222', 'Login', '192.168.1.117', '本地局域网', NULL, '系统登录', 1, '登录成功', '2020-04-27 14:34:48', 'ac7610db-b66e-4f57-916c-c7ea0a4b84c9', NULL);
INSERT INTO `sys_log` VALUES ('59dd9a8f-3f95-47e8-8b3c-229e8e90a998', '2020-04-17 14:41:06', 'admin', '超级管理员', 'Delete', '192.168.1.117', '本地局域网', NULL, '系统管理', 1, '岗位管理操作,删除操作成功', '2020-04-17 14:41:06', '9f2ec079-7d0f-4fe2-90ab-8b09a8302aba', NULL);
INSERT INTO `sys_log` VALUES ('5a9cbeb6-3428-4cb7-b6fa-bc70efdb8ba5', '2020-04-27 16:51:30', 'admin', '超级管理员', 'Update', '192.168.1.117', '本地局域网', NULL, '系统管理', 1, '系统菜单操作,修改操作成功', '2020-04-27 16:51:30', '9f2ec079-7d0f-4fe2-90ab-8b09a8302aba', '64A1C550-2C61-4A8C-833D-ACD0C012260F');
INSERT INTO `sys_log` VALUES ('5af10d8a-da76-4052-ba0a-8f6e5a800326', '2020-05-11 14:53:44', 'admin', '超级管理员', 'Delete', '192.168.99.1', '本地局域网', NULL, '系统管理', 1, '菜单按钮操作,删除操作成功', '2020-05-11 14:53:44', '9f2ec079-7d0f-4fe2-90ab-8b09a8302aba', NULL);
INSERT INTO `sys_log` VALUES ('5cb40f28-46c7-455b-8cd0-7e1cc0399644', '2020-04-27 13:18:05', 'admin', '超级管理员', 'Login', '192.168.1.117', '本地局域网', NULL, '系统登录', 1, '登录成功', '2020-04-27 13:18:15', NULL, NULL);
INSERT INTO `sys_log` VALUES ('5d153260-43f7-47c7-9b8e-5dfb8d561f59', '2020-04-17 14:47:44', 'admin', '超级管理员', 'Login', '192.168.1.117', '本地局域网', NULL, '系统登录', 1, '登录成功', '2020-04-17 14:47:44', '9f2ec079-7d0f-4fe2-90ab-8b09a8302aba', NULL);
INSERT INTO `sys_log` VALUES ('5fb13526-c588-461f-9f11-00b05e8a8c9e', '2020-05-26 17:04:36', 'admin', '超级管理员', 'Update', '192.168.1.117', '本地局域网', NULL, '系统安全', 1, '定时任务操作,修改操作成功', '2020-05-26 17:04:36', '9f2ec079-7d0f-4fe2-90ab-8b09a8302aba', '1d9ffe9c-4c59-4431-8539-4c5ea364237e');
INSERT INTO `sys_log` VALUES ('609e0259-00f8-4ea0-b02d-0e0f20ba8178', '2020-04-15 10:04:57', 'admin', '超级管理员', 'Login', '117.81.192.182', '江苏省苏州市 电信', NULL, '系统登录', 1, '登录成功', '2020-04-15 10:05:26', '9f2ec079-7d0f-4fe2-90ab-8b09a8302aba', NULL);
INSERT INTO `sys_log` VALUES ('60a2e0e5-3406-470b-9bd8-8dcdf7f5f8cf', '2020-04-17 11:31:59', 'admin', '超级管理员', 'Delete', '192.168.1.117', '本地局域网', NULL, '系统管理', 1, '角色管理操作,删除操作成功', '2020-04-17 11:31:59', '9f2ec079-7d0f-4fe2-90ab-8b09a8302aba', NULL);
INSERT INTO `sys_log` VALUES ('61496ea5-fb8e-4252-a5d8-285e767c433d', '2020-04-17 11:32:13', 'admin', '超级管理员', 'Delete', '192.168.1.117', '本地局域网', NULL, '系统管理', 1, '角色管理操作,删除操作成功', '2020-04-17 11:32:13', '9f2ec079-7d0f-4fe2-90ab-8b09a8302aba', NULL);
INSERT INTO `sys_log` VALUES ('6237cf05-795a-45c5-b756-9ccac413aabd', '2020-04-17 10:33:47', 'admin', '超级管理员', 'Update', '192.168.1.117', '本地局域网', NULL, '系统管理', 1, '用户管理操作,修改重置密码成功', '2020-04-17 10:33:47', '9f2ec079-7d0f-4fe2-90ab-8b09a8302aba', '6052f242-15ae-4b77-ad95-929f8a6f244c');
INSERT INTO `sys_log` VALUES ('6355ec35-8a53-4728-9d10-0a95cdfc4d9f', '2020-04-17 15:00:21', 'admin', '超级管理员', 'Exit', '192.168.1.117', '本地局域网', NULL, '系统登录', 1, '安全退出系统', '2020-04-17 15:00:21', '9f2ec079-7d0f-4fe2-90ab-8b09a8302aba', NULL);
INSERT INTO `sys_log` VALUES ('638a39e8-b84e-4bf7-a9c7-378571387638', '2020-04-28 08:36:23', 'admin', 'admin', 'Login', '192.168.1.117', '本地局域网', NULL, '系统登录', 0, '登录失败，验证码错误，请重新输入', '2020-04-28 08:36:23', NULL, NULL);
INSERT INTO `sys_log` VALUES ('639eb67d-b817-45c3-9b18-ba894d4dad1c', '2020-05-20 15:40:22', 'admin', '超级管理员', 'Update', '192.168.1.117', '本地局域网', NULL, '系统管理', 1, '角色管理操作,修改操作成功', '2020-05-20 15:40:22', '9f2ec079-7d0f-4fe2-90ab-8b09a8302aba', 'd71324b7-e7eb-47b2-bdea-f0293d36bb7f');
INSERT INTO `sys_log` VALUES ('64dda75e-379b-4451-a880-e947cdfe1ebe', '2020-05-12 12:39:18', 'admin', '超级管理员', 'Create', '192.168.99.1', '本地局域网', NULL, '系统管理', 1, '菜单按钮操作,新增克隆成功', '2020-05-12 12:39:18', '9f2ec079-7d0f-4fe2-90ab-8b09a8302aba', NULL);
INSERT INTO `sys_log` VALUES ('65094861-dbb6-4bf2-82a9-c48225b3ba8c', '2020-04-17 12:49:53', 'admin', '超级管理员', 'Update', '192.168.1.117', '本地局域网', NULL, '系统管理', 1, '按钮管理操作,修改操作成功', '2020-04-17 12:49:53', '9f2ec079-7d0f-4fe2-90ab-8b09a8302aba', 'f93763ff-51a1-478d-9585-3c86084c54f3');
INSERT INTO `sys_log` VALUES ('651592ae-be17-49a8-a332-b14c439cd73c', '2020-05-04 11:40:07', 'admin', '超级管理员', 'Login', '192.168.99.1', '本地局域网', NULL, '系统登录', 1, '登录成功', '2020-05-04 11:40:07', NULL, NULL);
INSERT INTO `sys_log` VALUES ('653cf277-0ec4-4bf0-951c-007206b8425a', '2020-05-15 15:25:20', 'admin', '超级管理员', 'Login', '192.168.99.1', '本地局域网', NULL, '系统登录', 1, '登录成功', '2020-05-15 15:25:20', NULL, NULL);
INSERT INTO `sys_log` VALUES ('65a8ad20-dd87-4b87-8603-85be7e868fbb', '2020-05-08 14:19:02', 'admin', '超级管理员', 'Delete', '192.168.99.1', '本地局域网', NULL, '系统管理', 1, '代码生成操作,删除操作成功', '2020-05-08 14:19:02', '9f2ec079-7d0f-4fe2-90ab-8b09a8302aba', NULL);
INSERT INTO `sys_log` VALUES ('66a2cd74-d235-4c49-8edf-79802ea0076e', '2020-05-04 10:54:01', 'admin', '超级管理员', 'Exit', '192.168.99.1', '本地局域网', NULL, '系统登录', 1, '安全退出系统', '2020-05-04 10:54:01', '9f2ec079-7d0f-4fe2-90ab-8b09a8302aba', NULL);
INSERT INTO `sys_log` VALUES ('66b48543-b830-4fff-b6ca-f7b54a75547c', '2020-04-27 13:26:25', 'admin', '超级管理员', 'Login', '192.168.1.117', '本地局域网', NULL, '系统登录', 1, '登录成功', '2020-04-27 13:26:34', NULL, NULL);
INSERT INTO `sys_log` VALUES ('67339947-0b22-480d-8460-04567973fe32', '2020-05-11 14:03:36', 'admin', '超级管理员', 'Login', '192.168.99.1', '本地局域网', NULL, '系统登录', 1, '登录成功', '2020-05-11 14:03:36', NULL, NULL);
INSERT INTO `sys_log` VALUES ('6765bc2e-d9f4-4ed8-9839-03c576621039', '2020-04-27 13:10:13', 'admin', '超级管理员', 'Exit', '192.168.1.117', '本地局域网', NULL, '系统登录', 1, '安全退出系统', '2020-04-27 13:10:13', '9f2ec079-7d0f-4fe2-90ab-8b09a8302aba', NULL);
INSERT INTO `sys_log` VALUES ('6791badd-5e21-4df1-b50f-5403fec7e68a', '2020-05-12 14:12:55', 'admin', '超级管理员', 'Delete', '192.168.99.1', '本地局域网', NULL, '系统管理', 1, '菜单按钮操作,删除操作成功', '2020-05-12 14:12:55', '9f2ec079-7d0f-4fe2-90ab-8b09a8302aba', NULL);
INSERT INTO `sys_log` VALUES ('67a69662-a56c-476d-94d2-05f4a7977776', '2020-04-26 09:23:52', 'admin', 'admin', 'Login', '192.168.1.117', '本地局域网', NULL, '系统登录', 0, '登录失败，验证码错误，请重新输入', '2020-04-26 09:23:58', NULL, NULL);
INSERT INTO `sys_log` VALUES ('6810cf55-2111-4cee-8b6b-8bac41795421', '2020-04-27 15:12:14', '10000', '2222', 'Login', '192.168.1.117', '本地局域网', NULL, '系统登录', 1, '登录成功', '2020-04-27 15:12:18', NULL, NULL);
INSERT INTO `sys_log` VALUES ('685ee5a6-1a86-45fe-94ab-3eb02b01fa9e', '2020-04-26 09:27:25', 'admin', 'admin', 'Login', '192.168.1.117', '本地局域网', NULL, '系统登录', 0, '登录失败，验证码错误，请重新输入', '2020-04-26 09:27:30', NULL, NULL);
INSERT INTO `sys_log` VALUES ('685f9a33-9752-4deb-ba4e-ba462d22332c', '2020-04-17 14:48:11', '10000', '2222', 'Login', '192.168.1.117', '本地局域网', NULL, '系统登录', 1, '登录成功', '2020-04-17 14:48:11', 'ac7610db-b66e-4f57-916c-c7ea0a4b84c9', NULL);
INSERT INTO `sys_log` VALUES ('68f27dcb-5cc1-4b53-b768-1ad2859714de', '2020-04-17 10:47:03', '10000', '10000', 'Login', '192.168.1.117', '本地局域网', NULL, '系统登录', 0, '登录失败，可为空的对象必须具有一个值。', '2020-04-17 10:47:05', NULL, NULL);
INSERT INTO `sys_log` VALUES ('6913487b-4b94-47e5-8443-3391906a39d2', '2020-05-25 09:54:24', 'admin', '超级管理员', 'Update', '192.168.1.117', '本地局域网', NULL, '系统管理', 1, '字段管理操作,修改操作成功', '2020-05-25 09:54:24', '9f2ec079-7d0f-4fe2-90ab-8b09a8302aba', 'bf5a2919-281c-44e2-a83b-74576e08743e');
INSERT INTO `sys_log` VALUES ('696fba60-9582-40e7-8fb2-6b06eee3e85f', '2020-04-20 17:06:01', 'admin', '超级管理员', 'Update', '192.168.1.117', '本地局域网', NULL, '系统管理', 1, '用户管理操作,修改操作成功', '2020-04-20 17:06:01', '9f2ec079-7d0f-4fe2-90ab-8b09a8302aba', 'ac7610db-b66e-4f57-916c-c7ea0a4b84c9');
INSERT INTO `sys_log` VALUES ('6a0f899a-3443-422c-b42b-136c63a4d5b8', '2020-04-23 10:01:33', 'admin', '超级管理员', 'Exit', '192.168.1.117', '本地局域网', NULL, '系统登录', 1, '安全退出系统', '2020-04-23 10:01:33', '9f2ec079-7d0f-4fe2-90ab-8b09a8302aba', NULL);
INSERT INTO `sys_log` VALUES ('6a6467d2-af92-4ecf-9392-638d52a017fc', '2020-05-21 10:30:18', 'admin', '超级管理员', 'Login', '192.168.1.117', '本地局域网', NULL, '系统登录', 1, '登录成功', '2020-05-21 10:30:18', '9f2ec079-7d0f-4fe2-90ab-8b09a8302aba', NULL);
INSERT INTO `sys_log` VALUES ('6ab1d48d-5f65-466e-b390-5768648ae096', '2020-04-17 11:20:03', 'admin', '超级管理员', 'Update', '192.168.1.117', '本地局域网', NULL, '系统管理', 1, '用户管理操作,修改操作成功', '2020-04-17 11:20:03', '9f2ec079-7d0f-4fe2-90ab-8b09a8302aba', '8af4f5d6-85a4-4137-87f8-3d1390a67f93');
INSERT INTO `sys_log` VALUES ('6ab5e3db-fec8-4cb9-b6eb-d5c9679c1cd1', '2020-05-12 14:07:35', 'admin', '超级管理员', 'Update', '192.168.99.1', '本地局域网', NULL, '系统管理', 1, '菜单按钮操作,修改操作成功', '2020-05-12 14:07:35', '9f2ec079-7d0f-4fe2-90ab-8b09a8302aba', '41862743-f703-4b6d-be54-08d253eb0ebc');
INSERT INTO `sys_log` VALUES ('6b1abd12-93af-4f4e-a8d3-9b7a4874b044', '2020-04-20 15:10:07', '10000', '2222', 'Update', '192.168.1.117', '本地局域网', NULL, '系统管理', 1, '系统菜单操作,修改操作成功', '2020-04-20 15:10:07', 'ac7610db-b66e-4f57-916c-c7ea0a4b84c9', '7e4e4a48-4d51-4159-a113-2a211186f13a');
INSERT INTO `sys_log` VALUES ('6babbb99-629b-48f6-a547-a9e3af80c6a5', '2020-04-27 16:57:10', 'admin', '超级管理员', 'Update', '192.168.1.117', '本地局域网', NULL, '系统管理', 1, '按钮管理操作,修改操作成功', '2020-04-27 16:57:10', '9f2ec079-7d0f-4fe2-90ab-8b09a8302aba', '4f727b61-0aa4-45f0-83b5-7fcddfe034e8');
INSERT INTO `sys_log` VALUES ('6c0510c8-5a5c-40d3-acf8-a5e9323ac4fc', '2020-05-07 08:32:01', 'admin', '超级管理员', 'Login', '192.168.99.1', '本地局域网', NULL, '系统登录', 1, '登录成功', '2020-05-07 08:32:01', NULL, NULL);
INSERT INTO `sys_log` VALUES ('6c0adacb-3c8f-460a-a2f3-999bc7fd295c', '2020-04-17 14:25:00', 'admin', '超级管理员', 'Login', '192.168.1.117', '本地局域网', NULL, '系统登录', 1, '登录成功', '2020-04-17 14:25:00', '9f2ec079-7d0f-4fe2-90ab-8b09a8302aba', NULL);
INSERT INTO `sys_log` VALUES ('6c25c0de-832e-4943-9c24-06f2697a5c78', '2020-04-20 16:26:36', 'admin', '超级管理员', 'Login', '127.0.0.1', '本地局域网', NULL, '系统登录', 1, '登录成功', '2020-04-20 16:26:36', '9f2ec079-7d0f-4fe2-90ab-8b09a8302aba', NULL);
INSERT INTO `sys_log` VALUES ('6c434fdd-2dc8-4ca3-850a-de9904e9d3ee', '2020-05-21 15:38:53', 'admin', '超级管理员', 'Update', '192.168.1.117', '本地局域网', NULL, '系统管理', 1, '菜单按钮操作,修改操作成功', '2020-05-21 15:38:53', '9f2ec079-7d0f-4fe2-90ab-8b09a8302aba', '85bfbb9d-24f0-4a6f-8bb8-0f87826d04fa');
INSERT INTO `sys_log` VALUES ('6c65698d-1947-4ca8-8d4f-bc6ee5be9240', '2020-04-27 16:56:56', 'admin', '超级管理员', 'Update', '192.168.1.117', '本地局域网', NULL, '系统管理', 1, '按钮管理操作,修改操作成功', '2020-04-27 16:56:56', '9f2ec079-7d0f-4fe2-90ab-8b09a8302aba', '071f5982-efb2-4fa3-a6cf-a02f3f1f9d92');
INSERT INTO `sys_log` VALUES ('6d317dc1-42c8-45f7-a776-879ed504e1a6', '2020-05-11 14:53:40', 'admin', '超级管理员', 'Create', '192.168.99.1', '本地局域网', NULL, '系统管理', 1, '菜单按钮操作,新增操作成功', '2020-05-11 14:53:40', '9f2ec079-7d0f-4fe2-90ab-8b09a8302aba', NULL);
INSERT INTO `sys_log` VALUES ('6d3a322c-c7bd-40e1-925e-5934b4771252', '2020-05-08 15:27:56', 'admin', '超级管理员', 'Create', '192.168.99.1', '本地局域网', NULL, '系统管理', 0, '测试管理操作,新增操作失败，Value cannot be null.', '2020-05-08 15:27:56', '9f2ec079-7d0f-4fe2-90ab-8b09a8302aba', NULL);
INSERT INTO `sys_log` VALUES ('6d561966-e9fc-45ac-8334-7ddf2fde5dd6', '2020-05-04 14:10:25', 'admin', '超级管理员', 'Login', '192.168.99.1', '本地局域网', NULL, '系统登录', 1, '登录成功', '2020-05-04 14:10:25', NULL, NULL);
INSERT INTO `sys_log` VALUES ('6da3a91e-a083-4704-bdd9-e2868adf7e5c', '2020-04-27 13:13:19', 'admin', '超级管理员', 'Login', '192.168.1.117', '本地局域网', NULL, '系统登录', 1, '登录成功', '2020-04-27 13:13:22', NULL, NULL);
INSERT INTO `sys_log` VALUES ('6e03bc32-3895-465b-b8a9-e3639707c81d', '2020-05-20 14:48:21', 'admin', '超级管理员', 'Login', '192.168.1.117', '本地局域网', NULL, '系统登录', 1, '登录成功', '2020-05-20 14:48:21', NULL, NULL);
INSERT INTO `sys_log` VALUES ('6e19c0d6-bd52-45d2-ad76-8693b6a4fe91', '2020-05-21 15:15:03', 'admin', '超级管理员', 'Update', '192.168.1.117', '本地局域网', NULL, '系统管理', 1, '菜单按钮操作,修改操作成功', '2020-05-21 15:15:03', '9f2ec079-7d0f-4fe2-90ab-8b09a8302aba', '85bfbb9d-24f0-4a6f-8bb8-0f87826d04fa');
INSERT INTO `sys_log` VALUES ('6e3e49d6-4d76-40d0-aaf5-a2ecf1a217ea', '2020-04-17 11:32:01', 'admin', '超级管理员', 'Delete', '192.168.1.117', '本地局域网', NULL, '系统管理', 1, '角色管理操作,删除操作成功', '2020-04-17 11:32:01', '9f2ec079-7d0f-4fe2-90ab-8b09a8302aba', NULL);
INSERT INTO `sys_log` VALUES ('6e92b096-6167-4aa5-a804-2f2b16e9380b', '2020-05-22 16:53:30', 'admin', '超级管理员', 'Update', '192.168.1.117', '本地局域网', NULL, '系统管理', 1, '字段管理操作,修改操作成功', '2020-05-22 16:53:30', '9f2ec079-7d0f-4fe2-90ab-8b09a8302aba', 'ddd93ca7-d821-4abd-a342-9be1782dabe9');
INSERT INTO `sys_log` VALUES ('6f0f4d4a-71d2-4a3b-8474-64904eed2887', '2020-04-20 15:56:12', '10000', '2222', 'Update', '192.168.1.117', '本地局域网', NULL, '系统管理', 1, '系统菜单操作,修改操作成功', '2020-04-20 15:56:12', 'ac7610db-b66e-4f57-916c-c7ea0a4b84c9', '7e4e4a48-4d51-4159-a113-2a211186f13a');
INSERT INTO `sys_log` VALUES ('6f1d68a3-360b-4657-a7fd-9db6e1cf4390', '2020-04-15 14:39:17', 'admin', '超级管理员', 'Login', '117.81.192.182', '江苏省苏州市 电信', NULL, '系统登录', 1, '登录成功', '2020-04-15 14:39:17', '9f2ec079-7d0f-4fe2-90ab-8b09a8302aba', NULL);
INSERT INTO `sys_log` VALUES ('6f2a150d-b9a5-48cd-8b61-6088281a8a97', '2020-04-17 15:00:42', NULL, NULL, 'Update', '192.168.1.117', '本地局域网', NULL, '系统管理', 0, '角色管理操作,修改操作失败，不能修改用户当前角色', '2020-04-17 15:00:42', 'ac7610db-b66e-4f57-916c-c7ea0a4b84c9', 'd71324b7-e7eb-47b2-bdea-f0293d36bb7f');
INSERT INTO `sys_log` VALUES ('6f421150-bb4e-49dd-a467-cf680969f082', '2020-05-20 15:48:15', '10000', '2222', 'Exit', '192.168.1.117', '本地局域网', NULL, '系统登录', 1, '安全退出系统', '2020-05-20 15:48:15', 'ac7610db-b66e-4f57-916c-c7ea0a4b84c9', NULL);
INSERT INTO `sys_log` VALUES ('6fb2145a-f0d9-4452-a195-00f0869cc750', '2020-04-20 16:56:04', 'admin', '超级管理员', 'Update', '192.168.1.117', '本地局域网', NULL, '系统管理', 1, '机构管理操作,修改操作成功', '2020-04-20 16:56:04', '9f2ec079-7d0f-4fe2-90ab-8b09a8302aba', '253EDA1F-F158-4F3F-A778-B7E538E052A2');
INSERT INTO `sys_log` VALUES ('6fb38782-acca-4c12-8bee-449fe411a363', '2020-04-27 13:24:50', 'admin', '超级管理员', 'Exit', '192.168.1.117', '本地局域网', NULL, '系统登录', 1, '安全退出系统', '2020-04-27 13:24:50', '9f2ec079-7d0f-4fe2-90ab-8b09a8302aba', NULL);
INSERT INTO `sys_log` VALUES ('6fd8318b-7ba0-4436-bb8e-7fc22fa981e3', '2020-04-23 16:54:45', 'admin', '超级管理员', 'Login', '192.168.1.117', '本地局域网', NULL, '系统登录', 1, '登录成功', '2020-04-23 16:54:45', '9f2ec079-7d0f-4fe2-90ab-8b09a8302aba', NULL);
INSERT INTO `sys_log` VALUES ('700de784-c77c-42ff-a01e-907a2f9114ab', '2020-05-08 16:49:50', 'admin', '超级管理员', 'Delete', '192.168.99.1', '本地局域网', NULL, '系统管理', 1, '菜单按钮操作,删除操作成功', '2020-05-08 16:49:50', '9f2ec079-7d0f-4fe2-90ab-8b09a8302aba', NULL);
INSERT INTO `sys_log` VALUES ('704c73d5-0064-4c50-a546-42a3caef76d9', '2020-05-22 16:53:20', 'admin', '超级管理员', 'Create', '192.168.1.117', '本地局域网', NULL, '系统管理', 1, '字段管理操作,新增操作成功', '2020-05-22 16:53:20', '9f2ec079-7d0f-4fe2-90ab-8b09a8302aba', NULL);
INSERT INTO `sys_log` VALUES ('7099f9cf-cc46-402d-a5bb-e92d0d3daaff', '2020-04-27 16:53:35', 'admin', '超级管理员', 'Update', '192.168.1.117', '本地局域网', NULL, '系统管理', 1, '系统菜单操作,修改操作成功', '2020-04-27 16:53:35', '9f2ec079-7d0f-4fe2-90ab-8b09a8302aba', 'd742c96e-b61c-4cea-afeb-81805789687b');
INSERT INTO `sys_log` VALUES ('717443c1-e1ab-44f1-9f39-b634a722902a', '2020-04-21 10:53:00', 'admin', '超级管理员', 'Exit', '192.168.1.117', '本地局域网', NULL, '系统登录', 1, '安全退出系统', '2020-04-21 10:53:00', '9f2ec079-7d0f-4fe2-90ab-8b09a8302aba', NULL);
INSERT INTO `sys_log` VALUES ('717a6126-2637-406f-9781-1c0d6e9e80f3', '2020-05-19 10:12:11', 'admin', '超级管理员', 'Exit', '192.168.99.1', '本地局域网', NULL, '系统登录', 1, '安全退出系统', '2020-05-19 10:12:11', '9f2ec079-7d0f-4fe2-90ab-8b09a8302aba', NULL);
INSERT INTO `sys_log` VALUES ('71efc720-a39b-4a80-84db-18d40ccfe6b4', '2020-04-26 09:35:57', 'admin', 'admin', 'Login', '192.168.1.117', '本地局域网', NULL, '系统登录', 0, '登录失败，Object reference not set to an instance of an object.', '2020-04-26 09:36:05', NULL, NULL);
INSERT INTO `sys_log` VALUES ('72650e47-9863-4622-8217-d51402718181', '2020-04-17 11:37:16', 'admin', '超级管理员', 'Update', '192.168.1.117', '本地局域网', NULL, '系统管理', 1, '角色管理操作,修改操作成功', '2020-04-17 11:37:16', '9f2ec079-7d0f-4fe2-90ab-8b09a8302aba', 'b05efc5b-51a0-4843-8d4d-1e191b2863f1');
INSERT INTO `sys_log` VALUES ('727d7ae8-4312-45da-8fd8-355034d4c46b', '2020-05-12 12:31:18', 'admin', '超级管理员', 'Login', '192.168.99.1', '本地局域网', NULL, '系统登录', 1, '登录成功', '2020-05-12 12:31:18', '9f2ec079-7d0f-4fe2-90ab-8b09a8302aba', NULL);
INSERT INTO `sys_log` VALUES ('72ca0440-5281-4fbf-a8d3-9723ada8d5a7', '2020-05-08 16:01:55', 'admin', '超级管理员', 'Delete', '192.168.99.1', '本地局域网', NULL, '系统管理', 1, '菜单按钮操作,删除操作成功', '2020-05-08 16:01:55', '9f2ec079-7d0f-4fe2-90ab-8b09a8302aba', NULL);
INSERT INTO `sys_log` VALUES ('73c53510-0644-426b-a043-1cdd6b759802', '2020-04-17 12:50:57', 'admin', '超级管理员', 'Update', '192.168.1.117', '本地局域网', NULL, '系统管理', 1, '按钮管理操作,修改操作成功', '2020-04-17 12:50:57', '9f2ec079-7d0f-4fe2-90ab-8b09a8302aba', '82f162cb-beb9-4a79-8924-cd1860e26e2e');
INSERT INTO `sys_log` VALUES ('744e4847-5cc0-4efb-8734-36fdc2801f22', '2020-04-27 13:14:03', 'admin', '超级管理员', 'Login', '192.168.1.117', '本地局域网', NULL, '系统登录', 1, '登录成功', '2020-04-27 13:14:09', NULL, NULL);
INSERT INTO `sys_log` VALUES ('745b19c6-358e-4562-8932-e27eaa90f1c1', '2020-04-27 14:19:20', '10000', '2222', 'Login', '192.168.1.117', '本地局域网', NULL, '系统登录', 1, '登录成功', '2020-04-27 14:19:23', NULL, NULL);
INSERT INTO `sys_log` VALUES ('74bcbbfc-1db5-44a9-8400-bdf7bfc48cdf', '2020-04-27 15:04:55', '10000', '2222', 'Login', '192.168.1.117', '本地局域网', NULL, '系统登录', 1, '登录成功', '2020-04-27 15:04:59', NULL, NULL);
INSERT INTO `sys_log` VALUES ('74e86449-f996-49a4-8e1d-532d5f2b7a77', '2020-05-26 14:52:10', 'admin', '超级管理员', 'Update', '192.168.1.117', '本地局域网', NULL, '系统安全', 1, '定时任务操作,修改操作成功', '2020-05-26 14:52:10', '9f2ec079-7d0f-4fe2-90ab-8b09a8302aba', '1d9ffe9c-4c59-4431-8539-4c5ea364237e');
INSERT INTO `sys_log` VALUES ('74eb3040-4d97-4e69-b581-03663e955d0a', '2020-04-20 14:52:04', '10000', '10000', 'Login', '192.168.1.117', '本地局域网', NULL, '系统登录', 0, '登录失败，验证码错误，请重新输入', '2020-04-20 14:52:06', NULL, NULL);
INSERT INTO `sys_log` VALUES ('756d7f89-1ea5-451e-8410-b0401a3a3fe0', '2020-04-17 13:31:00', '10000', '2222', 'Login', '192.168.1.117', '本地局域网', NULL, '系统登录', 1, '登录成功', '2020-04-17 13:31:00', 'ac7610db-b66e-4f57-916c-c7ea0a4b84c9', NULL);
INSERT INTO `sys_log` VALUES ('75dc2450-f7e5-48d1-8a40-fa8f1a35be0f', '2020-04-28 08:38:31', 'admin', '超级管理员', 'Login', '192.168.1.117', '本地局域网', NULL, '系统登录', 1, '登录成功', '2020-04-28 08:38:31', NULL, NULL);
INSERT INTO `sys_log` VALUES ('76dd42e8-ed51-40cd-9b53-79cf49f38927', '2020-04-15 17:20:11', 'admin', '超级管理员', 'Login', '117.81.192.182', '江苏省苏州市 电信', NULL, '系统登录', 1, '登录成功', '2020-04-15 17:20:11', '9f2ec079-7d0f-4fe2-90ab-8b09a8302aba', NULL);
INSERT INTO `sys_log` VALUES ('7760282a-7986-45cb-997e-76261a458768', '2020-05-08 14:42:06', 'admin', '超级管理员', 'Update', '192.168.99.1', '本地局域网', NULL, '系统管理', 1, '系统菜单操作,修改操作成功', '2020-05-08 14:42:06', '9f2ec079-7d0f-4fe2-90ab-8b09a8302aba', '3e60ef1a-72ba-4583-aea9-78a9cf4e964b');
INSERT INTO `sys_log` VALUES ('782edb82-214e-43c6-9146-d55d0a051953', '2020-05-26 14:37:08', 'admin', '超级管理员', 'Login', '192.168.1.117', '本地局域网', NULL, '系统登录', 1, '登录成功', '2020-05-26 14:37:08', '9f2ec079-7d0f-4fe2-90ab-8b09a8302aba', NULL);
INSERT INTO `sys_log` VALUES ('78a5d95d-27a0-4f9c-921c-4bf79c39ea1f', '2020-04-17 11:32:05', 'admin', '超级管理员', 'Delete', '192.168.1.117', '本地局域网', NULL, '系统管理', 1, '角色管理操作,删除操作成功', '2020-04-17 11:32:05', '9f2ec079-7d0f-4fe2-90ab-8b09a8302aba', NULL);
INSERT INTO `sys_log` VALUES ('78c19488-4118-47ce-9da8-652ed99a6087', '2020-04-27 13:23:50', 'admin', '超级管理员', 'Login', '192.168.1.117', '本地局域网', NULL, '系统登录', 1, '登录成功', '2020-04-27 13:24:44', NULL, NULL);
INSERT INTO `sys_log` VALUES ('796b4327-5303-469d-a59d-5a89f1e6580b', '2020-04-17 12:50:13', 'admin', '超级管理员', 'Update', '192.168.1.117', '本地局域网', NULL, '系统管理', 1, '按钮管理操作,修改操作成功', '2020-04-17 12:50:13', '9f2ec079-7d0f-4fe2-90ab-8b09a8302aba', 'abfdff21-8ebf-4024-8555-401b4df6acd9');
INSERT INTO `sys_log` VALUES ('798f87e3-18b5-4e3a-a26c-41a298caa26d', '2020-04-17 11:32:07', 'admin', '超级管理员', 'Delete', '192.168.1.117', '本地局域网', NULL, '系统管理', 1, '角色管理操作,删除操作成功', '2020-04-17 11:32:07', '9f2ec079-7d0f-4fe2-90ab-8b09a8302aba', NULL);
INSERT INTO `sys_log` VALUES ('79ab337d-94a9-4b41-961c-29ce5050d29c', '2020-04-27 16:52:39', 'admin', '超级管理员', 'Update', '192.168.1.117', '本地局域网', NULL, '系统管理', 1, '按钮管理操作,修改操作成功', '2020-04-27 16:52:39', '9f2ec079-7d0f-4fe2-90ab-8b09a8302aba', '30bf72ed-f62f-49a9-adfc-49693871605f');
INSERT INTO `sys_log` VALUES ('79f87f08-d908-4cb7-93c7-09c72d616e50', '2020-05-21 15:11:22', 'admin', '超级管理员', 'Update', '192.168.1.117', '本地局域网', NULL, '系统管理', 1, '菜单按钮操作,修改操作成功', '2020-05-21 15:11:22', '9f2ec079-7d0f-4fe2-90ab-8b09a8302aba', '63cd2162-ab5f-4b7f-9bbd-5c2e7625e639');
INSERT INTO `sys_log` VALUES ('7a33d5ee-9433-4d6c-bb2d-e88f8a445921', '2020-05-20 15:48:20', 'admin', '超级管理员', 'Login', '192.168.1.117', '本地局域网', NULL, '系统登录', 1, '登录成功', '2020-05-20 15:48:20', NULL, NULL);
INSERT INTO `sys_log` VALUES ('7ab15eff-70f3-43d3-9751-0975051f905e', '2020-04-17 10:58:53', 'admin', '超级管理员', 'Exit', '192.168.1.117', '本地局域网', NULL, '系统登录', 1, '安全退出系统', '2020-04-17 10:58:53', '9f2ec079-7d0f-4fe2-90ab-8b09a8302aba', NULL);
INSERT INTO `sys_log` VALUES ('7abfe1b1-62e9-44e7-aa04-4aad5e1eeb1f', '2020-04-17 14:50:47', '10000', '2222', 'Login', '192.168.1.117', '本地局域网', NULL, '系统登录', 1, '登录成功', '2020-04-17 14:50:47', 'ac7610db-b66e-4f57-916c-c7ea0a4b84c9', NULL);
INSERT INTO `sys_log` VALUES ('7acc0540-57d1-448c-bc5c-5a2e43f4d7b1', '2020-05-21 14:29:38', 'admin', '超级管理员', 'Create', '192.168.1.117', '本地局域网', NULL, '系统管理', 1, '菜单按钮操作,新增克隆成功', '2020-05-21 14:29:38', '9f2ec079-7d0f-4fe2-90ab-8b09a8302aba', NULL);
INSERT INTO `sys_log` VALUES ('7c264e36-992f-499c-81a7-6aaaed3d4f6c', '2020-04-27 13:13:44', 'admin', '超级管理员', 'Login', '192.168.1.117', '本地局域网', NULL, '系统登录', 1, '登录成功', '2020-04-27 13:13:46', NULL, NULL);
INSERT INTO `sys_log` VALUES ('7c4dea33-f696-4204-b4ae-912993621677', '2020-04-17 10:52:32', '10000', '10000', 'Login', '192.168.1.117', '本地局域网', NULL, '系统登录', 0, '登录失败，验证码错误，请重新输入', '2020-04-17 10:52:32', '8af4f5d6-85a4-4137-87f8-3d1390a67f93', NULL);
INSERT INTO `sys_log` VALUES ('7d4ebd3f-0479-438d-9118-4abedc068d06', '2020-05-08 16:59:49', 'admin', '超级管理员', 'Delete', '192.168.99.1', '本地局域网', NULL, '系统管理', 1, '系统菜单操作,删除操作成功', '2020-05-08 16:59:49', '9f2ec079-7d0f-4fe2-90ab-8b09a8302aba', NULL);
INSERT INTO `sys_log` VALUES ('7dc45bb7-6f13-4bda-a5f0-7bcae31c9130', '2020-05-12 14:12:53', 'admin', '超级管理员', 'Delete', '192.168.99.1', '本地局域网', NULL, '系统管理', 1, '菜单按钮操作,删除操作成功', '2020-05-12 14:12:53', '9f2ec079-7d0f-4fe2-90ab-8b09a8302aba', NULL);
INSERT INTO `sys_log` VALUES ('7dc684a1-613f-4a10-bad2-5cfcc36c7e1e', '2020-04-27 14:16:27', 'admin', '超级管理员', 'Login', '192.168.1.117', '本地局域网', NULL, '系统登录', 1, '登录成功', '2020-04-27 14:16:31', NULL, NULL);
INSERT INTO `sys_log` VALUES ('7e1eb427-9e7d-47bd-b95d-395c618ef70f', '2020-04-27 14:32:27', '10000', '2222', 'Login', '192.168.1.117', '本地局域网', NULL, '系统登录', 1, '登录成功', '2020-04-27 14:32:29', NULL, NULL);
INSERT INTO `sys_log` VALUES ('7e37cb31-178b-4800-a682-e2df57479f77', '2020-04-20 17:28:23', 'admin', '超级管理员', 'Login', '192.168.1.117', '本地局域网', NULL, '系统登录', 1, '登录成功', '2020-04-20 17:28:24', '9f2ec079-7d0f-4fe2-90ab-8b09a8302aba', NULL);
INSERT INTO `sys_log` VALUES ('7f020dc2-d6a6-49df-a131-05acf10fb525', '2020-04-20 16:27:12', 'admin', '超级管理员', 'Exit', '127.0.0.1', '本地局域网', NULL, '系统登录', 1, '安全退出系统', '2020-04-20 16:27:12', '9f2ec079-7d0f-4fe2-90ab-8b09a8302aba', NULL);
INSERT INTO `sys_log` VALUES ('7f32bb37-c379-4efd-b350-9654eacdceb2', '2020-04-27 17:46:07', 'admin', '超级管理员', 'Exit', '192.168.1.117', '本地局域网', NULL, '系统登录', 1, '安全退出系统', '2020-04-27 17:46:07', '9f2ec079-7d0f-4fe2-90ab-8b09a8302aba', NULL);
INSERT INTO `sys_log` VALUES ('7fb61027-23ae-49b1-b541-5b9caac38347', '2020-04-26 09:31:14', 'admin', 'admin', 'Login', '192.168.1.117', '本地局域网', NULL, '系统登录', 0, '登录失败，Object reference not set to an instance of an object.', '2020-04-26 09:31:20', NULL, NULL);
INSERT INTO `sys_log` VALUES ('802bf493-3615-4053-9832-640fdb6d013a', '2020-05-22 16:53:46', 'admin', '超级管理员', 'Create', '192.168.1.117', '本地局域网', NULL, '系统管理', 1, '字段管理操作,新增操作成功', '2020-05-22 16:53:46', '9f2ec079-7d0f-4fe2-90ab-8b09a8302aba', NULL);
INSERT INTO `sys_log` VALUES ('8039abda-9274-4471-ba51-e4db0e7f01ec', '2020-04-17 11:03:08', 'admin', '超级管理员', 'Login', '192.168.1.117', '本地局域网', NULL, '系统登录', 1, '登录成功', '2020-04-17 11:03:08', '9f2ec079-7d0f-4fe2-90ab-8b09a8302aba', NULL);
INSERT INTO `sys_log` VALUES ('80462535-6cf4-4616-b940-09e1ea43d64f', '2020-04-23 17:08:13', 'admin', '超级管理员', 'Login', '192.168.1.117', '本地局域网', NULL, '系统登录', 1, '登录成功', '2020-04-23 17:08:13', '9f2ec079-7d0f-4fe2-90ab-8b09a8302aba', NULL);
INSERT INTO `sys_log` VALUES ('8046acf8-a2d9-48c1-af6c-1b43b0cc9c99', '2020-05-12 12:36:29', 'admin', '超级管理员', 'Delete', '192.168.99.1', '本地局域网', NULL, '系统管理', 1, '菜单按钮操作,删除操作成功', '2020-05-12 12:36:29', '9f2ec079-7d0f-4fe2-90ab-8b09a8302aba', NULL);
INSERT INTO `sys_log` VALUES ('80530324-3cca-4cd6-aeee-554c26f6eaff', '2020-04-17 12:50:04', 'admin', '超级管理员', 'Update', '192.168.1.117', '本地局域网', NULL, '系统管理', 1, '按钮管理操作,修改操作成功', '2020-04-17 12:50:04', '9f2ec079-7d0f-4fe2-90ab-8b09a8302aba', '88f7b3a8-fd6d-4f8e-a861-11405f434868');
INSERT INTO `sys_log` VALUES ('806ad843-661a-4a3a-8640-a90370a5ea10', '2020-04-16 13:56:07', 'admin', '超级管理员', 'Login', '192.168.1.117', '本地局域网', NULL, 'SystemLogin', 1, '登录成功', '2020-04-16 13:56:07', '9f2ec079-7d0f-4fe2-90ab-8b09a8302aba', NULL);
INSERT INTO `sys_log` VALUES ('80d82b91-2f70-45b5-8f4f-7f8cac2f1f62', '2020-04-27 16:53:44', 'admin', '超级管理员', 'Update', '192.168.1.117', '本地局域网', NULL, '系统管理', 1, '系统菜单操作,修改操作成功', '2020-04-27 16:53:44', '9f2ec079-7d0f-4fe2-90ab-8b09a8302aba', 'd742c96e-b61c-4cea-afeb-81805789687b');
INSERT INTO `sys_log` VALUES ('81017014-6375-4bd4-90f1-69e5d618f855', '2020-05-12 12:36:33', 'admin', '超级管理员', 'Delete', '192.168.99.1', '本地局域网', NULL, '系统管理', 1, '菜单按钮操作,删除操作成功', '2020-05-12 12:36:33', '9f2ec079-7d0f-4fe2-90ab-8b09a8302aba', NULL);
INSERT INTO `sys_log` VALUES ('812de7e8-7b3b-43e7-b94d-dcca933b39c3', '2020-05-22 16:23:27', 'admin', '超级管理员', 'Update', '192.168.1.117', '本地局域网', NULL, '系统管理', 1, '系统菜单操作,修改操作成功', '2020-05-22 16:23:27', '9f2ec079-7d0f-4fe2-90ab-8b09a8302aba', '7e4e4a48-4d51-4159-a113-2a211186f13a');
INSERT INTO `sys_log` VALUES ('817c782c-61dc-4214-97ac-74f723d95129', '2020-04-27 13:11:32', 'admin', '超级管理员', 'Login', '192.168.1.117', '本地局域网', NULL, '系统登录', 1, '登录成功', '2020-04-27 13:11:39', NULL, NULL);
INSERT INTO `sys_log` VALUES ('819bfec4-beba-4d47-9518-c4ce80f2a9fd', '2020-04-27 14:30:54', 'admin', '超级管理员', 'Login', '192.168.1.117', '本地局域网', NULL, '系统登录', 1, '登录成功', '2020-04-27 14:30:56', NULL, NULL);
INSERT INTO `sys_log` VALUES ('81deea26-74ee-4cbc-a1c0-2ace4e12bef9', '2020-04-17 12:55:16', 'admin', '超级管理员', 'Create', '192.168.1.117', '本地局域网', NULL, '系统管理', 1, '用户管理操作,新增操作成功', '2020-04-17 12:55:16', '9f2ec079-7d0f-4fe2-90ab-8b09a8302aba', NULL);
INSERT INTO `sys_log` VALUES ('821378bf-d9bb-449b-8761-bcc4e620d81a', '2020-04-27 16:56:30', 'admin', '超级管理员', 'Create', '192.168.1.117', '本地局域网', NULL, '系统管理', 1, '系统菜单操作,新增操作成功', '2020-04-27 16:56:30', '9f2ec079-7d0f-4fe2-90ab-8b09a8302aba', NULL);
INSERT INTO `sys_log` VALUES ('837540d6-7dac-4842-a5a2-9cd3e547f47d', '2020-05-22 17:06:41', 'admin', '超级管理员', 'Update', '192.168.1.117', '本地局域网', NULL, '系统管理', 1, '字段管理操作,修改操作成功', '2020-05-22 17:06:41', '9f2ec079-7d0f-4fe2-90ab-8b09a8302aba', 'dc4cd5fd-8933-44f8-9500-fc36285f50b2');
INSERT INTO `sys_log` VALUES ('83e4d40d-efd8-40b7-b9c6-7b4daba77bcf', '2020-04-23 17:00:03', 'admin', '超级管理员', 'Login', '192.168.1.117', '本地局域网', NULL, '系统登录', 1, '登录成功', '2020-04-23 17:00:06', '9f2ec079-7d0f-4fe2-90ab-8b09a8302aba', NULL);
INSERT INTO `sys_log` VALUES ('8409755c-1a86-48d3-92aa-65ab0771b6eb', '2020-05-08 16:49:58', 'admin', '超级管理员', 'Delete', '192.168.99.1', '本地局域网', NULL, '系统管理', 1, '系统菜单操作,删除操作成功', '2020-05-08 16:49:58', '9f2ec079-7d0f-4fe2-90ab-8b09a8302aba', NULL);
INSERT INTO `sys_log` VALUES ('8419328f-39b6-49e2-a3f0-0de56733d130', '2020-04-17 11:04:38', 'admin', '超级管理员', 'Update', '192.168.1.117', '本地局域网', NULL, '系统管理', 0, '角色管理操作,修改操作失败，无法将类型为“Chloe.MySql.MySqlContext”的对象强制转换为类型“Chloe.SqlServer.MsSqlContext”。', '2020-04-17 11:04:38', '9f2ec079-7d0f-4fe2-90ab-8b09a8302aba', 'F0A2B36F-35A7-4660-B46C-D4AB796591EB');
INSERT INTO `sys_log` VALUES ('843cb958-9885-4bea-8f87-f60ddcba64a3', '2020-04-17 11:39:25', '10000', 'aaa', 'Login', '192.168.1.117', '本地局域网', NULL, '系统登录', 1, '登录成功', '2020-04-17 11:39:25', '547395a9-1de6-41c6-a829-f1dc036c60b3', NULL);
INSERT INTO `sys_log` VALUES ('84a1ff7e-c2f4-4bf5-b72d-95d928a6a248', '2020-05-06 13:11:43', 'admin', '超级管理员', 'Update', '192.168.99.1', '本地局域网', NULL, '系统管理', 1, '系统菜单操作,修改操作成功', '2020-05-06 13:11:43', '9f2ec079-7d0f-4fe2-90ab-8b09a8302aba', '01849cc9-c6da-4184-92f8-34875dac1d42');
INSERT INTO `sys_log` VALUES ('84c9aec9-bab2-4d72-b5b9-03ab45249c6c', '2020-04-27 17:36:14', 'admin', '超级管理员', 'Login', '192.168.1.117', '本地局域网', NULL, '系统登录', 1, '登录成功', '2020-04-27 17:36:14', '9f2ec079-7d0f-4fe2-90ab-8b09a8302aba', NULL);
INSERT INTO `sys_log` VALUES ('84f40bc7-c0d7-416c-930a-94945056250d', '2020-04-15 16:10:46', 'admin', '超级管理员', 'Login', '117.81.192.182', '江苏省苏州市 电信', NULL, '系统登录', 1, '登录成功', '2020-04-15 16:10:46', '9f2ec079-7d0f-4fe2-90ab-8b09a8302aba', NULL);
INSERT INTO `sys_log` VALUES ('85ee6158-1579-4681-921b-d79c4435b954', '2020-05-21 10:48:41', 'admin', '超级管理员', 'Login', '192.168.1.117', '本地局域网', NULL, '系统登录', 1, '登录成功', '2020-05-21 10:48:41', '9f2ec079-7d0f-4fe2-90ab-8b09a8302aba', NULL);
INSERT INTO `sys_log` VALUES ('85fd1963-8630-4dc1-bca6-daf24b13c357', '2020-05-26 16:56:14', 'admin', '超级管理员', 'Update', '192.168.1.117', '本地局域网', NULL, '系统安全', 1, '定时任务操作,修改操作成功', '2020-05-26 16:56:14', '9f2ec079-7d0f-4fe2-90ab-8b09a8302aba', '1d9ffe9c-4c59-4431-8539-4c5ea364237e');
INSERT INTO `sys_log` VALUES ('870bde93-2cad-4361-85ff-58e26970504e', '2020-05-21 14:57:16', 'admin', '超级管理员', 'Update', '192.168.1.117', '本地局域网', NULL, '系统管理', 1, '系统菜单操作,修改操作成功', '2020-05-21 14:57:16', '9f2ec079-7d0f-4fe2-90ab-8b09a8302aba', '152a8e93-cebb-4574-ae74-2a86595ff986');
INSERT INTO `sys_log` VALUES ('8773e75f-f354-4e95-b305-719c1a97b396', '2020-05-11 08:40:43', 'admin', '超级管理员', 'Update', '192.168.99.1', '本地局域网', NULL, '系统管理', 1, '角色管理操作,修改操作成功', '2020-05-11 08:40:43', '9f2ec079-7d0f-4fe2-90ab-8b09a8302aba', '0fa427f8-441b-4424-878b-0563648e4257');
INSERT INTO `sys_log` VALUES ('87e2f497-b148-4f2c-8384-a94cdc7314dc', '2020-05-19 13:52:22', 'admin', '超级管理员', 'Login', '未连接未知', '本地局域网', NULL, '用户Api', 1, '登录成功', '2020-05-19 13:52:22', NULL, NULL);
INSERT INTO `sys_log` VALUES ('87eeb6f4-bccc-42ad-b38b-0d2c591a8591', '2020-04-14 15:38:39', 'admin', '超级管理员', 'Login', '117.81.192.182', '江苏省苏州市 电信', NULL, '系统登录', 1, '登录成功', '2020-04-14 15:38:39', '9f2ec079-7d0f-4fe2-90ab-8b09a8302aba', NULL);
INSERT INTO `sys_log` VALUES ('88202350-21aa-4b31-a529-583cf96811fa', '2020-04-17 13:50:09', '10000', '2222', 'Login', '192.168.1.117', '本地局域网', NULL, '系统登录', 1, '登录成功', '2020-04-17 13:50:09', 'ac7610db-b66e-4f57-916c-c7ea0a4b84c9', NULL);
INSERT INTO `sys_log` VALUES ('884a8ebc-7954-4a26-b345-aa9dd8fc2a53', '2020-05-26 14:52:04', 'admin', '超级管理员', 'Update', '192.168.1.117', '本地局域网', NULL, '系统安全', 1, '定时任务操作,修改操作成功', '2020-05-26 14:52:04', '9f2ec079-7d0f-4fe2-90ab-8b09a8302aba', '1d9ffe9c-4c59-4431-8539-4c5ea364237e');
INSERT INTO `sys_log` VALUES ('8975a045-7dd7-42c2-96f1-410558e0eaee', '2020-05-20 15:41:12', 'admin', '超级管理员', 'Exit', '192.168.1.117', '本地局域网', NULL, '系统登录', 1, '安全退出系统', '2020-05-20 15:41:12', '9f2ec079-7d0f-4fe2-90ab-8b09a8302aba', NULL);
INSERT INTO `sys_log` VALUES ('89c528a4-2fce-4e4e-9910-d61428ce480c', '2020-05-08 16:02:06', 'admin', '超级管理员', 'Delete', '192.168.99.1', '本地局域网', NULL, '系统管理', 1, '系统菜单操作,删除操作成功', '2020-05-08 16:02:06', '9f2ec079-7d0f-4fe2-90ab-8b09a8302aba', NULL);
INSERT INTO `sys_log` VALUES ('8a084d69-50a0-402d-af4e-843c8e6d60e0', '2020-05-12 12:35:50', 'admin', '超级管理员', 'Create', '192.168.99.1', '本地局域网', NULL, '系统管理', 1, '系统菜单操作,新增操作成功', '2020-05-12 12:35:50', '9f2ec079-7d0f-4fe2-90ab-8b09a8302aba', NULL);
INSERT INTO `sys_log` VALUES ('8bd65d09-27e2-428d-a514-636086e171f2', '2020-04-17 15:01:00', '10000', '2222', 'Exit', '192.168.1.117', '本地局域网', NULL, '系统登录', 1, '安全退出系统', '2020-04-17 15:01:00', 'ac7610db-b66e-4f57-916c-c7ea0a4b84c9', NULL);
INSERT INTO `sys_log` VALUES ('8c2731dd-f15f-4b3b-a23e-35b1100c0aa4', '2020-05-12 14:13:01', 'admin', '超级管理员', 'Delete', '192.168.99.1', '本地局域网', NULL, '系统管理', 1, '系统菜单操作,删除操作成功', '2020-05-12 14:13:01', '9f2ec079-7d0f-4fe2-90ab-8b09a8302aba', NULL);
INSERT INTO `sys_log` VALUES ('8c69e513-2a51-4275-9c55-28ce9605c6ce', '2020-04-17 11:32:11', 'admin', '超级管理员', 'Delete', '192.168.1.117', '本地局域网', NULL, '系统管理', 1, '角色管理操作,删除操作成功', '2020-04-17 11:32:11', '9f2ec079-7d0f-4fe2-90ab-8b09a8302aba', NULL);
INSERT INTO `sys_log` VALUES ('8ce8a279-c387-4da0-9327-81bb08f95455', '2020-04-17 11:48:10', '10000', '10000', 'Login', '192.168.1.117', '本地局域网', NULL, '系统登录', 0, '登录失败，验证码错误，请重新输入', '2020-04-17 11:48:13', NULL, NULL);
INSERT INTO `sys_log` VALUES ('8e7d4d73-d850-405c-923f-280145bc14fe', '2020-04-17 10:44:44', 'admin', '超级管理员', 'Update', '192.168.1.117', '本地局域网', NULL, '系统管理', 1, '用户管理操作,修改操作成功', '2020-04-17 10:44:44', '9f2ec079-7d0f-4fe2-90ab-8b09a8302aba', '8af4f5d6-85a4-4137-87f8-3d1390a67f93');
INSERT INTO `sys_log` VALUES ('8ececcb3-ff79-47d9-9726-2fb3da0c8ff4', '2020-04-17 13:00:18', '10000', 'sss', 'Delete', '192.168.1.117', '本地局域网', NULL, '系统管理', 1, '角色管理操作,删除操作成功', '2020-04-17 13:00:18', 'b6651953-b5fb-4051-8919-c22c827f5741', NULL);
INSERT INTO `sys_log` VALUES ('8ef37a18-d825-4836-87cf-3caf8a8e2e73', '2020-05-26 15:14:21', 'admin', '超级管理员', 'Update', '192.168.1.117', '本地局域网', NULL, '系统安全', 0, '定时任务操作,修改操作失败，Unable to store Job: \'WaterCloud.服务器状态更新\', because one already exists with this identification.', '2020-05-26 15:14:21', '9f2ec079-7d0f-4fe2-90ab-8b09a8302aba', '1d9ffe9c-4c59-4431-8539-4c5ea364237e');
INSERT INTO `sys_log` VALUES ('8f2e9a69-5929-4012-b0c8-efafda616b8d', '2020-04-17 14:27:26', '10000', '2222', 'Login', '192.168.1.117', '本地局域网', NULL, '系统登录', 1, '登录成功', '2020-04-17 14:27:26', 'ac7610db-b66e-4f57-916c-c7ea0a4b84c9', NULL);
INSERT INTO `sys_log` VALUES ('8f8d6f4e-ba78-407e-88ca-3cca09b722c6', '2020-05-25 11:12:09', 'admin', '超级管理员', 'Login', '192.168.1.117', '本地局域网', NULL, '系统登录', 1, '登录成功', '2020-05-25 11:12:09', '9f2ec079-7d0f-4fe2-90ab-8b09a8302aba', NULL);
INSERT INTO `sys_log` VALUES ('8fc7244e-d6c5-4257-9953-ae326a07a28d', '2020-05-19 10:19:30', 'admin', 'admin', 'Login', '192.168.99.1', '本地局域网', NULL, '系统登录', 0, '登录失败，密码不正确，请重新输入', '2020-05-19 10:19:30', NULL, NULL);
INSERT INTO `sys_log` VALUES ('8feca57b-7dd7-4c16-9373-29f5b70879d2', '2020-04-17 13:00:23', '10000', 'sss', 'Delete', '192.168.1.117', '本地局域网', NULL, '系统管理', 1, '用户管理操作,删除操作成功', '2020-04-17 13:00:23', 'b6651953-b5fb-4051-8919-c22c827f5741', NULL);
INSERT INTO `sys_log` VALUES ('904b0118-a176-4a56-874a-34db9e987628', '2020-05-21 15:23:19', 'admin', '超级管理员', 'Create', '192.168.1.117', '本地局域网', NULL, '系统管理', 1, '字段管理操作,新增操作成功', '2020-05-21 15:23:19', '9f2ec079-7d0f-4fe2-90ab-8b09a8302aba', NULL);
INSERT INTO `sys_log` VALUES ('90f80c2e-cea5-4c56-b53f-f79173f284cb', '2020-04-20 15:06:31', '10000', '2222', 'Login', '192.168.1.117', '本地局域网', NULL, '系统登录', 1, '登录成功', '2020-04-20 15:06:31', 'ac7610db-b66e-4f57-916c-c7ea0a4b84c9', NULL);
INSERT INTO `sys_log` VALUES ('91a0de87-0340-42cf-a427-b72e2620f334', '2020-05-11 08:37:38', 'admin', '超级管理员', 'Create', '192.168.99.1', '本地局域网', NULL, '系统管理', 1, '角色管理操作,新增操作成功', '2020-05-11 08:37:38', '9f2ec079-7d0f-4fe2-90ab-8b09a8302aba', NULL);
INSERT INTO `sys_log` VALUES ('931720d1-5e97-4b62-8ad9-3fd659d07f7d', '2020-04-20 14:55:39', '10000', '2222', 'Login', '127.0.0.1', '本地局域网', NULL, '系统登录', 1, '登录成功', '2020-04-20 14:55:39', 'ac7610db-b66e-4f57-916c-c7ea0a4b84c9', NULL);
INSERT INTO `sys_log` VALUES ('9325efa5-3f0f-4983-aca2-ba7c5e13ac65', '2020-05-08 15:14:23', 'admin', '超级管理员', 'Delete', '192.168.99.1', '本地局域网', NULL, '系统管理', 1, '系统菜单操作,删除操作成功', '2020-05-08 15:14:23', '9f2ec079-7d0f-4fe2-90ab-8b09a8302aba', NULL);
INSERT INTO `sys_log` VALUES ('939127e7-1fec-409f-af87-e7873641b79a', '2020-05-12 14:09:17', 'admin', '超级管理员', 'Delete', '192.168.99.1', '本地局域网', NULL, '系统管理', 1, '菜单按钮操作,删除操作成功', '2020-05-12 14:09:17', '9f2ec079-7d0f-4fe2-90ab-8b09a8302aba', NULL);
INSERT INTO `sys_log` VALUES ('93d56c60-72df-4251-871b-102e048c4b35', '2020-04-17 13:30:02', 'admin', '超级管理员', 'Create', '192.168.1.117', '本地局域网', NULL, '系统管理', 1, '角色管理操作,新增操作成功', '2020-04-17 13:30:02', '9f2ec079-7d0f-4fe2-90ab-8b09a8302aba', NULL);
INSERT INTO `sys_log` VALUES ('93f18a3e-09c2-428a-b767-b074cd5270b5', '2020-04-17 14:58:32', '10000', '10000', 'Login', '192.168.1.117', '本地局域网', NULL, '系统登录', 0, '登录失败，账户未设置权限,请联系管理员', '2020-04-17 14:58:32', 'ac7610db-b66e-4f57-916c-c7ea0a4b84c9', NULL);
INSERT INTO `sys_log` VALUES ('941bf0b2-01a7-4cad-9244-b9b7a601a2b3', '2020-04-17 10:45:47', '10000', '10000', 'Login', '192.168.1.117', '本地局域网', NULL, '系统登录', 0, '登录失败，可为空的对象必须具有一个值。', '2020-04-17 10:45:50', NULL, NULL);
INSERT INTO `sys_log` VALUES ('9424189b-a144-4e8e-bbcd-23a7b7c29c14', '2020-05-19 12:03:23', 'admin', 'admin', 'Login', '未连接未知', '本地局域网', NULL, '用户Api', 0, '登录失败，密码不正确，请重新输入', '2020-05-19 12:03:23', NULL, NULL);
INSERT INTO `sys_log` VALUES ('94ce45e1-920a-45bf-ac51-22668f07e9a5', '2020-04-20 14:33:46', 'admin', '超级管理员', 'Update', '192.168.1.117', '本地局域网', NULL, '系统管理', 1, '系统菜单操作,修改操作成功', '2020-04-20 14:33:46', '9f2ec079-7d0f-4fe2-90ab-8b09a8302aba', '7e4e4a48-4d51-4159-a113-2a211186f13a');
INSERT INTO `sys_log` VALUES ('95edc581-203b-44f0-8b15-78977732eed2', '2020-04-15 14:43:08', 'admin', '超级管理员', 'Login', '117.81.192.182', '江苏省苏州市 电信', NULL, '系统登录', 1, '登录成功', '2020-04-15 14:43:08', '9f2ec079-7d0f-4fe2-90ab-8b09a8302aba', NULL);
INSERT INTO `sys_log` VALUES ('96174e6b-5ba2-45bc-bf00-c9030c4843e1', '2020-04-27 09:31:09', 'admin', '超级管理员', 'Login', '192.168.1.117', '本地局域网', NULL, '系统登录', 1, '登录成功', '2020-04-27 09:31:13', NULL, NULL);
INSERT INTO `sys_log` VALUES ('967ad53f-c94d-4be5-a39e-8c6bf8ab3bca', '2020-04-28 08:38:05', NULL, NULL, 'Update', '192.168.1.117', '本地局域网', NULL, '系统管理', 0, '系统菜单操作,修改操作失败，Object reference not set to an instance of an object.', '2020-04-28 08:38:05', NULL, 'ed757a25-82d5-43cc-89f4-ed26a51fb4f0');
INSERT INTO `sys_log` VALUES ('96cdb072-ff27-4411-87fe-b7a714a91471', '2020-04-27 16:57:16', 'admin', '超级管理员', 'Update', '192.168.1.117', '本地局域网', NULL, '系统管理', 1, '按钮管理操作,修改操作成功', '2020-04-27 16:57:16', '9f2ec079-7d0f-4fe2-90ab-8b09a8302aba', '746629aa-858b-4c5e-9335-71b0fa08a584');
INSERT INTO `sys_log` VALUES ('9749aabb-cb81-452a-b780-312d9fcf773c', '2020-04-27 14:20:09', '10000', '2222', 'Login', '192.168.1.117', '本地局域网', NULL, '系统登录', 1, '登录成功', '2020-04-27 14:20:12', NULL, NULL);
INSERT INTO `sys_log` VALUES ('97ace853-d2a3-4666-875c-a5cfc2fc858e', '2020-04-20 17:17:39', 'admin', '超级管理员', 'Update', '192.168.1.117', '本地局域网', NULL, '系统管理', 1, '字典分类操作,修改操作成功', '2020-04-20 17:17:39', '9f2ec079-7d0f-4fe2-90ab-8b09a8302aba', '77070117-3F1A-41BA-BF81-B8B85BF10D5E');
INSERT INTO `sys_log` VALUES ('97e438ab-ea40-4658-9100-f52d93b3cdb7', '2020-04-17 10:21:51', 'admin', '超级管理员', 'Update', '192.168.1.117', '本地局域网', NULL, '系统管理', 0, '角色管理操作,修改操作失败，无法将类型为“Chloe.MySql.MySqlContext”的对象强制转换为类型“Chloe.SqlServer.MsSqlContext”。', '2020-04-17 10:21:51', '9f2ec079-7d0f-4fe2-90ab-8b09a8302aba', 'F0A2B36F-35A7-4660-B46C-D4AB796591EB');
INSERT INTO `sys_log` VALUES ('98130600-fe71-420e-8537-e61256f4bd27', '2020-05-20 06:32:12', 'admin', '超级管理员', 'Update', '172.17.0.2', '本地局域网', NULL, '系统管理', 1, '系统公告操作,修改操作成功', '2020-05-20 06:32:12', '9f2ec079-7d0f-4fe2-90ab-8b09a8302aba', '719decb4-fd6d-40bb-b56c-d5228332cd8c');
INSERT INTO `sys_log` VALUES ('988a26ee-bd1a-4e86-969c-46636d91d2e3', '2020-04-27 17:47:00', 'admin', '超级管理员', 'Login', '192.168.1.117', '本地局域网', NULL, '系统登录', 1, '登录成功', '2020-04-27 17:47:00', NULL, NULL);
INSERT INTO `sys_log` VALUES ('994c168b-d944-4ec9-98df-2823f2b3b3ef', '2020-04-17 11:31:32', 'admin', '超级管理员', 'Login', '192.168.1.117', '本地局域网', NULL, '系统登录', 1, '登录成功', '2020-04-17 11:31:32', '9f2ec079-7d0f-4fe2-90ab-8b09a8302aba', NULL);
INSERT INTO `sys_log` VALUES ('99568ce2-82d9-46e4-a665-4ad9ab8996a6', '2020-04-20 16:28:27', 'admin', '超级管理员', 'Login', '192.168.1.117', '本地局域网', NULL, '系统登录', 1, '登录成功', '2020-04-20 16:28:27', '9f2ec079-7d0f-4fe2-90ab-8b09a8302aba', NULL);
INSERT INTO `sys_log` VALUES ('99598dae-67a0-40d7-963e-8bf71279b14f', '2020-05-20 16:00:41', 'admin', '超级管理员', 'Update', '192.168.1.117', '本地局域网', NULL, '系统管理', 1, '系统菜单操作,修改操作成功', '2020-05-20 16:00:41', '9f2ec079-7d0f-4fe2-90ab-8b09a8302aba', 'e72c75d0-3a69-41ad-b220-13c9a62ec788');
INSERT INTO `sys_log` VALUES ('9a28deda-aaa8-4cad-98a0-8bc61444ab00', '2020-04-13 17:12:36', 'admin', '超级管理员', 'Login', '117.81.192.182', '江苏省苏州市 电信', NULL, '系统登录', 1, '登录成功', '2020-04-13 17:12:36', '9f2ec079-7d0f-4fe2-90ab-8b09a8302aba', NULL);
INSERT INTO `sys_log` VALUES ('9a7a86f5-dbb1-42df-9e83-f49fb0503fd8', '2020-04-17 11:45:31', '10000', 'aaa', 'Login', '127.0.0.1', '本地局域网', NULL, '系统登录', 1, '登录成功', '2020-04-17 11:45:31', '547395a9-1de6-41c6-a829-f1dc036c60b3', NULL);
INSERT INTO `sys_log` VALUES ('9aef7f0c-b516-44df-a702-dd331531453a', '2020-04-17 13:30:51', 'admin', '超级管理员', 'Exit', '192.168.1.117', '本地局域网', NULL, '系统登录', 1, '安全退出系统', '2020-04-17 13:30:51', '9f2ec079-7d0f-4fe2-90ab-8b09a8302aba', NULL);
INSERT INTO `sys_log` VALUES ('9c4b66bd-ff69-4891-a64d-a87b18d61152', '2020-05-08 16:01:59', 'admin', '超级管理员', 'Delete', '192.168.99.1', '本地局域网', NULL, '系统管理', 1, '菜单按钮操作,删除操作成功', '2020-05-08 16:01:59', '9f2ec079-7d0f-4fe2-90ab-8b09a8302aba', NULL);
INSERT INTO `sys_log` VALUES ('9d54d786-46d1-44b4-8fb0-6b84ca7399e6', '2020-05-25 08:35:00', 'admin', '超级管理员', 'Login', '192.168.1.117', '本地局域网', NULL, '系统登录', 1, '登录成功', '2020-05-25 08:35:00', '9f2ec079-7d0f-4fe2-90ab-8b09a8302aba', NULL);
INSERT INTO `sys_log` VALUES ('9d9b30f1-efa0-40d7-a420-359a109ea65a', '2020-05-26 17:35:23', 'admin', '超级管理员', 'Update', '192.168.1.117', '本地局域网', NULL, '系统安全', 1, '定时任务操作,修改操作成功', '2020-05-26 17:35:23', '9f2ec079-7d0f-4fe2-90ab-8b09a8302aba', '1d9ffe9c-4c59-4431-8539-4c5ea364237e');
INSERT INTO `sys_log` VALUES ('9e173056-a6f9-4e54-b98d-456bdd5cb4a3', '2020-04-17 10:50:30', '10000', '莎莎声', 'Login', '192.168.1.117', '本地局域网', NULL, '系统登录', 1, '登录成功', '2020-04-17 10:50:30', '8af4f5d6-85a4-4137-87f8-3d1390a67f93', NULL);
INSERT INTO `sys_log` VALUES ('9e3b2813-1ce7-48e1-a660-7b2c3180ba2f', '2020-04-28 09:07:08', 'admin', '超级管理员', 'Update', '192.168.1.117', '本地局域网', NULL, '系统管理', 1, '字典分类操作,修改操作成功', '2020-04-28 09:07:08', '9f2ec079-7d0f-4fe2-90ab-8b09a8302aba', '9EB4602B-BF9A-4710-9D80-C73CE89BEC5D');
INSERT INTO `sys_log` VALUES ('9e4b526c-7c7e-4ffd-9bd1-fd6663233b77', '2020-04-27 14:33:05', '10000', '2222', 'Login', '192.168.1.117', '本地局域网', NULL, '系统登录', 1, '登录成功', '2020-04-27 14:33:05', 'ac7610db-b66e-4f57-916c-c7ea0a4b84c9', NULL);
INSERT INTO `sys_log` VALUES ('9f069c00-54a3-4680-b2c1-cb8cd724339c', '2020-04-17 11:32:21', 'admin', '超级管理员', 'Delete', '192.168.1.117', '本地局域网', NULL, '系统管理', 1, '角色管理操作,删除操作成功', '2020-04-17 11:32:21', '9f2ec079-7d0f-4fe2-90ab-8b09a8302aba', NULL);
INSERT INTO `sys_log` VALUES ('9f5646eb-f05b-4e43-a760-4ad17a834a56', '2020-04-17 11:32:09', 'admin', '超级管理员', 'Delete', '192.168.1.117', '本地局域网', NULL, '系统管理', 1, '角色管理操作,删除操作成功', '2020-04-17 11:32:09', '9f2ec079-7d0f-4fe2-90ab-8b09a8302aba', NULL);
INSERT INTO `sys_log` VALUES ('9f7f60a4-0147-4520-bfae-220241ee1000', '2020-04-17 11:48:59', '10000', 'aaa', 'Exit', '192.168.1.117', '本地局域网', NULL, '系统登录', 1, '安全退出系统', '2020-04-17 11:48:59', '547395a9-1de6-41c6-a829-f1dc036c60b3', NULL);
INSERT INTO `sys_log` VALUES ('9fc4419e-e018-4833-94ff-a83ab3c582dc', '2020-05-21 15:24:06', 'admin', '超级管理员', 'Delete', '192.168.1.117', '本地局域网', NULL, '系统管理', 1, '字段管理操作,删除操作成功', '2020-05-21 15:24:06', '9f2ec079-7d0f-4fe2-90ab-8b09a8302aba', NULL);
INSERT INTO `sys_log` VALUES ('a0b6108b-278b-4740-a021-3b2965e52ade', '2020-04-27 14:59:01', '10000', '2222', 'Login', '192.168.1.117', '本地局域网', NULL, '系统登录', 1, '登录成功', '2020-04-27 14:59:03', NULL, NULL);
INSERT INTO `sys_log` VALUES ('a1818486-210e-411e-9dcc-f490892156d3', '2020-05-08 16:37:35', 'admin', '超级管理员', 'Delete', '192.168.99.1', '本地局域网', NULL, '系统管理', 1, '菜单按钮操作,删除操作成功', '2020-05-08 16:37:35', '9f2ec079-7d0f-4fe2-90ab-8b09a8302aba', NULL);
INSERT INTO `sys_log` VALUES ('a1a6ab47-3fa2-4420-bbfb-c9476972f216', '2020-04-17 12:54:59', 'admin', '超级管理员', 'Create', '192.168.1.117', '本地局域网', NULL, '系统管理', 1, '角色管理操作,新增操作成功', '2020-04-17 12:54:59', '9f2ec079-7d0f-4fe2-90ab-8b09a8302aba', NULL);
INSERT INTO `sys_log` VALUES ('a263a27d-a1e2-4f7c-9f10-a46c7f67c7be', '2020-04-27 16:49:27', '10000', '2222', 'Exit', '192.168.1.117', '本地局域网', NULL, '系统登录', 1, '安全退出系统', '2020-04-27 16:49:27', 'ac7610db-b66e-4f57-916c-c7ea0a4b84c9', NULL);
INSERT INTO `sys_log` VALUES ('a2d7f0e9-bd7c-4c8b-b15f-38d540935c4a', '2020-04-17 11:41:15', '10000', 'aaa', 'Login', '192.168.1.117', '本地局域网', NULL, '系统登录', 1, '登录成功', '2020-04-17 11:41:15', '547395a9-1de6-41c6-a829-f1dc036c60b3', NULL);
INSERT INTO `sys_log` VALUES ('a3ab9a31-39f1-4363-a317-0fbbc9a90ecb', '2020-04-15 17:06:15', 'admin', '超级管理员', 'Exit', '117.81.192.182', '江苏省苏州市 电信', NULL, '系统登录', 1, '安全退出系统', '2020-04-15 17:06:15', '9f2ec079-7d0f-4fe2-90ab-8b09a8302aba', NULL);
INSERT INTO `sys_log` VALUES ('a4699413-ea55-4717-91b3-478be1aece91', '2020-04-17 14:58:40', 'admin', 'admin', 'Login', '192.168.1.117', '本地局域网', NULL, '系统登录', 0, '登录失败，值不能为 null。', '2020-04-17 14:58:40', 'ac7610db-b66e-4f57-916c-c7ea0a4b84c9', NULL);
INSERT INTO `sys_log` VALUES ('a47552a7-4463-4a57-aaa6-fc9687199c68', '2020-05-08 16:23:48', 'admin', '超级管理员', 'Delete', '192.168.99.1', '本地局域网', NULL, '系统管理', 0, '代码生成操作,删除操作失败，实体类已存在，实体类生成失败！', '2020-05-08 16:23:48', '9f2ec079-7d0f-4fe2-90ab-8b09a8302aba', NULL);
INSERT INTO `sys_log` VALUES ('a48bf12d-14c5-41bf-8ecc-d19b631ec69b', '2020-05-20 15:02:00', 'admin', '超级管理员', 'Update', '192.168.1.117', '本地局域网', NULL, '系统管理', 1, '系统菜单操作,修改操作成功', '2020-05-20 15:02:00', '9f2ec079-7d0f-4fe2-90ab-8b09a8302aba', '73FD1267-79BA-4E23-A152-744AF73117E9');
INSERT INTO `sys_log` VALUES ('a48bf9c4-db73-4e37-b3c6-ef584797868c', '2020-05-20 15:48:59', 'admin', '超级管理员', 'Update', '192.168.1.117', '本地局域网', NULL, '系统管理', 1, '菜单按钮操作,修改操作成功', '2020-05-20 15:48:59', '9f2ec079-7d0f-4fe2-90ab-8b09a8302aba', '41862743-f703-4b6d-be54-08d253eb0ebc');
INSERT INTO `sys_log` VALUES ('a4c4b112-ea40-4247-a38d-9d5673f0aab3', '2020-05-04 11:36:25', 'admin', '超级管理员', 'Exit', '192.168.99.1', '本地局域网', NULL, '系统登录', 1, '安全退出系统', '2020-05-04 11:36:25', '9f2ec079-7d0f-4fe2-90ab-8b09a8302aba', NULL);
INSERT INTO `sys_log` VALUES ('a4f0b54d-41d8-4208-b88b-fe13a1d02a99', '2020-05-12 12:29:01', 'admin', '超级管理员', 'Update', '192.168.99.1', '本地局域网', NULL, '系统管理', 1, '机构管理操作,修改操作成功', '2020-05-12 12:29:01', '9f2ec079-7d0f-4fe2-90ab-8b09a8302aba', 'F02A66CA-3D8B-491B-8A17-C9ACA3E3B5DD');
INSERT INTO `sys_log` VALUES ('a534d561-2e0a-4ef8-97c0-f7840dc1c702', '2020-04-17 11:20:13', '10000', '莎莎声', 'Login', '192.168.1.117', '本地局域网', NULL, '系统登录', 1, '登录成功', '2020-04-17 11:20:13', '8af4f5d6-85a4-4137-87f8-3d1390a67f93', NULL);
INSERT INTO `sys_log` VALUES ('a57fc4b5-630e-42dc-bbcb-c70081951802', '2020-05-08 16:49:53', 'admin', '超级管理员', 'Delete', '192.168.99.1', '本地局域网', NULL, '系统管理', 1, '菜单按钮操作,删除操作成功', '2020-05-08 16:49:53', '9f2ec079-7d0f-4fe2-90ab-8b09a8302aba', NULL);
INSERT INTO `sys_log` VALUES ('a5befb87-c580-4bf3-bf2c-8a98c7192b96', '2020-04-27 13:20:40', 'admin', '超级管理员', 'Login', '192.168.1.117', '本地局域网', NULL, '系统登录', 1, '登录成功', '2020-04-27 13:20:50', NULL, NULL);
INSERT INTO `sys_log` VALUES ('a60fc632-fa98-4dcb-b420-0cd3c5e2f37a', '2020-04-27 13:19:47', 'admin', '超级管理员', 'Exit', '192.168.1.117', '本地局域网', NULL, '系统登录', 1, '安全退出系统', '2020-04-27 13:19:47', '9f2ec079-7d0f-4fe2-90ab-8b09a8302aba', NULL);
INSERT INTO `sys_log` VALUES ('a6399ee3-9252-453b-b14e-b94b755d9884', '2020-05-22 17:03:18', 'admin', '超级管理员', 'Update', '192.168.1.117', '本地局域网', NULL, '系统管理', 1, '字段管理操作,修改操作成功', '2020-05-22 17:03:18', '9f2ec079-7d0f-4fe2-90ab-8b09a8302aba', 'dc4cd5fd-8933-44f8-9500-fc36285f50b2');
INSERT INTO `sys_log` VALUES ('a6885b9e-f201-4cab-b1c7-6594c0369307', '2020-05-08 15:27:52', 'admin', '超级管理员', 'Create', '192.168.99.1', '本地局域网', NULL, '系统管理', 0, '测试管理操作,新增操作失败，Value cannot be null.', '2020-05-08 15:27:52', '9f2ec079-7d0f-4fe2-90ab-8b09a8302aba', NULL);
INSERT INTO `sys_log` VALUES ('a6de897f-0f6d-44c6-9769-ea3715417d08', '2020-04-17 10:26:42', 'admin', '超级管理员', 'Create', '192.168.1.117', '本地局域网', NULL, '系统管理', 0, '角色管理操作,新增操作失败，无法将类型为“Chloe.MySql.MySqlContext”的对象强制转换为类型“Chloe.SqlServer.MsSqlContext”。', '2020-04-17 10:26:42', '9f2ec079-7d0f-4fe2-90ab-8b09a8302aba', NULL);
INSERT INTO `sys_log` VALUES ('a73bdae5-c5be-4a61-a1de-c421aea13b98', '2020-04-14 11:29:38', 'admin', '超级管理员', 'Login', '117.81.192.182', '江苏省苏州市 电信', NULL, '系统登录', 1, '登录成功', '2020-04-14 11:29:38', '9f2ec079-7d0f-4fe2-90ab-8b09a8302aba', NULL);
INSERT INTO `sys_log` VALUES ('a7a686c4-9fb1-4ff2-9538-234fc8c2e545', '2020-05-19 13:33:45', 'admin', '超级管理员', 'Login', '未连接未知', '本地局域网', NULL, '用户Api', 1, '登录成功', '2020-05-19 13:33:45', NULL, NULL);
INSERT INTO `sys_log` VALUES ('a8907c37-25d3-44e2-97fa-41626849e3af', '2020-04-17 10:30:04', 'admin', '超级管理员', 'Create', '192.168.1.117', '本地局域网', NULL, '系统管理', 0, '角色管理操作,新增操作失败，无法将类型为“Chloe.MySql.MySqlContext”的对象强制转换为类型“Chloe.SqlServer.MsSqlContext”。', '2020-04-17 10:30:04', '9f2ec079-7d0f-4fe2-90ab-8b09a8302aba', NULL);
INSERT INTO `sys_log` VALUES ('a91f9e2d-e8b8-47b7-a80e-3f8f7b29659e', '2020-04-14 17:05:19', 'admin', '超级管理员', 'Login', '117.81.192.182', '江苏省苏州市 电信', NULL, '系统登录', 1, '登录成功', '2020-04-14 17:05:19', '9f2ec079-7d0f-4fe2-90ab-8b09a8302aba', NULL);
INSERT INTO `sys_log` VALUES ('a935cb6b-dba5-4130-a9f7-c37d183079ad', '2020-05-20 06:27:24', 'admin', '超级管理员', 'Login', '172.17.0.2', '本地局域网', NULL, '系统登录', 1, '登录成功', '2020-05-20 06:27:24', NULL, NULL);
INSERT INTO `sys_log` VALUES ('a9d619eb-c801-44cc-a4b5-cb43f67906ea', '2020-04-17 10:52:39', '10000', '莎莎声', 'Login', '192.168.1.117', '本地局域网', NULL, '系统登录', 1, '登录成功', '2020-04-17 10:52:39', '8af4f5d6-85a4-4137-87f8-3d1390a67f93', NULL);
INSERT INTO `sys_log` VALUES ('aa25c5f3-ef04-4d3c-90a8-bd178bbb9fdc', '2020-05-06 13:11:32', 'admin', '超级管理员', 'Create', '192.168.99.1', '本地局域网', NULL, '系统管理', 1, '系统菜单操作,新增操作成功', '2020-05-06 13:11:32', '9f2ec079-7d0f-4fe2-90ab-8b09a8302aba', NULL);
INSERT INTO `sys_log` VALUES ('aa761d56-c69c-4eaf-be77-ccb468e83624', '2020-04-17 12:58:55', 'admin', '超级管理员', 'Exit', '192.168.1.117', '本地局域网', NULL, '系统登录', 1, '安全退出系统', '2020-04-17 12:58:55', '9f2ec079-7d0f-4fe2-90ab-8b09a8302aba', NULL);
INSERT INTO `sys_log` VALUES ('aabc2ea1-d750-4eb3-9d6f-6755a0c212d7', '2020-05-12 14:09:21', 'admin', '超级管理员', 'Delete', '192.168.99.1', '本地局域网', NULL, '系统管理', 1, '菜单按钮操作,删除操作成功', '2020-05-12 14:09:21', '9f2ec079-7d0f-4fe2-90ab-8b09a8302aba', NULL);
INSERT INTO `sys_log` VALUES ('ab5e0cb2-bb6a-4130-99ce-dc3379de5db8', '2020-04-17 12:51:25', 'admin', '超级管理员', 'Update', '192.168.1.117', '本地局域网', NULL, '系统管理', 1, '按钮管理操作,修改操作成功', '2020-04-17 12:51:25', '9f2ec079-7d0f-4fe2-90ab-8b09a8302aba', '329c0326-ce68-4a24-904d-aade67a90fc7');
INSERT INTO `sys_log` VALUES ('ac37fdb7-2e4f-4998-9a5b-064a2950df03', '2020-04-17 10:45:38', 'admin', '超级管理员', 'Exit', '192.168.1.117', '本地局域网', NULL, '系统登录', 1, '安全退出系统', '2020-04-17 10:45:38', '9f2ec079-7d0f-4fe2-90ab-8b09a8302aba', NULL);
INSERT INTO `sys_log` VALUES ('ac4f1d09-b8bc-4595-8a6e-a11c175b311b', '2020-05-18 16:15:44', 'admin', '超级管理员', 'Login', '192.168.99.1', '本地局域网', NULL, '系统登录', 1, '登录成功', '2020-05-18 16:15:44', NULL, NULL);
INSERT INTO `sys_log` VALUES ('ac4f2249-7891-4c16-8d35-496e5d5bb48b', '2020-04-15 17:20:05', 'admin', '超级管理员', 'Exit', '117.81.192.182', '江苏省苏州市 电信', NULL, '系统登录', 1, '安全退出系统', '2020-04-15 17:20:05', '9f2ec079-7d0f-4fe2-90ab-8b09a8302aba', NULL);
INSERT INTO `sys_log` VALUES ('acab1798-4cdf-45fe-81da-218f1cadbc52', '2020-04-20 15:56:17', '10000', '2222', 'Update', '192.168.1.117', '本地局域网', NULL, '系统管理', 1, '系统菜单操作,修改操作成功', '2020-04-20 15:56:17', 'ac7610db-b66e-4f57-916c-c7ea0a4b84c9', '91A6CFAD-B2F9-4294-BDAE-76DECF412C6C');
INSERT INTO `sys_log` VALUES ('acb36b98-97ff-46ac-9d10-53d79cb585c3', '2020-04-27 13:28:02', 'admin', '超级管理员', 'Delete', '192.168.1.117', '本地局域网', NULL, '系统管理', 1, '机构管理操作,删除操作成功', '2020-04-27 13:28:10', '9f2ec079-7d0f-4fe2-90ab-8b09a8302aba', NULL);
INSERT INTO `sys_log` VALUES ('ae442b64-b40f-4164-81cc-048386a79bc8', '2020-05-21 14:28:48', 'admin', '超级管理员', 'Create', '192.168.1.117', '本地局域网', NULL, '系统管理', 1, '菜单按钮操作,新增操作成功', '2020-05-21 14:28:48', '9f2ec079-7d0f-4fe2-90ab-8b09a8302aba', NULL);
INSERT INTO `sys_log` VALUES ('b06c7a5f-acf9-4aa2-a0e9-d08b4553ad77', '2020-05-13 11:24:13', 'admin', '超级管理员', 'Login', '192.168.1.117', '本地局域网', NULL, '系统登录', 1, '登录成功', '2020-05-13 11:24:13', NULL, NULL);
INSERT INTO `sys_log` VALUES ('b1113ebe-c162-42d9-ac50-a54d1355e2ea', '2020-05-22 17:11:14', 'admin', '超级管理员', 'Update', '192.168.1.117', '本地局域网', NULL, '系统管理', 1, '字段管理操作,修改操作成功', '2020-05-22 17:11:14', '9f2ec079-7d0f-4fe2-90ab-8b09a8302aba', 'bf5a2919-281c-44e2-a83b-74576e08743e');
INSERT INTO `sys_log` VALUES ('b12151a5-88b8-4bb7-866b-2f8088885619', '2020-04-17 14:46:28', 'admin', '超级管理员', 'Login', '192.168.1.117', '本地局域网', NULL, '系统登录', 1, '登录成功', '2020-04-17 14:46:28', '9f2ec079-7d0f-4fe2-90ab-8b09a8302aba', NULL);
INSERT INTO `sys_log` VALUES ('b17ab162-6ede-4a25-91e7-d474e6f50033', '2020-05-21 14:39:20', 'admin', '超级管理员', 'Create', '192.168.1.117', '本地局域网', NULL, '系统管理', 1, '代码生成操作,新增操作成功', '2020-05-21 14:39:20', '9f2ec079-7d0f-4fe2-90ab-8b09a8302aba', NULL);
INSERT INTO `sys_log` VALUES ('b272bd74-98f0-499f-9ff5-ad1a9d9aacbd', '2020-05-12 14:07:22', 'admin', '超级管理员', 'Delete', '192.168.99.1', '本地局域网', NULL, '系统管理', 1, '系统菜单操作,删除操作成功', '2020-05-12 14:07:22', '9f2ec079-7d0f-4fe2-90ab-8b09a8302aba', NULL);
INSERT INTO `sys_log` VALUES ('b27db694-cf91-4547-a8fe-c41b4d19ff8f', '2020-04-15 16:10:15', 'admin', '超级管理员', 'Exit', '117.81.192.182', '江苏省苏州市 电信', NULL, '系统登录', 1, '安全退出系统', '2020-04-15 16:10:15', '9f2ec079-7d0f-4fe2-90ab-8b09a8302aba', NULL);
INSERT INTO `sys_log` VALUES ('b3030205-59d8-4ae8-b2d1-cf7cf4bfc6ae', '2020-05-26 14:24:21', 'admin', '超级管理员', 'Create', '192.168.1.117', '本地局域网', NULL, '系统安全', 1, '定时任务操作,新增操作成功', '2020-05-26 14:24:21', '9f2ec079-7d0f-4fe2-90ab-8b09a8302aba', NULL);
INSERT INTO `sys_log` VALUES ('b30a2c6a-d0be-47c9-9737-23d63029cdc8', '2020-04-20 15:09:18', '10000', '2222', 'Login', '192.168.1.117', '本地局域网', NULL, '系统登录', 1, '登录成功', '2020-04-20 15:09:18', 'ac7610db-b66e-4f57-916c-c7ea0a4b84c9', NULL);
INSERT INTO `sys_log` VALUES ('b317f69a-4427-4d3b-a59b-c96cf1a4c144', '2020-05-11 11:44:29', 'admin', '超级管理员', 'Delete', '192.168.99.1', '本地局域网', NULL, '系统管理', 1, '角色管理操作,删除操作成功', '2020-05-11 11:44:29', '9f2ec079-7d0f-4fe2-90ab-8b09a8302aba', NULL);
INSERT INTO `sys_log` VALUES ('b36200ee-a77b-409b-bbb8-a2e8150eda6f', '2020-04-17 10:27:37', 'admin', '超级管理员', 'Create', '192.168.1.117', '本地局域网', NULL, '系统管理', 0, '角色管理操作,新增操作失败，无法将类型为“Chloe.MySql.MySqlContext”的对象强制转换为类型“Chloe.SqlServer.MsSqlContext”。', '2020-04-17 10:27:37', '9f2ec079-7d0f-4fe2-90ab-8b09a8302aba', NULL);
INSERT INTO `sys_log` VALUES ('b3684a96-e30d-4637-9289-926341c11f45', '2020-04-26 11:43:53', 'admin', '超级管理员', 'Login', '192.168.1.117', '本地局域网', NULL, '系统登录', 1, '登录成功', '2020-04-26 11:43:55', NULL, NULL);
INSERT INTO `sys_log` VALUES ('b391fe73-b9af-4eaf-9989-97fb9ba3c975', '2020-04-27 17:47:31', 'admin', '超级管理员', 'Exit', '192.168.1.117', '本地局域网', NULL, '系统登录', 1, '安全退出系统', '2020-04-27 17:47:31', '9f2ec079-7d0f-4fe2-90ab-8b09a8302aba', NULL);
INSERT INTO `sys_log` VALUES ('b3f98151-6e82-461e-8991-d2ed4cad4969', '2020-04-17 11:37:42', 'admin', '超级管理员', 'Update', '192.168.1.117', '本地局域网', NULL, '系统管理', 1, '角色管理操作,修改操作成功', '2020-04-17 11:37:42', '9f2ec079-7d0f-4fe2-90ab-8b09a8302aba', 'b05efc5b-51a0-4843-8d4d-1e191b2863f1');
INSERT INTO `sys_log` VALUES ('b4518ddb-47a9-4ced-b530-d693368fae78', '2020-05-04 10:58:15', 'admin', '超级管理员', 'Login', '192.168.99.1', '本地局域网', NULL, '系统登录', 1, '登录成功', '2020-05-04 10:58:15', NULL, NULL);
INSERT INTO `sys_log` VALUES ('b5949e83-90e0-4243-9056-5e7aeefb88fd', '2020-04-26 09:15:16', 'admin', 'admin', 'Login', '192.168.1.117', '本地局域网', NULL, '系统登录', 0, '登录失败，验证码错误，请重新输入', '2020-04-26 09:15:30', NULL, NULL);
INSERT INTO `sys_log` VALUES ('b5e65732-4167-4b7a-93f7-1f81da468f0f', '2020-04-17 10:45:18', 'admin', '超级管理员', 'Exit', '192.168.1.117', '本地局域网', NULL, '系统登录', 1, '安全退出系统', '2020-04-17 10:45:18', '9f2ec079-7d0f-4fe2-90ab-8b09a8302aba', NULL);
INSERT INTO `sys_log` VALUES ('b5f117cb-4559-4a58-852d-a7856a547a0f', '2020-04-17 12:55:27', '10000', 'sss', 'Login', '192.168.1.117', '本地局域网', NULL, '系统登录', 1, '登录成功', '2020-04-17 12:55:27', 'b6651953-b5fb-4051-8919-c22c827f5741', NULL);
INSERT INTO `sys_log` VALUES ('b65d636f-c6c7-4c56-87e2-bf0fe2af30d9', '2020-04-17 11:19:50', 'admin', '超级管理员', 'Update', '192.168.1.117', '本地局域网', NULL, '系统管理', 1, '角色管理操作,修改操作成功', '2020-04-17 11:19:50', '9f2ec079-7d0f-4fe2-90ab-8b09a8302aba', 'F0A2B36F-35A7-4660-B46C-D4AB796591EB');
INSERT INTO `sys_log` VALUES ('b670bba6-aa58-4eb1-8221-16c00207b551', '2020-04-20 14:52:28', '10000', '2222', 'Login', '192.168.1.117', '本地局域网', NULL, '系统登录', 1, '登录成功', '2020-04-20 14:52:28', 'ac7610db-b66e-4f57-916c-c7ea0a4b84c9', NULL);
INSERT INTO `sys_log` VALUES ('b6b3b148-875d-4b47-98e9-56dce3ac59cd', '2020-04-17 08:44:57', 'admin', '超级管理员', 'Login', '192.168.1.117', '本地局域网', NULL, '系统登录', 1, '登录成功', '2020-04-17 08:44:58', '9f2ec079-7d0f-4fe2-90ab-8b09a8302aba', NULL);
INSERT INTO `sys_log` VALUES ('b6ce9822-6682-4464-98f8-7e6199a8bc76', '2020-04-27 13:15:43', 'admin', 'admin', 'Login', '192.168.1.117', '本地局域网', NULL, '系统登录', 0, '登录失败，验证码错误，请重新输入', '2020-04-27 13:15:45', NULL, NULL);
INSERT INTO `sys_log` VALUES ('b719c107-d144-4fe0-9541-1b6056d0c7ea', '2020-05-20 15:49:10', 'admin', '超级管理员', 'Update', '192.168.1.117', '本地局域网', NULL, '系统管理', 1, '菜单按钮操作,修改操作成功', '2020-05-20 15:49:10', '9f2ec079-7d0f-4fe2-90ab-8b09a8302aba', '0f0596f6-aa50-4df0-ad8e-af867cb4a9de');
INSERT INTO `sys_log` VALUES ('b73c6423-560e-40f8-8061-aa0c1772bddd', '2020-04-27 17:11:40', 'admin', '超级管理员', 'Login', '192.168.1.117', '本地局域网', NULL, '系统登录', 1, '登录成功', '2020-04-27 17:11:40', NULL, NULL);
INSERT INTO `sys_log` VALUES ('b7431bdd-36f4-4a0c-affb-6b3b283c8ce3', '2020-05-18 16:17:33', 'admin', '超级管理员', 'Login', '192.168.99.1', '本地局域网', NULL, '系统登录', 1, '登录成功', '2020-05-18 16:17:33', NULL, NULL);
INSERT INTO `sys_log` VALUES ('b8c30fc6-227c-4b62-8232-e485c738e869', '2020-04-23 10:20:48', 'admin', '超级管理员', 'Login', '127.0.0.1', '本地局域网', NULL, '系统登录', 1, '登录成功', '2020-04-23 10:20:48', '9f2ec079-7d0f-4fe2-90ab-8b09a8302aba', NULL);
INSERT INTO `sys_log` VALUES ('b8d7106e-fe2d-4a8b-8ede-fa517568414f', '2020-04-27 16:51:07', 'admin', '超级管理员', 'Create', '192.168.1.117', '本地局域网', NULL, '系统管理', 1, '系统菜单操作,新增操作成功', '2020-04-27 16:51:07', '9f2ec079-7d0f-4fe2-90ab-8b09a8302aba', NULL);
INSERT INTO `sys_log` VALUES ('b90132de-95fa-428f-a1c9-aca52546ddcd', '2020-04-20 16:04:34', '10000', '2222', 'Login', '192.168.1.117', '本地局域网', NULL, '系统登录', 1, '登录成功', '2020-04-20 16:04:35', 'ac7610db-b66e-4f57-916c-c7ea0a4b84c9', NULL);
INSERT INTO `sys_log` VALUES ('b92e9b55-d5ac-4c6a-a054-6dadbe9ff0b6', '2020-05-21 10:47:15', 'admin', '超级管理员', 'Login', '192.168.1.117', '本地局域网', NULL, '系统登录', 1, '登录成功', '2020-05-21 10:47:15', '9f2ec079-7d0f-4fe2-90ab-8b09a8302aba', NULL);
INSERT INTO `sys_log` VALUES ('ba042d8a-dfb0-4418-bf25-4c84d6c10d91', '2020-04-27 17:12:03', 'admin', '超级管理员', 'Update', '192.168.1.117', '本地局域网', NULL, '系统管理', 1, '角色管理操作,修改操作成功', '2020-04-27 17:12:03', '9f2ec079-7d0f-4fe2-90ab-8b09a8302aba', 'd71324b7-e7eb-47b2-bdea-f0293d36bb7f');
INSERT INTO `sys_log` VALUES ('ba2c1ba0-c2a0-4d6d-8da3-7fad50b689a7', '2020-04-20 16:55:53', 'admin', '超级管理员', 'Update', '192.168.1.117', '本地局域网', NULL, '系统管理', 1, '系统公告操作,修改操作成功', '2020-04-20 16:55:53', '9f2ec079-7d0f-4fe2-90ab-8b09a8302aba', 'c839e8c1-14e0-45c3-8d8b-54fe94cb1c19');
INSERT INTO `sys_log` VALUES ('baea20e3-debb-471a-b63c-bcb24d04facc', '2020-05-26 14:50:41', 'admin', '超级管理员', 'Create', '192.168.1.117', '本地局域网', NULL, '系统安全', 1, '定时任务操作,新增操作成功', '2020-05-26 14:50:41', '9f2ec079-7d0f-4fe2-90ab-8b09a8302aba', NULL);
INSERT INTO `sys_log` VALUES ('bafcb1e7-b732-4258-a22b-bd37b86cf630', '2020-04-17 13:33:44', '10000', '2222', 'Login', '192.168.1.117', '本地局域网', NULL, '系统登录', 1, '登录成功', '2020-04-17 13:33:44', 'ac7610db-b66e-4f57-916c-c7ea0a4b84c9', NULL);
INSERT INTO `sys_log` VALUES ('bbd9faad-5388-4f7b-a0be-a87e87fdfc8e', '2020-04-17 13:45:28', '10000', '2222', 'Login', '192.168.1.117', '本地局域网', NULL, '系统登录', 1, '登录成功', '2020-04-17 13:45:28', 'ac7610db-b66e-4f57-916c-c7ea0a4b84c9', NULL);
INSERT INTO `sys_log` VALUES ('bd2d9a67-deb8-4567-8ce8-968294e30bc2', '2020-05-26 13:56:57', 'admin', '超级管理员', 'Update', '192.168.1.117', '本地局域网', NULL, '系统管理', 1, '菜单按钮操作,修改操作成功', '2020-05-26 13:56:57', '9f2ec079-7d0f-4fe2-90ab-8b09a8302aba', '208c2915-d6d0-4bb0-8ec4-154f86561f5a');
INSERT INTO `sys_log` VALUES ('bd887729-b163-42b6-9c78-fb4d7c279159', '2020-05-21 16:09:02', 'admin', '超级管理员', 'Delete', '192.168.1.117', '本地局域网', NULL, '系统管理', 1, '字段管理操作,删除操作成功', '2020-05-21 16:09:02', '9f2ec079-7d0f-4fe2-90ab-8b09a8302aba', NULL);
INSERT INTO `sys_log` VALUES ('bdd52ff5-4f4f-4019-b8be-8786ac179844', '2020-04-17 12:58:44', 'admin', '超级管理员', 'Login', '192.168.1.117', '本地局域网', NULL, '系统登录', 1, '登录成功', '2020-04-17 12:58:44', '9f2ec079-7d0f-4fe2-90ab-8b09a8302aba', NULL);
INSERT INTO `sys_log` VALUES ('be71a99e-dbf1-4fff-871d-d6653396671d', '2020-04-28 09:54:52', 'admin', '超级管理员', 'Create', '192.168.1.117', '本地局域网', NULL, '系统管理', 1, '菜单按钮操作,新增操作成功', '2020-04-28 09:54:52', '9f2ec079-7d0f-4fe2-90ab-8b09a8302aba', NULL);
INSERT INTO `sys_log` VALUES ('be7d3b74-82c6-4d57-a616-7232e6b23756', '2020-05-20 15:30:00', 'admin', '超级管理员', 'Update', '192.168.1.117', '本地局域网', NULL, '系统管理', 1, '菜单按钮操作,修改操作成功', '2020-05-20 15:30:00', '9f2ec079-7d0f-4fe2-90ab-8b09a8302aba', '0f0596f6-aa50-4df0-ad8e-af867cb4a9de');
INSERT INTO `sys_log` VALUES ('bea3d9bc-0310-4ccf-8cff-b69ac36d7569', '2020-04-20 14:49:21', 'admin', '超级管理员', 'Exit', '192.168.1.117', '本地局域网', NULL, '系统登录', 1, '安全退出系统', '2020-04-20 14:49:21', '9f2ec079-7d0f-4fe2-90ab-8b09a8302aba', NULL);
INSERT INTO `sys_log` VALUES ('beb51f90-d3d2-4272-82a2-a6c1e51fc6b8', '2020-05-26 15:11:59', 'admin', '超级管理员', 'Update', '192.168.1.117', '本地局域网', NULL, '系统安全', 1, '定时任务操作,修改操作成功', '2020-05-26 15:11:59', '9f2ec079-7d0f-4fe2-90ab-8b09a8302aba', '1d9ffe9c-4c59-4431-8539-4c5ea364237e');
INSERT INTO `sys_log` VALUES ('bf41a799-8b9c-40d1-a950-b64a0f79d6bb', '2020-05-04 11:36:14', 'admin', 'admin', 'Login', '192.168.99.1', '本地局域网', NULL, '系统登录', 0, '登录失败，验证码错误，请重新输入', '2020-05-04 11:36:14', NULL, NULL);
INSERT INTO `sys_log` VALUES ('bf5fd95c-ebb6-4a00-9d9f-8332eaf1c532', '2020-05-26 16:54:32', 'admin', '超级管理员', 'Update', '192.168.1.117', '本地局域网', NULL, '系统安全', 1, '定时任务操作,修改操作成功', '2020-05-26 16:54:32', '9f2ec079-7d0f-4fe2-90ab-8b09a8302aba', '1d9ffe9c-4c59-4431-8539-4c5ea364237e');
INSERT INTO `sys_log` VALUES ('bfadae1f-517e-4510-8994-2f3b13a8b462', '2020-05-20 15:01:39', 'admin', '超级管理员', 'Update', '192.168.1.117', '本地局域网', NULL, '系统管理', 1, '系统菜单操作,修改操作成功', '2020-05-20 15:01:39', '9f2ec079-7d0f-4fe2-90ab-8b09a8302aba', '73FD1267-79BA-4E23-A152-744AF73117E9');
INSERT INTO `sys_log` VALUES ('c0057a7a-8cc2-4e51-88bb-83c4e1cea654', '2020-05-08 15:14:09', 'admin', '超级管理员', 'Delete', '192.168.99.1', '本地局域网', NULL, '系统管理', 1, '菜单按钮操作,删除操作成功', '2020-05-08 15:14:09', '9f2ec079-7d0f-4fe2-90ab-8b09a8302aba', NULL);
INSERT INTO `sys_log` VALUES ('c03ccdc3-1ded-4195-8aef-f4220e298cbe', '2020-05-21 10:55:23', 'admin', '超级管理员', 'Login', '192.168.1.117', '本地局域网', NULL, '系统登录', 1, '登录成功', '2020-05-21 10:55:23', '9f2ec079-7d0f-4fe2-90ab-8b09a8302aba', NULL);
INSERT INTO `sys_log` VALUES ('c1d63fec-dc42-48d7-bd71-9b86811cc6a5', '2020-05-08 15:16:26', 'admin', '超级管理员', 'Delete', '192.168.99.1', '本地局域网', NULL, '系统管理', 1, '代码生成操作,删除操作成功', '2020-05-08 15:16:26', '9f2ec079-7d0f-4fe2-90ab-8b09a8302aba', NULL);
INSERT INTO `sys_log` VALUES ('c2933590-9577-4580-83c5-26c3bce8de63', '2020-04-23 17:01:13', 'admin', '超级管理员', 'Login', '192.168.1.117', '本地局域网', NULL, '系统登录', 1, '登录成功', '2020-04-23 17:01:13', '9f2ec079-7d0f-4fe2-90ab-8b09a8302aba', NULL);
INSERT INTO `sys_log` VALUES ('c2bfcc91-f397-4a5f-adfb-b4d1b1e0e5a7', '2020-05-06 13:09:58', 'admin', '超级管理员', 'Login', '192.168.99.1', '本地局域网', NULL, '系统登录', 1, '登录成功', '2020-05-06 13:09:58', NULL, NULL);
INSERT INTO `sys_log` VALUES ('c2fefabd-b884-4e20-b91b-12719acd38e8', '2020-05-18 14:16:53', 'admin', '超级管理员', 'Login', '192.168.99.1', '本地局域网', NULL, '系统登录', 1, '登录成功', '2020-05-18 14:16:53', NULL, NULL);
INSERT INTO `sys_log` VALUES ('c3417707-c196-412b-a29b-2cc0e23fe759', '2020-05-21 15:39:48', 'admin', '超级管理员', 'Create', '192.168.1.117', '本地局域网', NULL, '系统管理', 1, '菜单按钮操作,新增克隆成功', '2020-05-21 15:39:48', '9f2ec079-7d0f-4fe2-90ab-8b09a8302aba', NULL);
INSERT INTO `sys_log` VALUES ('c3483e50-39fb-4e85-94c2-5fe53ee12e8a', '2020-04-23 14:17:20', 'admin', '超级管理员', 'Update', '127.0.0.1', '本地局域网', NULL, '系统管理', 1, '按钮管理操作,修改操作成功', '2020-04-23 14:17:20', '9f2ec079-7d0f-4fe2-90ab-8b09a8302aba', '9fc77888-bbca-4996-9240-a0f389819f6f');
INSERT INTO `sys_log` VALUES ('c3554944-d068-4cd7-8e20-d008e676341b', '2020-05-26 15:27:58', 'admin', '超级管理员', 'Update', '192.168.1.117', '本地局域网', NULL, '系统安全', 1, '定时任务操作,修改操作成功', '2020-05-26 15:27:58', '9f2ec079-7d0f-4fe2-90ab-8b09a8302aba', '1d9ffe9c-4c59-4431-8539-4c5ea364237e');
INSERT INTO `sys_log` VALUES ('c37a686f-f5a3-46e6-ab98-53d7f3bd993c', '2020-05-11 11:40:00', 'admin', '超级管理员', 'Update', '192.168.99.1', '本地局域网', NULL, '系统管理', 1, '角色管理操作,修改操作成功', '2020-05-11 11:40:00', '9f2ec079-7d0f-4fe2-90ab-8b09a8302aba', '0fa427f8-441b-4424-878b-0563648e4257');
INSERT INTO `sys_log` VALUES ('c3834ae7-c207-4b05-9d97-68f7e5a9327f', '2020-04-27 16:57:01', 'admin', '超级管理员', 'Update', '192.168.1.117', '本地局域网', NULL, '系统管理', 1, '按钮管理操作,修改操作成功', '2020-04-27 16:57:01', '9f2ec079-7d0f-4fe2-90ab-8b09a8302aba', '3d0e99d1-a150-43dc-84ae-f0e2e0ad2217');
INSERT INTO `sys_log` VALUES ('c3bb4162-1e5e-4021-89ee-5c1e5e651e44', '2020-05-20 14:45:32', 'admin', 'admin', 'Login', '192.168.1.117', '本地局域网', NULL, '系统登录', 0, '登录失败，密码不正确，请重新输入', '2020-05-20 14:45:32', NULL, NULL);
INSERT INTO `sys_log` VALUES ('c42451c9-bb87-464f-add8-be1f624c0a74', '2020-04-17 10:38:10', 'admin', '超级管理员', 'Exit', '192.168.1.117', '本地局域网', NULL, '系统登录', 1, '安全退出系统', '2020-04-17 10:38:10', '9f2ec079-7d0f-4fe2-90ab-8b09a8302aba', NULL);
INSERT INTO `sys_log` VALUES ('c46e247e-da01-4a6e-963c-9916f9ee818f', '2020-04-17 13:34:54', '10000', '2222', 'Login', '127.0.0.1', '本地局域网', NULL, '系统登录', 1, '登录成功', '2020-04-17 13:34:54', 'ac7610db-b66e-4f57-916c-c7ea0a4b84c9', NULL);
INSERT INTO `sys_log` VALUES ('c5255fee-e9dd-440b-ad22-4eef984464e1', '2020-04-20 17:06:53', 'admin', '超级管理员', 'Update', '192.168.1.117', '本地局域网', NULL, '系统管理', 1, '数据字典操作,修改操作成功', '2020-04-20 17:06:53', '9f2ec079-7d0f-4fe2-90ab-8b09a8302aba', 'e5079bae-a8c0-4209-9019-6a2b4a3a7dac');
INSERT INTO `sys_log` VALUES ('c528b482-1d83-4516-8af3-3e6c30e1dc03', '2020-04-17 14:26:16', 'admin', '超级管理员', 'Login', '192.168.1.117', '本地局域网', NULL, '系统登录', 1, '登录成功', '2020-04-17 14:26:16', '9f2ec079-7d0f-4fe2-90ab-8b09a8302aba', NULL);
INSERT INTO `sys_log` VALUES ('c5c8301f-94a4-4e61-8c33-4310fe27395e', '2020-05-19 10:12:20', 'admin', '超级管理员', 'Login', '192.168.99.1', '本地局域网', NULL, '系统登录', 1, '登录成功', '2020-05-19 10:12:20', NULL, NULL);
INSERT INTO `sys_log` VALUES ('c61267ab-cfbd-47ce-9597-fe24e93e63f8', '2020-05-20 14:47:53', 'admin', '超级管理员', 'Update', '192.168.1.117', '本地局域网', NULL, '系统管理', 1, '系统菜单操作,修改操作成功', '2020-05-20 14:47:53', '9f2ec079-7d0f-4fe2-90ab-8b09a8302aba', 'e72c75d0-3a69-41ad-b220-13c9a62ec788');
INSERT INTO `sys_log` VALUES ('c6568ae8-f721-420c-928f-583ead8e532a', '2020-05-11 14:07:23', 'admin', '超级管理员', 'Login', '192.168.99.1', '本地局域网', NULL, '系统登录', 1, '登录成功', '2020-05-11 14:07:23', NULL, NULL);
INSERT INTO `sys_log` VALUES ('c666c374-51fd-4d50-83ac-982c2e27b9d9', '2020-04-17 11:35:05', 'admin', '超级管理员', 'Update', '192.168.1.117', '本地局域网', NULL, '系统管理', 1, '角色管理操作,修改操作成功', '2020-04-17 11:35:05', '9f2ec079-7d0f-4fe2-90ab-8b09a8302aba', 'b05efc5b-51a0-4843-8d4d-1e191b2863f1');
INSERT INTO `sys_log` VALUES ('c6c6c9ce-7f21-4183-9008-1498ab632d2e', '2020-04-17 13:11:48', '10000', '10000', 'Login', '192.168.1.117', '本地局域网', NULL, '系统登录', 0, '登录失败，账户不存在，请重新输入', '2020-04-17 13:11:50', NULL, NULL);
INSERT INTO `sys_log` VALUES ('c6d5122f-a690-496b-ac4f-8be28ecd2a9d', '2020-04-27 14:36:55', '10000', '2222', 'Exit', '192.168.1.117', '本地局域网', NULL, '系统登录', 1, '安全退出系统', '2020-04-27 14:36:55', 'ac7610db-b66e-4f57-916c-c7ea0a4b84c9', NULL);
INSERT INTO `sys_log` VALUES ('c7bbd782-1e17-4c7b-ba1c-8f349799aec1', '2020-04-17 11:49:06', '10000', 'aaa', 'Login', '192.168.1.117', '本地局域网', NULL, '系统登录', 1, '登录成功', '2020-04-17 11:49:06', '547395a9-1de6-41c6-a829-f1dc036c60b3', NULL);
INSERT INTO `sys_log` VALUES ('c7bd3324-199b-4ee5-aec2-36f734b73471', '2020-04-17 14:41:17', 'admin', '超级管理员', 'Delete', '192.168.1.117', '本地局域网', NULL, '系统管理', 0, '角色管理操作,删除操作失败，角色使用中，无法删除', '2020-04-17 14:41:17', '9f2ec079-7d0f-4fe2-90ab-8b09a8302aba', NULL);
INSERT INTO `sys_log` VALUES ('c7c24191-1ddc-4020-8413-ce6181428b8f', '2020-05-20 15:02:13', 'admin', '超级管理员', 'Update', '192.168.1.117', '本地局域网', NULL, '系统管理', 1, '系统菜单操作,修改操作成功', '2020-05-20 15:02:13', '9f2ec079-7d0f-4fe2-90ab-8b09a8302aba', '462027E0-0848-41DD-BCC3-025DCAE65555');
INSERT INTO `sys_log` VALUES ('c84ebc92-8cf8-4503-a60e-8dcd818d05b7', '2020-04-17 10:22:24', 'admin', '超级管理员', 'Create', '192.168.1.117', '本地局域网', NULL, '系统管理', 1, '系统公告操作,新增操作成功', '2020-04-17 10:22:24', '9f2ec079-7d0f-4fe2-90ab-8b09a8302aba', NULL);
INSERT INTO `sys_log` VALUES ('c917dd15-afe1-4d1b-bb72-5d439ec83312', '2020-04-23 16:57:56', 'admin', '超级管理员', 'Login', '192.168.1.117', '本地局域网', NULL, '系统登录', 1, '登录成功', '2020-04-23 16:57:56', '9f2ec079-7d0f-4fe2-90ab-8b09a8302aba', NULL);
INSERT INTO `sys_log` VALUES ('c9e83fcc-fec7-4737-b1bd-068008a7bb75', '2020-05-26 15:03:50', 'admin', '超级管理员', 'Update', '192.168.1.117', '本地局域网', NULL, '系统安全', 1, '定时任务操作,修改操作成功', '2020-05-26 15:03:50', '9f2ec079-7d0f-4fe2-90ab-8b09a8302aba', '1d9ffe9c-4c59-4431-8539-4c5ea364237e');
INSERT INTO `sys_log` VALUES ('ca46da48-cf0d-45ac-ad33-8cabead07f6c', '2020-05-12 14:09:19', 'admin', '超级管理员', 'Delete', '192.168.99.1', '本地局域网', NULL, '系统管理', 1, '菜单按钮操作,删除操作成功', '2020-05-12 14:09:19', '9f2ec079-7d0f-4fe2-90ab-8b09a8302aba', NULL);
INSERT INTO `sys_log` VALUES ('cb6c1557-b0ff-416b-bc3c-f06050bfd393', '2020-04-17 14:48:05', 'admin', '超级管理员', 'Exit', '192.168.1.117', '本地局域网', NULL, '系统登录', 1, '安全退出系统', '2020-04-17 14:48:05', '9f2ec079-7d0f-4fe2-90ab-8b09a8302aba', NULL);
INSERT INTO `sys_log` VALUES ('cc1a492a-b384-4cb7-8dfc-7b75c0fa0755', '2020-04-16 10:34:54', 'admin', '超级管理员', 'Login', '117.81.192.182', '江苏省苏州市 电信', NULL, '系统登录', 1, '登录成功', '2020-04-16 10:34:54', '9f2ec079-7d0f-4fe2-90ab-8b09a8302aba', NULL);
INSERT INTO `sys_log` VALUES ('cccd29da-a00d-4424-b1b0-fa9539f744b3', '2020-05-26 13:57:01', 'admin', '超级管理员', 'Update', '192.168.1.117', '本地局域网', NULL, '系统管理', 1, '菜单按钮操作,修改操作成功', '2020-05-26 13:57:01', '9f2ec079-7d0f-4fe2-90ab-8b09a8302aba', 'e06965bc-b693-4b91-96f9-fc10ca2aa1f0');
INSERT INTO `sys_log` VALUES ('cd8bc88f-aca9-4a54-9d68-3cf2bba94c55', '2020-05-12 14:08:14', 'admin', '超级管理员', 'Create', '192.168.99.1', '本地局域网', NULL, '系统管理', 1, '菜单按钮操作,新增克隆成功', '2020-05-12 14:08:14', '9f2ec079-7d0f-4fe2-90ab-8b09a8302aba', NULL);
INSERT INTO `sys_log` VALUES ('ce3bf546-4aaa-420c-b6a9-f7179ba6b723', '2020-04-15 11:53:22', 'admin', '超级管理员', 'Login', '117.81.192.182', '江苏省苏州市 电信', NULL, '系统登录', 1, '登录成功', '2020-04-15 11:53:22', '9f2ec079-7d0f-4fe2-90ab-8b09a8302aba', NULL);
INSERT INTO `sys_log` VALUES ('ce50a4fb-e755-45b1-bcad-b5270f23306e', '2020-05-12 12:29:25', 'admin', '超级管理员', 'Create', '192.168.99.1', '本地局域网', NULL, '系统管理', 1, '角色管理操作,新增操作成功', '2020-05-12 12:29:25', '9f2ec079-7d0f-4fe2-90ab-8b09a8302aba', NULL);
INSERT INTO `sys_log` VALUES ('ce8a3dd8-a29b-4670-8040-0d399a0d303f', '2020-04-23 17:02:44', 'admin', '超级管理员', 'Login', '192.168.1.117', '本地局域网', NULL, '系统登录', 1, '登录成功', '2020-04-23 17:03:10', '9f2ec079-7d0f-4fe2-90ab-8b09a8302aba', NULL);
INSERT INTO `sys_log` VALUES ('cf707ef8-05e4-49ad-97b9-683bd69bc9dd', '2020-04-17 14:24:35', '10000', '2222', 'Login', '192.168.1.117', '本地局域网', NULL, '系统登录', 1, '登录成功', '2020-04-17 14:24:35', 'ac7610db-b66e-4f57-916c-c7ea0a4b84c9', NULL);
INSERT INTO `sys_log` VALUES ('cf7ff7f7-6fdd-4e0c-9633-80e8e3baf6b9', '2020-04-17 11:38:16', 'admin', '超级管理员', 'Create', '192.168.1.117', '本地局域网', NULL, '系统管理', 1, '用户管理操作,新增操作成功', '2020-04-17 11:38:16', '9f2ec079-7d0f-4fe2-90ab-8b09a8302aba', NULL);
INSERT INTO `sys_log` VALUES ('cf83de83-7670-4b8a-a8ab-2bfa452802e4', '2020-04-13 17:26:18', 'admin', '超级管理员', 'Login', '117.81.192.182', '江苏省苏州市 电信', NULL, '系统登录', 1, '登录成功', '2020-04-13 17:26:18', '9f2ec079-7d0f-4fe2-90ab-8b09a8302aba', NULL);
INSERT INTO `sys_log` VALUES ('d0d084c1-244a-4a03-84db-1f94e5699b1d', '2020-05-12 12:36:07', 'admin', '超级管理员', 'Update', '192.168.99.1', '本地局域网', NULL, '系统管理', 1, '系统菜单操作,修改操作成功', '2020-05-12 12:36:07', '9f2ec079-7d0f-4fe2-90ab-8b09a8302aba', 'e3141c80-d06d-4b75-b24f-930f9d5470c6');
INSERT INTO `sys_log` VALUES ('d0df81a4-dea8-4aeb-a026-6b7cef3c125a', '2020-04-23 09:36:37', 'admin', '超级管理员', 'Login', '192.168.1.117', '本地局域网', NULL, '系统登录', 1, '登录成功', '2020-04-23 09:36:37', '9f2ec079-7d0f-4fe2-90ab-8b09a8302aba', NULL);
INSERT INTO `sys_log` VALUES ('d12a2924-147c-4625-83b5-4d5a6996ca4c', '2020-05-21 14:26:03', 'admin', '超级管理员', 'Login', '192.168.1.117', '本地局域网', NULL, '系统登录', 1, '登录成功', '2020-05-21 14:26:03', '9f2ec079-7d0f-4fe2-90ab-8b09a8302aba', NULL);
INSERT INTO `sys_log` VALUES ('d1b0e82c-89b6-49ab-bab5-2808c8dd14f7', '2020-05-26 17:02:21', 'admin', '超级管理员', 'Update', '192.168.1.117', '本地局域网', NULL, '系统安全', 1, '定时任务操作,修改操作成功', '2020-05-26 17:02:21', '9f2ec079-7d0f-4fe2-90ab-8b09a8302aba', '1d9ffe9c-4c59-4431-8539-4c5ea364237e');
INSERT INTO `sys_log` VALUES ('d255391b-b476-4801-9c03-746d499e0bc1', '2020-04-27 14:32:21', 'admin', '超级管理员', 'Exit', '192.168.1.117', '本地局域网', NULL, '系统登录', 1, '安全退出系统', '2020-04-27 14:32:21', '9f2ec079-7d0f-4fe2-90ab-8b09a8302aba', NULL);
INSERT INTO `sys_log` VALUES ('d38513b8-f87e-4e25-991d-9aaf2666c8fd', '2020-05-15 15:42:55', 'admin', '超级管理员', 'Update', '192.168.99.1', '本地局域网', NULL, '系统管理', 1, '系统菜单操作,修改操作成功', '2020-05-15 15:42:55', '9f2ec079-7d0f-4fe2-90ab-8b09a8302aba', '462027E0-0848-41DD-BCC3-025DCAE65555');
INSERT INTO `sys_log` VALUES ('d395e330-87f9-4851-bce4-e78067ecb367', '2020-04-20 14:49:31', '10000', '2222', 'Login', '192.168.1.117', '本地局域网', NULL, '系统登录', 1, '登录成功', '2020-04-20 14:49:31', 'ac7610db-b66e-4f57-916c-c7ea0a4b84c9', NULL);
INSERT INTO `sys_log` VALUES ('d4b7a5a1-59f2-4a05-9409-3a5a6b767f7e', '2020-04-27 16:49:19', '10000', '2222', 'Login', '192.168.1.117', '本地局域网', NULL, '系统登录', 1, '登录成功', '2020-04-27 16:49:19', NULL, NULL);
INSERT INTO `sys_log` VALUES ('d52af997-907a-4b05-b4f0-7ee540e30d8a', '2020-05-08 15:34:21', 'admin', '超级管理员', 'Delete', '192.168.99.1', '本地局域网', NULL, '系统管理', 1, '系统菜单操作,删除操作成功', '2020-05-08 15:34:21', '9f2ec079-7d0f-4fe2-90ab-8b09a8302aba', NULL);
INSERT INTO `sys_log` VALUES ('d548b3b0-8038-4c15-94df-dc05f2381868', '2020-04-17 12:55:22', 'admin', '超级管理员', 'Exit', '192.168.1.117', '本地局域网', NULL, '系统登录', 1, '安全退出系统', '2020-04-17 12:55:22', '9f2ec079-7d0f-4fe2-90ab-8b09a8302aba', NULL);
INSERT INTO `sys_log` VALUES ('d691878b-7027-4123-971b-9d78059f35ef', '2020-04-16 08:29:48', 'admin', '超级管理员', 'Login', '117.81.192.182', '江苏省苏州市 电信', NULL, '系统登录', 1, '登录成功', '2020-04-16 08:29:48', '9f2ec079-7d0f-4fe2-90ab-8b09a8302aba', NULL);
INSERT INTO `sys_log` VALUES ('d6fce70b-acac-4984-819f-156d4901779a', '2020-04-27 17:47:26', 'admin', '超级管理员', 'Update', '192.168.1.117', '本地局域网', NULL, '系统管理', 1, '角色管理操作,修改操作成功', '2020-04-27 17:47:26', '9f2ec079-7d0f-4fe2-90ab-8b09a8302aba', 'd71324b7-e7eb-47b2-bdea-f0293d36bb7f');
INSERT INTO `sys_log` VALUES ('d7583366-fa9a-4c89-8e77-c02de676e0cf', '2020-05-26 16:54:25', 'admin', '超级管理员', 'Update', '192.168.1.117', '本地局域网', NULL, '系统安全', 1, '定时任务操作,修改操作成功', '2020-05-26 16:54:25', '9f2ec079-7d0f-4fe2-90ab-8b09a8302aba', '1d9ffe9c-4c59-4431-8539-4c5ea364237e');
INSERT INTO `sys_log` VALUES ('d798e774-90d2-485a-ba15-3ac2dda15e52', '2020-04-26 09:32:41', 'admin', 'admin', 'Login', '192.168.1.117', '本地局域网', NULL, '系统登录', 0, '登录失败，Object reference not set to an instance of an object.', '2020-04-26 09:32:49', NULL, NULL);
INSERT INTO `sys_log` VALUES ('d819d6d2-e427-447a-9122-d8e094b871a2', '2020-05-20 14:45:42', 'admin', '超级管理员', 'Login', '192.168.1.117', '本地局域网', NULL, '系统登录', 1, '登录成功', '2020-05-20 14:45:42', NULL, NULL);
INSERT INTO `sys_log` VALUES ('d8b344b1-79ba-412d-b7af-6050787f4555', '2020-04-27 13:14:32', 'admin', '超级管理员', 'Exit', '192.168.1.117', '本地局域网', NULL, '系统登录', 1, '安全退出系统', '2020-04-27 13:14:32', '9f2ec079-7d0f-4fe2-90ab-8b09a8302aba', NULL);
INSERT INTO `sys_log` VALUES ('d9abf221-a29b-43cf-a296-4777dee15d6c', '2020-04-21 10:47:12', 'admin', '超级管理员', 'Login', '192.168.1.117', '本地局域网', NULL, '系统登录', 1, '登录成功', '2020-04-21 10:47:12', '9f2ec079-7d0f-4fe2-90ab-8b09a8302aba', NULL);
INSERT INTO `sys_log` VALUES ('d9bbfb43-d176-4453-a67a-2719440220ec', '2020-05-21 15:40:35', 'admin', '超级管理员', 'Update', '192.168.1.117', '本地局域网', NULL, '系统管理', 1, '菜单按钮操作,修改操作成功', '2020-05-21 15:40:35', '9f2ec079-7d0f-4fe2-90ab-8b09a8302aba', '98c2519c-b39f-4bf3-9543-5cc2630a4bbd');
INSERT INTO `sys_log` VALUES ('da53b618-2592-4ee2-b879-b6ddd904e7c7', '2020-04-27 17:08:29', '10000', '2222', 'Login', '192.168.1.117', '本地局域网', NULL, '系统登录', 1, '登录成功', '2020-04-27 17:08:29', NULL, NULL);
INSERT INTO `sys_log` VALUES ('dafaf57c-9aa4-42ff-90b7-071a43dc1ec5', '2020-04-27 13:18:38', 'admin', '超级管理员', 'Login', '192.168.1.117', '本地局域网', NULL, '系统登录', 1, '登录成功', '2020-04-27 13:19:02', NULL, NULL);
INSERT INTO `sys_log` VALUES ('db1ff2e8-b2bc-4e12-b441-53dfde80a0fc', '2020-05-22 17:06:21', 'admin', '超级管理员', 'Update', '192.168.1.117', '本地局域网', NULL, '系统管理', 1, '字段管理操作,修改操作成功', '2020-05-22 17:06:21', '9f2ec079-7d0f-4fe2-90ab-8b09a8302aba', 'dc4cd5fd-8933-44f8-9500-fc36285f50b2');
INSERT INTO `sys_log` VALUES ('db7bfd5b-4bdc-4784-b07b-e29bb8983258', '2020-04-27 17:08:58', '10000', '2222', 'Login', '192.168.1.117', '本地局域网', NULL, '系统登录', 1, '登录成功', '2020-04-27 17:08:58', NULL, NULL);
INSERT INTO `sys_log` VALUES ('db92b8c0-e64f-4a84-930f-2f7bc9411bc9', '2020-05-26 17:04:32', 'admin', '超级管理员', 'Update', '192.168.1.117', '本地局域网', NULL, '系统安全', 1, '定时任务操作,修改操作成功', '2020-05-26 17:04:32', '9f2ec079-7d0f-4fe2-90ab-8b09a8302aba', '1d9ffe9c-4c59-4431-8539-4c5ea364237e');
INSERT INTO `sys_log` VALUES ('dd51e4a0-f456-43ba-93b9-f71aa9ab79ae', '2020-05-12 12:36:31', 'admin', '超级管理员', 'Delete', '192.168.99.1', '本地局域网', NULL, '系统管理', 1, '菜单按钮操作,删除操作成功', '2020-05-12 12:36:31', '9f2ec079-7d0f-4fe2-90ab-8b09a8302aba', NULL);
INSERT INTO `sys_log` VALUES ('dda4b10c-2805-4589-865b-6d9411e4a514', '2020-04-17 12:59:08', '10000', 'sss', 'Login', '192.168.1.117', '本地局域网', NULL, '系统登录', 1, '登录成功', '2020-04-17 12:59:08', 'b6651953-b5fb-4051-8919-c22c827f5741', NULL);
INSERT INTO `sys_log` VALUES ('de2a9213-595e-4fc1-8a2f-eb909244effb', '2020-05-08 15:26:55', 'admin', '超级管理员', 'Update', '192.168.99.1', '本地局域网', NULL, '系统管理', 1, '菜单按钮操作,修改操作成功', '2020-05-08 15:26:55', '9f2ec079-7d0f-4fe2-90ab-8b09a8302aba', '3afa5567-3dd2-4060-ba10-764bf32b6240');
INSERT INTO `sys_log` VALUES ('de475a06-1963-4020-be77-1719d26d91cc', '2020-05-21 11:00:50', 'admin', '超级管理员', 'Exit', '192.168.1.117', '本地局域网', NULL, '系统登录', 1, '安全退出系统', '2020-05-21 11:00:50', '9f2ec079-7d0f-4fe2-90ab-8b09a8302aba', NULL);
INSERT INTO `sys_log` VALUES ('deb4a527-650b-4f9e-a88c-d51ff3ec3fd0', '2020-04-16 14:57:58', 'admin', '超级管理员', 'Update', '192.168.1.117', '本地局域网', NULL, '系统安全', 1, '访问控制操作,修改操作成功', '2020-04-16 14:57:58', '9f2ec079-7d0f-4fe2-90ab-8b09a8302aba', 'b3fbe66f-82cd-4f4a-ada3-61eb5a2d9eee');
INSERT INTO `sys_log` VALUES ('df4e985c-9ad3-4208-9f84-e87bf01adff5', '2020-04-17 10:45:24', 'admin', '超级管理员', 'Login', '192.168.1.117', '本地局域网', NULL, '系统登录', 1, '登录成功', '2020-04-17 10:45:24', '9f2ec079-7d0f-4fe2-90ab-8b09a8302aba', NULL);
INSERT INTO `sys_log` VALUES ('df5cf82e-463f-498d-ad57-834581eb7006', '2020-05-04 10:19:24', 'admin', '超级管理员', 'Login', '192.168.99.1', '本地局域网', NULL, '系统登录', 1, '登录成功', '2020-05-04 10:19:24', NULL, NULL);
INSERT INTO `sys_log` VALUES ('df83132b-86c6-4e84-9079-8572fcbefea4', '2020-04-27 17:38:21', 'admin', '超级管理员', 'Update', '192.168.1.117', '本地局域网', NULL, '系统管理', 1, '按钮管理操作,修改操作成功', '2020-04-27 17:38:21', '9f2ec079-7d0f-4fe2-90ab-8b09a8302aba', 'a0a41d87-494b-40b5-bd03-0f75c75be7cb');
INSERT INTO `sys_log` VALUES ('dfd7aa92-8a73-4223-92c0-872ec61ba51a', '2020-04-28 09:06:20', 'admin', '超级管理员', 'Login', '192.168.1.117', '本地局域网', NULL, '系统登录', 1, '登录成功', '2020-04-28 09:06:20', NULL, NULL);
INSERT INTO `sys_log` VALUES ('e06d4b83-4ab6-4a9d-95e9-43873c8877ef', '2020-05-18 14:11:09', 'admin', '超级管理员', 'Login', '192.168.99.1', '本地局域网', NULL, '系统登录', 1, '登录成功', '2020-05-18 14:11:10', NULL, NULL);
INSERT INTO `sys_log` VALUES ('e0767bdf-ab54-4642-9c76-8d6db23ac790', '2020-04-17 10:37:25', 'admin', '超级管理员', 'Login', '192.168.1.117', '本地局域网', NULL, '系统登录', 1, '登录成功', '2020-04-17 10:37:25', '9f2ec079-7d0f-4fe2-90ab-8b09a8302aba', NULL);
INSERT INTO `sys_log` VALUES ('e0c4442b-984d-407a-b767-477eace7fa0b', '2020-05-26 15:12:03', 'admin', '超级管理员', 'Update', '192.168.1.117', '本地局域网', NULL, '系统安全', 1, '定时任务操作,修改操作成功', '2020-05-26 15:12:03', '9f2ec079-7d0f-4fe2-90ab-8b09a8302aba', '8f7b8d82-53c2-4d0e-885f-145a06141c81');
INSERT INTO `sys_log` VALUES ('e10023bb-a851-4763-bfaa-2cfa2030b41b', '2020-04-17 10:59:55', 'admin', '超级管理员', 'Exit', '192.168.1.117', '本地局域网', NULL, '系统登录', 1, '安全退出系统', '2020-04-17 10:59:55', '9f2ec079-7d0f-4fe2-90ab-8b09a8302aba', NULL);
INSERT INTO `sys_log` VALUES ('e11a310d-42f9-448d-aea7-d06af52aa28f', '2020-05-08 13:59:20', 'admin', '超级管理员', 'Delete', '192.168.99.1', '本地局域网', NULL, '系统管理', 0, '代码生成操作,删除操作失败，实体类已存在，实体类生成失败！', '2020-05-08 13:59:20', '9f2ec079-7d0f-4fe2-90ab-8b09a8302aba', NULL);
INSERT INTO `sys_log` VALUES ('e142dcde-b40a-4125-8b9f-75cc1ee92182', '2020-05-06 13:12:42', 'admin', '超级管理员', 'Update', '192.168.99.1', '本地局域网', NULL, '系统管理', 1, '菜单按钮操作,修改操作成功', '2020-05-06 13:12:42', '9f2ec079-7d0f-4fe2-90ab-8b09a8302aba', 'ba72435b-1185-4108-8020-7310c5a70233');
INSERT INTO `sys_log` VALUES ('e14bb605-1006-4ed9-b1fc-a251a8b5d705', '2020-05-11 11:44:57', 'admin', '超级管理员', 'Delete', '192.168.99.1', '本地局域网', NULL, '系统管理', 1, '角色管理操作,删除操作成功', '2020-05-11 11:44:57', '9f2ec079-7d0f-4fe2-90ab-8b09a8302aba', NULL);
INSERT INTO `sys_log` VALUES ('e15eeaad-5763-40d2-964d-9ea38c9238fa', '2020-05-26 13:56:35', 'admin', '超级管理员', 'Update', '192.168.1.117', '本地局域网', NULL, '系统管理', 1, '菜单按钮操作,修改操作成功', '2020-05-26 13:56:35', '9f2ec079-7d0f-4fe2-90ab-8b09a8302aba', '310bb831-a46f-4117-9d02-a3e551611dcf');
INSERT INTO `sys_log` VALUES ('e395400e-4fa2-463c-a0b9-100f4dbf7a6d', '2020-05-26 13:06:34', 'admin', '超级管理员', 'Login', '192.168.1.117', '本地局域网', NULL, '系统登录', 1, '登录成功', '2020-05-26 13:06:34', '9f2ec079-7d0f-4fe2-90ab-8b09a8302aba', NULL);
INSERT INTO `sys_log` VALUES ('e3b743d1-297f-410d-ad0c-a849bed6b224', '2020-04-17 11:48:17', '10000', 'aaa', 'Login', '192.168.1.117', '本地局域网', NULL, '系统登录', 1, '登录成功', '2020-04-17 11:48:17', '547395a9-1de6-41c6-a829-f1dc036c60b3', NULL);
INSERT INTO `sys_log` VALUES ('e54b1d0f-d827-4eed-9fcc-d097cc4c0fd7', '2020-04-17 11:00:10', '10000', '莎莎声', 'Login', '192.168.1.117', '本地局域网', NULL, '系统登录', 1, '登录成功', '2020-04-17 11:00:10', '8af4f5d6-85a4-4137-87f8-3d1390a67f93', NULL);
INSERT INTO `sys_log` VALUES ('e5a66570-f5b8-4b47-bbea-296c7f51a03e', '2020-04-27 13:26:55', 'admin', '超级管理员', 'Create', '192.168.1.117', '本地局域网', NULL, '系统管理', 1, '机构管理操作,新增操作成功', '2020-04-27 13:26:55', '9f2ec079-7d0f-4fe2-90ab-8b09a8302aba', NULL);
INSERT INTO `sys_log` VALUES ('e5c5b848-3d72-4d8b-99a6-9e86553ecee2', '2020-05-12 14:01:31', 'admin', '超级管理员', 'Create', '192.168.99.1', '本地局域网', NULL, '系统管理', 1, '系统菜单操作,新增操作成功', '2020-05-12 14:01:31', '9f2ec079-7d0f-4fe2-90ab-8b09a8302aba', NULL);
INSERT INTO `sys_log` VALUES ('e5e777b2-43e0-42aa-92d0-23324e8c2411', '2020-04-17 14:40:29', '10000', '2222', 'Exit', '192.168.1.117', '本地局域网', NULL, '系统登录', 1, '安全退出系统', '2020-04-17 14:40:29', 'ac7610db-b66e-4f57-916c-c7ea0a4b84c9', NULL);
INSERT INTO `sys_log` VALUES ('e625e3f3-da28-42ec-b64a-b0dd1cea3e45', '2020-04-26 09:17:06', 'admin', 'admin', 'Login', '192.168.1.117', '本地局域网', NULL, '系统登录', 0, '登录失败，验证码错误，请重新输入', '2020-04-26 09:17:11', NULL, NULL);
INSERT INTO `sys_log` VALUES ('e66a49c6-4e73-42a5-938f-30d533a33184', '2020-04-17 12:09:16', 'admin', '超级管理员', 'Delete', '192.168.1.117', '本地局域网', NULL, '系统管理', 1, '角色管理操作,删除操作成功', '2020-04-17 12:09:16', '9f2ec079-7d0f-4fe2-90ab-8b09a8302aba', NULL);
INSERT INTO `sys_log` VALUES ('e679100a-33db-472e-b594-de7c8ab744d1', '2020-05-26 15:12:06', 'admin', '超级管理员', 'Update', '192.168.1.117', '本地局域网', NULL, '系统安全', 0, '定时任务操作,修改操作失败，Unable to store Job: \'WaterCloud.服务器状态更新\', because one already exists with this identification.', '2020-05-26 15:12:06', '9f2ec079-7d0f-4fe2-90ab-8b09a8302aba', '1d9ffe9c-4c59-4431-8539-4c5ea364237e');
INSERT INTO `sys_log` VALUES ('e69c09a7-c061-4087-88f4-fb754c80e128', '2020-05-19 10:13:02', 'admin', '超级管理员', 'Exit', '192.168.99.1', '本地局域网', NULL, '系统登录', 1, '安全退出系统', '2020-05-19 10:13:02', '9f2ec079-7d0f-4fe2-90ab-8b09a8302aba', NULL);
INSERT INTO `sys_log` VALUES ('e6c01f96-9827-43ee-bba1-0ea613a7ad0c', '2020-04-27 13:15:51', 'admin', '超级管理员', 'Login', '192.168.1.117', '本地局域网', NULL, '系统登录', 1, '登录成功', '2020-04-27 13:15:57', NULL, NULL);
INSERT INTO `sys_log` VALUES ('e7725e43-8762-4cef-b5db-7d8c64a86fc4', '2020-04-17 13:43:05', '10000', '2222', 'Login', '192.168.1.117', '本地局域网', NULL, '系统登录', 1, '登录成功', '2020-04-17 13:43:05', 'ac7610db-b66e-4f57-916c-c7ea0a4b84c9', NULL);
INSERT INTO `sys_log` VALUES ('e88df450-d071-43db-b5eb-e28f0f505642', '2020-05-08 15:05:38', 'admin', '超级管理员', 'Delete', '192.168.99.1', '本地局域网', NULL, '系统管理', 1, '代码生成操作,删除操作成功', '2020-05-08 15:05:38', '9f2ec079-7d0f-4fe2-90ab-8b09a8302aba', NULL);
INSERT INTO `sys_log` VALUES ('e938451c-ec24-4af5-8a61-67fca43d9963', '2020-05-13 11:48:07', 'admin', '超级管理员', 'Login', '192.168.99.1', '本地局域网', NULL, '系统登录', 1, '登录成功', '2020-05-13 11:48:07', NULL, NULL);
INSERT INTO `sys_log` VALUES ('e958ceb1-edf2-4a4f-9b1d-84779bda2959', '2020-05-20 14:48:15', 'admin', '超级管理员', 'Exit', '192.168.1.117', '本地局域网', NULL, '系统登录', 1, '安全退出系统', '2020-05-20 14:48:15', '9f2ec079-7d0f-4fe2-90ab-8b09a8302aba', NULL);
INSERT INTO `sys_log` VALUES ('e9bfaf2b-47ad-4947-9777-010f27db6570', '2020-05-08 16:31:12', 'admin', '超级管理员', 'Delete', '192.168.99.1', '本地局域网', NULL, '系统管理', 1, '代码生成操作,删除操作成功', '2020-05-08 16:31:12', '9f2ec079-7d0f-4fe2-90ab-8b09a8302aba', NULL);
INSERT INTO `sys_log` VALUES ('ea22b94d-4b79-4525-9ca1-e7df4764eb80', '2020-04-20 16:27:39', '10000', '2222', 'Exit', '127.0.0.1', '本地局域网', NULL, '系统登录', 1, '安全退出系统', '2020-04-20 16:27:39', 'ac7610db-b66e-4f57-916c-c7ea0a4b84c9', NULL);
INSERT INTO `sys_log` VALUES ('eb493d5a-fdb2-434c-9c58-2d01499c3c27', '2020-05-21 10:57:02', 'admin', '超级管理员', 'Login', '192.168.1.117', '本地局域网', NULL, '系统登录', 1, '登录成功', '2020-05-21 10:57:02', '9f2ec079-7d0f-4fe2-90ab-8b09a8302aba', NULL);
INSERT INTO `sys_log` VALUES ('eb4a5a24-3345-44e7-b1f9-0ad2ee850f98', '2020-05-12 14:09:54', 'admin', '超级管理员', 'Delete', '192.168.99.1', '本地局域网', NULL, '系统管理', 1, '菜单按钮操作,删除操作成功', '2020-05-12 14:09:54', '9f2ec079-7d0f-4fe2-90ab-8b09a8302aba', NULL);
INSERT INTO `sys_log` VALUES ('eb95f0bc-0fd0-49ba-bf84-3de6b1074cb4', '2020-04-17 10:35:27', '10010', '10010', 'Login', '192.168.1.117', '本地局域网', NULL, '系统登录', 0, '登录失败，可为空的对象必须具有一个值。', '2020-04-17 10:35:30', NULL, NULL);
INSERT INTO `sys_log` VALUES ('ec3ea5bf-ecf5-43a1-9801-a2c0e1010e54', '2020-05-26 15:11:49', 'admin', '超级管理员', 'Update', '192.168.1.117', '本地局域网', NULL, '系统安全', 1, '定时任务操作,修改操作成功', '2020-05-26 15:11:49', '9f2ec079-7d0f-4fe2-90ab-8b09a8302aba', '1d9ffe9c-4c59-4431-8539-4c5ea364237e');
INSERT INTO `sys_log` VALUES ('ec732860-e289-4818-a00e-1efa51c19ed8', '2020-04-17 10:47:50', '10000', '莎莎声', 'Login', '192.168.1.117', '本地局域网', NULL, '系统登录', 1, '登录成功', '2020-04-17 10:47:50', '8af4f5d6-85a4-4137-87f8-3d1390a67f93', NULL);
INSERT INTO `sys_log` VALUES ('ecf68da4-5043-4ef5-9001-27febc99148b', '2020-04-17 10:38:44', 'admin', '超级管理员', 'Login', '192.168.1.117', '本地局域网', NULL, '系统登录', 1, '登录成功', '2020-04-17 10:38:44', '9f2ec079-7d0f-4fe2-90ab-8b09a8302aba', NULL);
INSERT INTO `sys_log` VALUES ('ed68a8df-b70b-4b96-bffc-cc0e16d79b07', '2020-05-12 12:24:38', 'admin', '超级管理员', 'Login', '192.168.99.1', '本地局域网', NULL, '系统登录', 1, '登录成功', '2020-05-12 12:24:38', NULL, NULL);
INSERT INTO `sys_log` VALUES ('ed7f651e-92c2-44eb-ab20-2ee9ee2c86b3', '2020-04-21 10:53:17', 'admin', '超级管理员', 'Login', '192.168.1.117', '本地局域网', NULL, '系统登录', 1, '登录成功', '2020-04-21 10:53:17', '9f2ec079-7d0f-4fe2-90ab-8b09a8302aba', NULL);
INSERT INTO `sys_log` VALUES ('edb40f36-34be-46ca-9fbf-6296790885b5', '2020-04-22 14:26:21', 'admin', '超级管理员', 'Login', '192.168.1.117', '本地局域网', NULL, '系统登录', 1, '登录成功', '2020-04-22 14:26:21', '9f2ec079-7d0f-4fe2-90ab-8b09a8302aba', NULL);
INSERT INTO `sys_log` VALUES ('edc0667d-cfc4-4ef9-9f33-18bd5383c463', '2020-04-22 14:27:06', 'admin', '超级管理员', 'Update', '192.168.1.117', '本地局域网', NULL, '系统管理', 1, '岗位管理操作,修改操作成功', '2020-04-22 14:27:06', '9f2ec079-7d0f-4fe2-90ab-8b09a8302aba', 'B2624F67-E092-461A-AAAD-13592A9429D9');
INSERT INTO `sys_log` VALUES ('ede00966-dd66-49a1-8be8-76a3424a80df', '2020-04-17 14:43:47', 'admin', '超级管理员', 'Update', '192.168.1.117', '本地局域网', NULL, '系统管理', 1, '角色管理操作,修改操作成功', '2020-04-17 14:43:47', '9f2ec079-7d0f-4fe2-90ab-8b09a8302aba', 'd71324b7-e7eb-47b2-bdea-f0293d36bb7f');
INSERT INTO `sys_log` VALUES ('ee30e67b-8772-44cb-90ec-e6efaa10a06d', '2020-05-08 15:29:22', 'admin', '超级管理员', 'Create', '192.168.99.1', '本地局域网', NULL, '系统管理', 0, '测试管理操作,新增操作失败，Value cannot be null.', '2020-05-08 15:29:22', '9f2ec079-7d0f-4fe2-90ab-8b09a8302aba', NULL);
INSERT INTO `sys_log` VALUES ('ee41629d-20ea-4dfd-8217-19b57dca0f3a', '2020-04-17 11:38:51', '10000', 'aaa', 'Login', '192.168.1.117', '本地局域网', NULL, '系统登录', 1, '登录成功', '2020-04-17 11:38:51', '547395a9-1de6-41c6-a829-f1dc036c60b3', NULL);
INSERT INTO `sys_log` VALUES ('ee62aaa6-335f-42fd-8e56-0370015ad0a4', '2020-05-18 08:38:42', 'admin', '超级管理员', 'Login', '192.168.99.1', '本地局域网', NULL, '系统登录', 1, '登录成功', '2020-05-18 08:38:42', NULL, NULL);
INSERT INTO `sys_log` VALUES ('ef184a95-b1c6-47fa-92f9-b8d53ad89054', '2020-05-20 15:18:28', 'admin', '超级管理员', 'Login', '192.168.1.117', '本地局域网', NULL, '系统登录', 1, '登录成功', '2020-05-20 15:18:28', '9f2ec079-7d0f-4fe2-90ab-8b09a8302aba', NULL);
INSERT INTO `sys_log` VALUES ('ef48de11-80f3-49a4-b8ad-0a27bd78cb08', '2020-05-08 16:37:39', 'admin', '超级管理员', 'Delete', '192.168.99.1', '本地局域网', NULL, '系统管理', 1, '菜单按钮操作,删除操作成功', '2020-05-08 16:37:39', '9f2ec079-7d0f-4fe2-90ab-8b09a8302aba', NULL);
INSERT INTO `sys_log` VALUES ('f0548ff2-7d43-4aad-aab5-9ed820534512', '2020-05-08 16:49:48', 'admin', '超级管理员', 'Delete', '192.168.99.1', '本地局域网', NULL, '系统管理', 1, '菜单按钮操作,删除操作成功', '2020-05-08 16:49:48', '9f2ec079-7d0f-4fe2-90ab-8b09a8302aba', NULL);
INSERT INTO `sys_log` VALUES ('f092d1df-09c3-4393-ab3d-4abbef71359a', '2020-04-27 16:52:32', 'admin', '超级管理员', 'Update', '192.168.1.117', '本地局域网', NULL, '系统管理', 1, '按钮管理操作,修改操作成功', '2020-04-27 16:52:32', '9f2ec079-7d0f-4fe2-90ab-8b09a8302aba', 'cba403cb-6418-44b7-868d-19e04af673ce');
INSERT INTO `sys_log` VALUES ('f0c8fb0f-a7a8-454b-8de0-84b44f7f30d2', '2020-05-21 15:15:38', 'admin', '超级管理员', 'Update', '192.168.1.117', '本地局域网', NULL, '系统管理', 1, '菜单按钮操作,修改操作成功', '2020-05-21 15:15:38', '9f2ec079-7d0f-4fe2-90ab-8b09a8302aba', '85bfbb9d-24f0-4a6f-8bb8-0f87826d04fa');
INSERT INTO `sys_log` VALUES ('f1aeb65f-2aac-495c-92d0-7a255782259f', '2020-04-17 15:00:15', 'admin', '超级管理员', 'Update', '192.168.1.117', '本地局域网', NULL, '系统管理', 1, '角色管理操作,修改操作成功', '2020-04-17 15:00:15', '9f2ec079-7d0f-4fe2-90ab-8b09a8302aba', 'd71324b7-e7eb-47b2-bdea-f0293d36bb7f');
INSERT INTO `sys_log` VALUES ('f1cacbc6-1c06-4d4e-bf61-1849c6488150', '2020-05-19 11:55:33', 'admin', 'admin', 'Login', '', '本地局域网', NULL, '用户Api', 0, '登录失败，密码不正确，请重新输入', '2020-05-19 11:55:36', NULL, NULL);
INSERT INTO `sys_log` VALUES ('f2d622bd-1612-4123-91de-be735fea1112', '2020-04-28 08:38:04', NULL, NULL, 'Update', '192.168.1.117', '本地局域网', NULL, '系统管理', 0, '系统菜单操作,修改操作失败，Object reference not set to an instance of an object.', '2020-04-28 08:38:04', NULL, 'ed757a25-82d5-43cc-89f4-ed26a51fb4f0');
INSERT INTO `sys_log` VALUES ('f303d9ce-e8da-4ce2-8e69-9b1027646c4b', '2020-04-17 12:49:27', 'admin', '超级管理员', 'Update', '192.168.1.117', '本地局域网', NULL, '系统管理', 1, '按钮管理操作,修改操作成功', '2020-04-17 12:49:27', '9f2ec079-7d0f-4fe2-90ab-8b09a8302aba', '7ee3ff62-ab18-4886-9451-89b1d152172e');
INSERT INTO `sys_log` VALUES ('f31b1f2a-41c1-4c7f-9ba8-9f6226e252d3', '2020-04-17 10:22:54', 'admin', '超级管理员', 'Update', '192.168.1.117', '本地局域网', NULL, '系统管理', 0, '角色管理操作,修改操作失败，无法将类型为“Chloe.MySql.MySqlContext”的对象强制转换为类型“Chloe.SqlServer.MsSqlContext”。', '2020-04-17 10:22:54', '9f2ec079-7d0f-4fe2-90ab-8b09a8302aba', 'F0A2B36F-35A7-4660-B46C-D4AB796591EB');
INSERT INTO `sys_log` VALUES ('f3213ba6-523d-48b6-8155-ad2b2b2aeade', '2020-04-17 11:38:32', 'admin', '超级管理员', 'Update', '192.168.1.117', '本地局域网', NULL, '系统管理', 1, '用户管理操作,修改重置密码成功', '2020-04-17 11:38:32', '9f2ec079-7d0f-4fe2-90ab-8b09a8302aba', '547395a9-1de6-41c6-a829-f1dc036c60b3');
INSERT INTO `sys_log` VALUES ('f441f6d7-4648-45b3-82f4-8add62b34632', '2020-04-17 11:44:12', '10000', 'aaa', 'Login', '192.168.1.117', '本地局域网', NULL, '系统登录', 1, '登录成功', '2020-04-17 11:44:12', '547395a9-1de6-41c6-a829-f1dc036c60b3', NULL);
INSERT INTO `sys_log` VALUES ('f472be20-7094-4f0f-ba89-d8210bd217d9', '2020-04-16 14:43:38', 'admin', '超级管理员', 'Update', '192.168.1.117', '本地局域网', NULL, '系统安全', 1, '访问控制操作,Update操作成功', '2020-04-16 14:43:38', '9f2ec079-7d0f-4fe2-90ab-8b09a8302aba', 'b3fbe66f-82cd-4f4a-ada3-61eb5a2d9eee');
INSERT INTO `sys_log` VALUES ('f478daf4-e01d-4f1f-974c-589668c58e2a', '2020-05-11 14:07:13', 'admin', '超级管理员', 'Exit', '192.168.99.1', '本地局域网', NULL, '系统登录', 1, '安全退出系统', '2020-05-11 14:07:13', '9f2ec079-7d0f-4fe2-90ab-8b09a8302aba', NULL);
INSERT INTO `sys_log` VALUES ('f4a21048-d2d6-456e-96f7-262e7589fe74', '2020-04-17 11:32:19', 'admin', '超级管理员', 'Delete', '192.168.1.117', '本地局域网', NULL, '系统管理', 1, '角色管理操作,删除操作成功', '2020-04-17 11:32:19', '9f2ec079-7d0f-4fe2-90ab-8b09a8302aba', NULL);
INSERT INTO `sys_log` VALUES ('f4fa7a77-4946-4b62-aebc-8bbf3e68760a', '2020-05-26 17:04:02', 'admin', '超级管理员', 'Update', '192.168.1.117', '本地局域网', NULL, '系统安全', 1, '定时任务操作,修改操作成功', '2020-05-26 17:04:02', '9f2ec079-7d0f-4fe2-90ab-8b09a8302aba', '1d9ffe9c-4c59-4431-8539-4c5ea364237e');
INSERT INTO `sys_log` VALUES ('f52d1314-a15f-45c4-ac37-ffaa6f310a40', '2020-04-27 16:51:55', 'admin', '超级管理员', 'Create', '192.168.1.117', '本地局域网', NULL, '系统管理', 1, '按钮管理操作,新增克隆成功', '2020-04-27 16:51:55', '9f2ec079-7d0f-4fe2-90ab-8b09a8302aba', NULL);
INSERT INTO `sys_log` VALUES ('f5448e36-c0ae-4c4d-aa93-538b285471a8', '2020-04-26 11:43:33', 'admin', '超级管理员', 'Login', '192.168.1.117', '本地局域网', NULL, '系统登录', 1, '登录成功', '2020-04-26 11:43:47', NULL, NULL);
INSERT INTO `sys_log` VALUES ('f608b16a-c833-453f-8264-ca382eb73284', '2020-04-27 17:12:15', '10000', '2222', 'Login', '192.168.1.117', '本地局域网', NULL, '系统登录', 1, '登录成功', '2020-04-27 17:12:15', NULL, NULL);
INSERT INTO `sys_log` VALUES ('f60c6e20-b93a-4df4-b14b-6b4ef708d1c5', '2020-05-20 15:30:09', 'admin', '超级管理员', 'Update', '192.168.1.117', '本地局域网', NULL, '系统管理', 1, '菜单按钮操作,修改操作成功', '2020-05-20 15:30:09', '9f2ec079-7d0f-4fe2-90ab-8b09a8302aba', '41862743-f703-4b6d-be54-08d253eb0ebc');
INSERT INTO `sys_log` VALUES ('f613c054-19f9-4322-8e1c-c06002040c25', '2020-04-14 17:04:58', 'admin', '超级管理员', 'Exit', '117.81.192.182', '江苏省苏州市 电信', NULL, '系统登录', 1, '安全退出系统', '2020-04-14 17:04:59', '9f2ec079-7d0f-4fe2-90ab-8b09a8302aba', NULL);
INSERT INTO `sys_log` VALUES ('f62da376-74da-43da-9171-7598ec4796d1', '2020-04-17 13:00:05', '10000', 'sss', 'Login', '192.168.1.117', '本地局域网', NULL, '系统登录', 1, '登录成功', '2020-04-17 13:00:05', 'b6651953-b5fb-4051-8919-c22c827f5741', NULL);
INSERT INTO `sys_log` VALUES ('f6caf7fd-0874-41c0-a184-dbe37b534057', '2020-05-21 15:10:57', 'admin', '超级管理员', 'Update', '192.168.1.117', '本地局域网', NULL, '系统管理', 1, '菜单按钮操作,修改操作成功', '2020-05-21 15:10:57', '9f2ec079-7d0f-4fe2-90ab-8b09a8302aba', 'd1086ccf-e605-44a4-9777-629810cec02d');
INSERT INTO `sys_log` VALUES ('f719fb80-285b-4012-a308-f9514ba6bc4d', '2020-05-22 16:53:00', 'admin', '超级管理员', 'Create', '192.168.1.117', '本地局域网', NULL, '系统管理', 1, '字段管理操作,新增操作成功', '2020-05-22 16:53:00', '9f2ec079-7d0f-4fe2-90ab-8b09a8302aba', NULL);
INSERT INTO `sys_log` VALUES ('f7cab74d-5023-4256-9e35-4702f6474ee4', '2020-04-17 13:37:18', '10000', '2222', 'Login', '192.168.1.117', '本地局域网', NULL, '系统登录', 1, '登录成功', '2020-04-17 13:37:18', 'ac7610db-b66e-4f57-916c-c7ea0a4b84c9', NULL);
INSERT INTO `sys_log` VALUES ('f7d90ee3-cee1-4819-9191-290dd0986d95', '2020-05-27 08:45:00', 'admin', '超级管理员', 'Update', '192.168.1.117', '本地局域网', NULL, '系统管理', 1, '字段管理操作,修改操作成功', '2020-05-27 08:45:00', '9f2ec079-7d0f-4fe2-90ab-8b09a8302aba', 'bf5a2919-281c-44e2-a83b-74576e08743e');
INSERT INTO `sys_log` VALUES ('f7fc53a4-9ea5-4c03-98ea-4e8533c1ea3e', '2020-05-06 13:59:34', 'admin', '超级管理员', 'Update', '192.168.99.1', '本地局域网', NULL, '系统管理', 1, '菜单按钮操作,修改操作成功', '2020-05-06 13:59:34', '9f2ec079-7d0f-4fe2-90ab-8b09a8302aba', '8f32069f-20f3-48c9-8e35-cd245fffcf64');
INSERT INTO `sys_log` VALUES ('f881d6b5-3c34-42a1-8c9a-aa39b57cb29f', '2020-05-26 13:55:50', 'admin', '超级管理员', 'Create', '192.168.1.117', '本地局域网', NULL, '系统管理', 1, '菜单按钮操作,新增克隆成功', '2020-05-26 13:55:50', '9f2ec079-7d0f-4fe2-90ab-8b09a8302aba', NULL);
INSERT INTO `sys_log` VALUES ('f917fe8a-630b-4c2f-97b0-4800140b6d9c', '2020-05-04 11:00:25', 'admin', '超级管理员', 'Exit', '192.168.99.1', '本地局域网', NULL, '系统登录', 1, '安全退出系统', '2020-05-04 11:00:25', '9f2ec079-7d0f-4fe2-90ab-8b09a8302aba', NULL);
INSERT INTO `sys_log` VALUES ('f938faef-a2fb-4770-9eea-9708958a511b', '2020-05-26 17:02:16', 'admin', '超级管理员', 'Update', '192.168.1.117', '本地局域网', NULL, '系统安全', 1, '定时任务操作,修改操作成功', '2020-05-26 17:02:16', '9f2ec079-7d0f-4fe2-90ab-8b09a8302aba', '1d9ffe9c-4c59-4431-8539-4c5ea364237e');
INSERT INTO `sys_log` VALUES ('f99f2dd7-449e-453d-846b-d83f7745b425', '2020-04-27 13:23:24', 'admin', '超级管理员', 'Exit', '192.168.1.117', '本地局域网', NULL, '系统登录', 1, '安全退出系统', '2020-04-27 13:23:24', '9f2ec079-7d0f-4fe2-90ab-8b09a8302aba', NULL);
INSERT INTO `sys_log` VALUES ('f9cbb7b3-5abb-46a5-b792-2c6d3212019d', '2020-05-27 08:42:32', 'admin', '超级管理员', 'Update', '192.168.1.117', '本地局域网', NULL, '系统管理', 1, '菜单按钮操作,修改操作成功', '2020-05-27 08:42:32', '9f2ec079-7d0f-4fe2-90ab-8b09a8302aba', 'e06965bc-b693-4b91-96f9-fc10ca2aa1f0');
INSERT INTO `sys_log` VALUES ('fa933115-d85d-4c91-b216-064b0bdaf458', '2020-04-20 17:05:41', 'admin', '超级管理员', 'Update', '192.168.1.117', '本地局域网', NULL, '系统管理', 1, '岗位管理操作,修改操作成功', '2020-04-20 17:05:41', '9f2ec079-7d0f-4fe2-90ab-8b09a8302aba', 'B2624F67-E092-461A-AAAD-13592A9429D9');
INSERT INTO `sys_log` VALUES ('fa9ff822-00db-4246-890c-832c08a51fa5', '2020-04-27 17:38:06', 'admin', '超级管理员', 'Create', '192.168.1.117', '本地局域网', NULL, '系统管理', 1, '按钮管理操作,新增克隆成功', '2020-04-27 17:38:06', '9f2ec079-7d0f-4fe2-90ab-8b09a8302aba', NULL);
INSERT INTO `sys_log` VALUES ('fb3d0cd6-1bce-4186-b2ae-243e22095b99', '2020-04-20 15:59:26', '10000', '2222', 'Update', '192.168.1.117', '本地局域网', NULL, '系统管理', 1, '系统菜单操作,修改操作成功', '2020-04-20 15:59:26', 'ac7610db-b66e-4f57-916c-c7ea0a4b84c9', '7e4e4a48-4d51-4159-a113-2a211186f13a');
INSERT INTO `sys_log` VALUES ('fb67cbdb-f346-4d74-9d23-bd9516589d61', '2020-04-26 09:15:36', 'admin', 'admin', 'Login', '192.168.1.117', '本地局域网', NULL, '系统登录', 0, '登录失败，验证码错误，请重新输入', '2020-04-26 09:15:42', NULL, NULL);
INSERT INTO `sys_log` VALUES ('fb8ed28d-c04e-4f59-aac1-156ae97edc3b', '2020-05-26 16:56:06', 'admin', '超级管理员', 'Update', '192.168.1.117', '本地局域网', NULL, '系统安全', 1, '定时任务操作,修改操作成功', '2020-05-26 16:56:06', '9f2ec079-7d0f-4fe2-90ab-8b09a8302aba', '1d9ffe9c-4c59-4431-8539-4c5ea364237e');
INSERT INTO `sys_log` VALUES ('fbc37819-2452-4296-b922-407b7ed1d520', '2020-05-18 14:14:50', 'admin', '超级管理员', 'Login', '192.168.99.1', '本地局域网', NULL, '系统登录', 1, '登录成功', '2020-05-18 14:14:50', NULL, NULL);
INSERT INTO `sys_log` VALUES ('fc9ece0b-dc47-4ce2-809c-7baba4e7b8b9', '2020-05-20 15:41:18', '10000', '2222', 'Login', '192.168.1.117', '本地局域网', NULL, '系统登录', 1, '登录成功', '2020-05-20 15:41:18', NULL, NULL);
INSERT INTO `sys_log` VALUES ('fd8198ca-f075-42dc-b9dd-c7edb64b5352', '2020-04-17 11:32:15', 'admin', '超级管理员', 'Delete', '192.168.1.117', '本地局域网', NULL, '系统管理', 1, '角色管理操作,删除操作成功', '2020-04-17 11:32:15', '9f2ec079-7d0f-4fe2-90ab-8b09a8302aba', NULL);
INSERT INTO `sys_log` VALUES ('fdeabb24-f60f-4803-bd0c-e186d263e9a0', '2020-05-08 16:37:41', 'admin', '超级管理员', 'Delete', '192.168.99.1', '本地局域网', NULL, '系统管理', 1, '菜单按钮操作,删除操作成功', '2020-05-08 16:37:41', '9f2ec079-7d0f-4fe2-90ab-8b09a8302aba', NULL);
INSERT INTO `sys_log` VALUES ('fe179075-9566-41c7-88c8-982875260f1a', '2020-04-20 14:22:53', 'admin', '超级管理员', 'Login', '127.0.0.1', '本地局域网', NULL, '系统登录', 1, '登录成功', '2020-04-20 14:22:53', '9f2ec079-7d0f-4fe2-90ab-8b09a8302aba', NULL);
INSERT INTO `sys_log` VALUES ('fe202895-6bc5-4121-9b02-52816207d27a', '2020-04-22 13:58:45', 'admin', '超级管理员', 'Login', '192.168.1.117', '本地局域网', NULL, '系统登录', 1, '登录成功', '2020-04-22 13:58:45', '9f2ec079-7d0f-4fe2-90ab-8b09a8302aba', NULL);
INSERT INTO `sys_log` VALUES ('fe742128-4204-4113-a9fa-f4213d3bdaa2', '2020-04-15 17:06:19', 'admin', '超级管理员', 'Login', '117.81.192.182', '江苏省苏州市 电信', NULL, '系统登录', 1, '登录成功', '2020-04-15 17:06:19', '9f2ec079-7d0f-4fe2-90ab-8b09a8302aba', NULL);
INSERT INTO `sys_log` VALUES ('fea2bb4d-8449-47ef-a1c5-4726233e408d', '2020-04-27 17:46:58', 'admin', 'admin', 'Login', '192.168.1.117', '本地局域网', NULL, '系统登录', 0, '登录失败，验证码错误，请重新输入', '2020-04-27 17:46:58', NULL, NULL);
INSERT INTO `sys_log` VALUES ('feabed0a-5d1d-4fce-88ae-1e87f2300a05', '2020-04-15 10:04:33', 'admin', '超级管理员', 'Exit', '117.81.192.182', '江苏省苏州市 电信', NULL, '系统登录', 1, '安全退出系统', '2020-04-15 10:04:34', '9f2ec079-7d0f-4fe2-90ab-8b09a8302aba', NULL);
INSERT INTO `sys_log` VALUES ('ff2db7ef-c352-4269-93c2-6dbd69465875', '2020-05-11 11:44:40', 'admin', '超级管理员', 'Create', '192.168.99.1', '本地局域网', NULL, '系统管理', 1, '角色管理操作,新增操作成功', '2020-05-11 11:44:40', '9f2ec079-7d0f-4fe2-90ab-8b09a8302aba', NULL);

-- ----------------------------
-- Table structure for sys_module
-- ----------------------------
DROP TABLE IF EXISTS `sys_module`;
CREATE TABLE `sys_module`  (
  `F_Id` varchar(50) CHARACTER SET utf8 COLLATE utf8_general_ci NOT NULL,
  `F_ParentId` varchar(50) CHARACTER SET utf8 COLLATE utf8_general_ci NULL DEFAULT NULL,
  `F_Layers` int(11) NULL DEFAULT NULL,
  `F_EnCode` varchar(50) CHARACTER SET utf8 COLLATE utf8_general_ci NULL DEFAULT NULL,
  `F_FullName` varchar(50) CHARACTER SET utf8 COLLATE utf8_general_ci NULL DEFAULT NULL,
  `F_Icon` varchar(50) CHARACTER SET utf8 COLLATE utf8_general_ci NULL DEFAULT NULL,
  `F_UrlAddress` varchar(500) CHARACTER SET utf8 COLLATE utf8_general_ci NULL DEFAULT NULL,
  `F_Target` varchar(50) CHARACTER SET utf8 COLLATE utf8_general_ci NULL DEFAULT NULL,
  `F_IsMenu` tinyint(1) NULL DEFAULT NULL,
  `F_IsExpand` tinyint(1) NULL DEFAULT NULL,
  `F_IsPublic` tinyint(1) NULL DEFAULT NULL,
  `F_AllowEdit` tinyint(1) NULL DEFAULT NULL,
  `F_AllowDelete` tinyint(1) NULL DEFAULT NULL,
  `F_SortCode` int(11) NULL DEFAULT NULL,
  `F_DeleteMark` tinyint(1) NULL DEFAULT NULL,
  `F_EnabledMark` tinyint(1) NULL DEFAULT NULL,
  `F_Description` varchar(500) CHARACTER SET utf8 COLLATE utf8_general_ci NULL DEFAULT NULL,
  `F_CreatorTime` timestamp(0) NULL DEFAULT NULL,
  `F_CreatorUserId` varchar(50) CHARACTER SET utf8 COLLATE utf8_general_ci NULL DEFAULT NULL,
  `F_LastModifyTime` timestamp(0) NULL DEFAULT NULL,
  `F_LastModifyUserId` varchar(50) CHARACTER SET utf8 COLLATE utf8_general_ci NULL DEFAULT NULL,
  `F_DeleteTime` timestamp(0) NULL DEFAULT NULL,
  `F_DeleteUserId` varchar(50) CHARACTER SET utf8 COLLATE utf8_general_ci NULL DEFAULT NULL,
  PRIMARY KEY (`F_Id`) USING BTREE,
  UNIQUE INDEX `IX_Sys_Module`(`F_FullName`) USING BTREE COMMENT '唯一键'
) ENGINE = InnoDB CHARACTER SET = utf8 COLLATE = utf8_general_ci ROW_FORMAT = Dynamic;

-- ----------------------------
-- Records of sys_module
-- ----------------------------
INSERT INTO `sys_module` VALUES ('01849cc9-c6da-4184-92f8-34875dac1d42', '462027E0-0848-41DD-BCC3-025DCAE65555', 2, 'CodeGenerator', '代码生成', 'fa fa-code', '/SystemManage/CodeGenerator/Index', 'iframe', 1, 0, 1, 0, 0, 11, 0, 1, NULL, '2020-05-06 13:11:32', '9f2ec079-7d0f-4fe2-90ab-8b09a8302aba', '2020-05-06 13:11:43', '9f2ec079-7d0f-4fe2-90ab-8b09a8302aba', NULL, NULL);
INSERT INTO `sys_module` VALUES ('152a8e93-cebb-4574-ae74-2a86595ff986', '462027E0-0848-41DD-BCC3-025DCAE65555', 2, 'ModuleFields', '字段管理', 'fa fa-table', '/SystemManage/ModuleFields/Index', 'iframe', 0, 0, 1, 0, 0, 10, 0, 1, '', '2020-05-21 14:39:20', '9f2ec079-7d0f-4fe2-90ab-8b09a8302aba', '2020-05-21 16:09:10', '9f2ec079-7d0f-4fe2-90ab-8b09a8302aba', NULL, NULL);
INSERT INTO `sys_module` VALUES ('26452c9a-243d-4c81-97b9-a3ad581c3bf4', '462027E0-0848-41DD-BCC3-025DCAE65555', 2, 'Organize', '机构管理', 'fa fa-sitemap', '/SystemManage/Organize/Index', 'iframe', 1, 0, 1, 0, 0, 1, 0, 1, NULL, '2020-04-09 15:24:34', '9f2ec079-7d0f-4fe2-90ab-8b09a8302aba', '2020-04-16 14:09:46', '9f2ec079-7d0f-4fe2-90ab-8b09a8302aba', NULL, NULL);
INSERT INTO `sys_module` VALUES ('337A4661-99A5-4E5E-B028-861CACAF9917', '462027E0-0848-41DD-BCC3-025DCAE65555', 2, 'Area', '区域管理', 'fa fa-area-chart', '/SystemManage/Area/Index', 'iframe', 1, 0, 1, 0, 0, 5, 0, 1, NULL, NULL, NULL, '2020-04-16 14:10:12', '9f2ec079-7d0f-4fe2-90ab-8b09a8302aba', NULL, NULL);
INSERT INTO `sys_module` VALUES ('38CA5A66-C993-4410-AF95-50489B22939C', '462027E0-0848-41DD-BCC3-025DCAE65555', 2, 'User', '用户管理', 'fa fa-address-card-o', '/SystemManage/User/Index', 'iframe', 1, 0, 1, 0, 0, 4, 0, 1, NULL, NULL, NULL, '2020-04-16 14:10:05', '9f2ec079-7d0f-4fe2-90ab-8b09a8302aba', NULL, NULL);
INSERT INTO `sys_module` VALUES ('423A200B-FA5F-4B29-B7B7-A3F5474B725F', '462027E0-0848-41DD-BCC3-025DCAE65555', 2, 'ItemsData', '数据字典', 'fa fa-align-justify', '/SystemManage/ItemsData/Index', 'iframe', 1, 0, 1, 0, 0, 6, 0, 1, NULL, NULL, NULL, '2020-04-16 14:10:18', '9f2ec079-7d0f-4fe2-90ab-8b09a8302aba', NULL, NULL);
INSERT INTO `sys_module` VALUES ('462027E0-0848-41DD-BCC3-025DCAE65555', '0', 1, 'SystemManage', '系统管理', 'fa fa-gears', NULL, 'expand', 1, 1, 1, 0, 0, 2, 0, 1, NULL, NULL, NULL, '2020-05-20 15:02:13', '9f2ec079-7d0f-4fe2-90ab-8b09a8302aba', NULL, NULL);
INSERT INTO `sys_module` VALUES ('49F61713-C1E4-420E-BEEC-0B4DBC2D7DE8', '73FD1267-79BA-4E23-A152-744AF73117E9', 2, 'ServerMonitoring', '服务器监控', 'fa fa-desktop', '/SystemSecurity/ServerMonitoring/Index', 'iframe', 1, 0, 1, 0, 0, 4, 0, 1, NULL, NULL, NULL, '2020-04-16 14:10:51', '9f2ec079-7d0f-4fe2-90ab-8b09a8302aba', NULL, NULL);
INSERT INTO `sys_module` VALUES ('64A1C550-2C61-4A8C-833D-ACD0C012260F', '462027E0-0848-41DD-BCC3-025DCAE65555', 2, 'Module', '系统菜单', 'fa fa-cogs', '/SystemManage/Module/Index', 'iframe', 1, 0, 1, 0, 0, 8, 0, 1, '测试', NULL, NULL, '2020-04-27 16:51:30', '9f2ec079-7d0f-4fe2-90ab-8b09a8302aba', NULL, NULL);
INSERT INTO `sys_module` VALUES ('73FD1267-79BA-4E23-A152-744AF73117E9', '0', 1, 'SystemSecurity', '系统安全', 'fa fa-desktop', NULL, 'expand', 1, 1, 1, 0, 0, 3, 0, 1, NULL, NULL, NULL, '2020-05-20 15:02:00', '9f2ec079-7d0f-4fe2-90ab-8b09a8302aba', NULL, NULL);
INSERT INTO `sys_module` VALUES ('7e4e4a48-4d51-4159-a113-2a211186f13a', '462027E0-0848-41DD-BCC3-025DCAE65555', 2, 'Notice', '系统公告', 'fa fa-book', '/SystemManage/Notice/Index', 'iframe', 1, 0, 0, 0, 0, 0, 0, 1, '', '2020-04-14 15:39:29', '9f2ec079-7d0f-4fe2-90ab-8b09a8302aba', '2020-05-22 16:23:27', '9f2ec079-7d0f-4fe2-90ab-8b09a8302aba', NULL, NULL);
INSERT INTO `sys_module` VALUES ('91A6CFAD-B2F9-4294-BDAE-76DECF412C6C', '462027E0-0848-41DD-BCC3-025DCAE65555', 2, 'Role', '角色管理', 'fa fa-user-circle', '/SystemManage/Role/Index', 'iframe', 1, 0, 1, 0, 0, 2, 0, 1, NULL, NULL, NULL, '2020-04-20 15:56:17', 'ac7610db-b66e-4f57-916c-c7ea0a4b84c9', NULL, NULL);
INSERT INTO `sys_module` VALUES ('96EE855E-8CD2-47FC-A51D-127C131C9FB9', '73FD1267-79BA-4E23-A152-744AF73117E9', 2, 'Log', '系统日志', 'fa fa-clock-o', '/SystemSecurity/Log/Index', 'iframe', 1, 0, 1, 0, 0, 3, 0, 1, NULL, NULL, NULL, '2020-04-16 14:10:45', '9f2ec079-7d0f-4fe2-90ab-8b09a8302aba', NULL, NULL);
INSERT INTO `sys_module` VALUES ('a3a4742d-ca39-42ec-b95a-8552a6fae579', '73FD1267-79BA-4E23-A152-744AF73117E9', 2, 'FilterIP', '访问控制', 'fa fa-filter', '/SystemSecurity/FilterIP/Index', 'iframe', 1, 0, 1, 0, 0, 2, 0, 1, NULL, '2016-07-17 22:06:10', NULL, '2020-04-16 14:10:38', '9f2ec079-7d0f-4fe2-90ab-8b09a8302aba', NULL, NULL);
INSERT INTO `sys_module` VALUES ('d742c96e-b61c-4cea-afeb-81805789687b', '462027E0-0848-41DD-BCC3-025DCAE65555', 2, 'ItemsType', '字典分类', 'fa fa-align-justify', '/SystemManage/ItemsType/Index', 'iframe', 0, 0, 1, 0, 0, 7, 0, 1, NULL, '2020-04-27 16:51:07', '9f2ec079-7d0f-4fe2-90ab-8b09a8302aba', '2020-04-27 16:53:44', '9f2ec079-7d0f-4fe2-90ab-8b09a8302aba', NULL, NULL);
INSERT INTO `sys_module` VALUES ('e3188a69-de3a-40ef-a5ff-5eaf460f5d20', '73FD1267-79BA-4E23-A152-744AF73117E9', 2, 'OpenJobs', '定时任务', 'fa fa-paper-plane-o', '/SystemSecurity/OpenJobs/Index', 'iframe', 1, 0, 1, 0, 0, 0, 0, 1, '', '2020-05-26 13:55:22', '9f2ec079-7d0f-4fe2-90ab-8b09a8302aba', '2020-05-26 13:55:31', '9f2ec079-7d0f-4fe2-90ab-8b09a8302aba', NULL, NULL);
INSERT INTO `sys_module` VALUES ('ed757a25-82d5-43cc-89f4-ed26a51fb4f0', '462027E0-0848-41DD-BCC3-025DCAE65555', 2, 'ModuleButton', '菜单按钮', 'fa fa-arrows-alt', '/SystemManage/ModuleButton/Index', 'iframe', 0, 0, 1, 0, 0, 9, 0, 1, NULL, '2020-04-27 16:56:30', '9f2ec079-7d0f-4fe2-90ab-8b09a8302aba', NULL, NULL, NULL, NULL);
INSERT INTO `sys_module` VALUES ('F298F868-B689-4982-8C8B-9268CBF0308D', '462027E0-0848-41DD-BCC3-025DCAE65555', 2, 'Duty', '岗位管理', 'fa fa-users', '/SystemManage/Duty/Index', 'iframe', 1, 0, 1, 0, 0, 3, 0, 1, NULL, NULL, NULL, '2020-04-16 14:09:59', '9f2ec079-7d0f-4fe2-90ab-8b09a8302aba', NULL, NULL);

-- ----------------------------
-- Table structure for sys_modulebutton
-- ----------------------------
DROP TABLE IF EXISTS `sys_modulebutton`;
CREATE TABLE `sys_modulebutton`  (
  `F_Id` varchar(50) CHARACTER SET utf8 COLLATE utf8_general_ci NOT NULL,
  `F_ModuleId` varchar(50) CHARACTER SET utf8 COLLATE utf8_general_ci NULL DEFAULT NULL,
  `F_ParentId` varchar(50) CHARACTER SET utf8 COLLATE utf8_general_ci NULL DEFAULT NULL,
  `F_Layers` int(11) NULL DEFAULT NULL,
  `F_EnCode` varchar(50) CHARACTER SET utf8 COLLATE utf8_general_ci NULL DEFAULT NULL,
  `F_FullName` varchar(50) CHARACTER SET utf8 COLLATE utf8_general_ci NULL DEFAULT NULL,
  `F_Icon` varchar(50) CHARACTER SET utf8 COLLATE utf8_general_ci NULL DEFAULT NULL,
  `F_Location` int(11) NULL DEFAULT NULL,
  `F_JsEvent` varchar(50) CHARACTER SET utf8 COLLATE utf8_general_ci NULL DEFAULT NULL,
  `F_UrlAddress` varchar(500) CHARACTER SET utf8 COLLATE utf8_general_ci NULL DEFAULT NULL,
  `F_Split` tinyint(1) NULL DEFAULT NULL,
  `F_IsPublic` tinyint(1) NULL DEFAULT NULL,
  `F_AllowEdit` tinyint(1) NULL DEFAULT NULL,
  `F_AllowDelete` tinyint(1) NULL DEFAULT NULL,
  `F_SortCode` int(11) NULL DEFAULT NULL,
  `F_DeleteMark` tinyint(1) NULL DEFAULT NULL,
  `F_EnabledMark` tinyint(1) NULL DEFAULT NULL,
  `F_Description` varchar(500) CHARACTER SET utf8 COLLATE utf8_general_ci NULL DEFAULT NULL,
  `F_CreatorTime` timestamp(0) NULL DEFAULT NULL,
  `F_CreatorUserId` varchar(50) CHARACTER SET utf8 COLLATE utf8_general_ci NULL DEFAULT NULL,
  `F_LastModifyTime` timestamp(0) NULL DEFAULT NULL,
  `F_LastModifyUserId` varchar(50) CHARACTER SET utf8 COLLATE utf8_general_ci NULL DEFAULT NULL,
  `F_DeleteTime` timestamp(0) NULL DEFAULT NULL,
  `F_DeleteUserId` varchar(50) CHARACTER SET utf8 COLLATE utf8_general_ci NULL DEFAULT NULL,
  PRIMARY KEY (`F_Id`) USING BTREE,
  UNIQUE INDEX `IX_Sys_ModuleButton`(`F_ModuleId`, `F_Layers`, `F_EnCode`) USING BTREE COMMENT '唯一键'
) ENGINE = InnoDB CHARACTER SET = utf8 COLLATE = utf8_general_ci ROW_FORMAT = Dynamic;

-- ----------------------------
-- Records of sys_modulebutton
-- ----------------------------
INSERT INTO `sys_modulebutton` VALUES ('01600a2b-c218-48d6-bb37-842daa727248', '152a8e93-cebb-4574-ae74-2a86595ff986', '0', 1, 'NF-delete', '删除字段', NULL, 2, 'delete', '/SystemManage/ModuleFields/DeleteForm', 0, 0, 0, 0, 2, 0, 1, '', '2020-05-21 14:39:20', '9f2ec079-7d0f-4fe2-90ab-8b09a8302aba', '2020-05-21 15:15:16', '9f2ec079-7d0f-4fe2-90ab-8b09a8302aba', NULL, NULL);
INSERT INTO `sys_modulebutton` VALUES ('071f5982-efb2-4fa3-a6cf-a02f3f1f9d92', 'ed757a25-82d5-43cc-89f4-ed26a51fb4f0', '0', 1, 'NF-add', '新增按钮', NULL, 1, 'add', '/SystemManage/ModuleButton/Form', 0, 0, 0, 0, 1, 0, 1, NULL, NULL, NULL, '2020-04-27 16:56:56', '9f2ec079-7d0f-4fe2-90ab-8b09a8302aba', NULL, NULL);
INSERT INTO `sys_modulebutton` VALUES ('0b1b307b-2aac-456b-acfb-484a05c71bd7', '26452c9a-243d-4c81-97b9-a3ad581c3bf4', '0', 1, 'NF-edit', '修改岗位', NULL, 2, 'edit', '/SystemManage/Organize/Form', 0, 0, 0, 0, 2, 0, 1, NULL, NULL, NULL, '2020-04-09 15:26:41', '9f2ec079-7d0f-4fe2-90ab-8b09a8302aba', NULL, NULL);
INSERT INTO `sys_modulebutton` VALUES ('0d777b07-041a-4205-a393-d1a009aaafc7', '423A200B-FA5F-4B29-B7B7-A3F5474B725F', '0', 1, 'NF-edit', '修改字典', NULL, 2, 'edit', '/SystemManage/ItemsData/Form', 0, 0, 0, 0, 3, 0, 1, NULL, NULL, NULL, '2016-07-25 15:37:42', '9f2ec079-7d0f-4fe2-90ab-8b09a8302aba', NULL, NULL);
INSERT INTO `sys_modulebutton` VALUES ('0e156a57-8133-4d1b-9d0f-9b7554e7b1fc', 'd742c96e-b61c-4cea-afeb-81805789687b', '0', 1, 'NF-edit', '修改分类', NULL, 2, 'edit', '/SystemManage/ItemsType/Form', 0, 0, 0, 0, 3, 0, 1, NULL, NULL, NULL, '2020-04-27 16:52:20', '9f2ec079-7d0f-4fe2-90ab-8b09a8302aba', NULL, NULL);
INSERT INTO `sys_modulebutton` VALUES ('104bcc01-0cfd-433f-87f4-29a8a3efb313', '423A200B-FA5F-4B29-B7B7-A3F5474B725F', '0', 1, 'NF-add', '新建字典', NULL, 1, 'add', '/SystemManage/ItemsData/Form', 0, 0, 0, 0, 1, 0, 1, NULL, NULL, NULL, '2016-07-25 15:37:35', '9f2ec079-7d0f-4fe2-90ab-8b09a8302aba', NULL, NULL);
INSERT INTO `sys_modulebutton` VALUES ('13c9a15f-c50d-4f09-8344-fd0050f70086', 'F298F868-B689-4982-8C8B-9268CBF0308D', '0', 1, 'NF-add', '新建岗位', NULL, 1, 'add', '/SystemManage/Duty/Form', 0, 0, 0, 0, 1, 0, 1, NULL, NULL, NULL, NULL, NULL, NULL, NULL);
INSERT INTO `sys_modulebutton` VALUES ('14617a4f-bfef-4bc2-b943-d18d3ff8d22f', '38CA5A66-C993-4410-AF95-50489B22939C', '0', 1, 'NF-delete', '删除用户', NULL, 2, 'delete', '/SystemManage/User/DeleteForm', 0, 0, 0, 0, 3, 0, 1, NULL, NULL, NULL, '2016-07-25 14:16:13', '9f2ec079-7d0f-4fe2-90ab-8b09a8302aba', NULL, NULL);
INSERT INTO `sys_modulebutton` VALUES ('15362a59-b242-494a-bc6e-413b4a63580e', '38CA5A66-C993-4410-AF95-50489B22939C', '0', 1, 'NF-disabled', '禁用', NULL, 2, 'disabled', '/SystemManage/User/DisabledAccount', 0, 0, 0, 0, 6, 0, 1, NULL, '2016-07-25 15:25:54', '9f2ec079-7d0f-4fe2-90ab-8b09a8302aba', '2020-04-07 14:33:24', '9f2ec079-7d0f-4fe2-90ab-8b09a8302aba', NULL, NULL);
INSERT INTO `sys_modulebutton` VALUES ('1b72be70-e44d-43d6-91d0-dc3ad628d22e', '26452c9a-243d-4c81-97b9-a3ad581c3bf4', '0', 1, 'NF-details', '查看岗位', NULL, 2, 'details', '/SystemManage/Organize/Details', 0, 0, 0, 0, 4, 0, 1, NULL, NULL, NULL, '2020-04-27 17:36:58', '9f2ec079-7d0f-4fe2-90ab-8b09a8302aba', NULL, NULL);
INSERT INTO `sys_modulebutton` VALUES ('1ee1c46b-e767-4532-8636-936ea4c12003', '423A200B-FA5F-4B29-B7B7-A3F5474B725F', '0', 1, 'NF-delete', '删除字典', NULL, 2, 'delete', '/SystemManage/ItemsData/DeleteForm', 0, 0, 0, 0, 4, 0, 1, NULL, NULL, NULL, '2016-07-25 15:37:53', '9f2ec079-7d0f-4fe2-90ab-8b09a8302aba', NULL, NULL);
INSERT INTO `sys_modulebutton` VALUES ('208c2915-d6d0-4bb0-8ec4-154f86561f5a', 'e3188a69-de3a-40ef-a5ff-5eaf460f5d20', '0', 1, 'NF-enabled', '启用', NULL, 2, 'enabled', '/SystemSecurity/OpenJobs/ChangeStatus', 0, 0, 0, 0, 4, 0, 1, '', '2020-05-26 13:55:50', '9f2ec079-7d0f-4fe2-90ab-8b09a8302aba', '2020-05-27 08:42:27', '9f2ec079-7d0f-4fe2-90ab-8b09a8302aba', NULL, NULL);
INSERT INTO `sys_modulebutton` VALUES ('23780fa8-b92c-4c0e-830e-ddcbe6cf4463', '64A1C550-2C61-4A8C-833D-ACD0C012260F', '0', 1, 'NF-modulefields', '字段管理', NULL, 2, 'modulefields', '/SystemManage/ModuleFields/Index', 0, 0, 0, 0, 6, 0, 1, '', '2020-05-21 14:28:48', '9f2ec079-7d0f-4fe2-90ab-8b09a8302aba', NULL, NULL, NULL, NULL);
INSERT INTO `sys_modulebutton` VALUES ('239077ff-13e1-4720-84e1-67b6f0276979', '91A6CFAD-B2F9-4294-BDAE-76DECF412C6C', '0', 1, 'NF-delete', '删除角色', NULL, 2, 'delete', '/SystemManage/Role/DeleteForm', 0, 0, 0, 0, 3, 0, 1, NULL, NULL, NULL, NULL, NULL, NULL, NULL);
INSERT INTO `sys_modulebutton` VALUES ('2a8f5342-5eb7-491c-a1a9-a2631d8eb5d6', '38CA5A66-C993-4410-AF95-50489B22939C', '0', 1, 'NF-enabled', '启用', NULL, 2, 'enabled', '/SystemManage/User/EnabledAccount', 0, 0, 0, 0, 7, 0, 1, NULL, '2016-07-25 15:28:08', '9f2ec079-7d0f-4fe2-90ab-8b09a8302aba', '2020-04-07 14:33:30', '9f2ec079-7d0f-4fe2-90ab-8b09a8302aba', NULL, NULL);
INSERT INTO `sys_modulebutton` VALUES ('30bf72ed-f62f-49a9-adfc-49693871605f', 'd742c96e-b61c-4cea-afeb-81805789687b', '0', 1, 'NF-details', '查看分类', NULL, 2, 'details', '/SystemManage/ItemsType/Details', 0, 0, 0, 0, 5, 0, 1, NULL, NULL, NULL, '2020-04-27 16:52:39', '9f2ec079-7d0f-4fe2-90ab-8b09a8302aba', NULL, NULL);
INSERT INTO `sys_modulebutton` VALUES ('310bb831-a46f-4117-9d02-a3e551611dcf', 'e3188a69-de3a-40ef-a5ff-5eaf460f5d20', '0', 1, 'NF-delete', '删除任务', NULL, 2, 'delete', '/SystemSecurity/OpenJobs/DeleteForm', 0, 0, 0, 0, 3, 0, 1, '', '2020-05-26 13:55:50', '9f2ec079-7d0f-4fe2-90ab-8b09a8302aba', '2020-05-26 13:56:35', '9f2ec079-7d0f-4fe2-90ab-8b09a8302aba', NULL, NULL);
INSERT INTO `sys_modulebutton` VALUES ('329c0326-ce68-4a24-904d-aade67a90fc7', 'a3a4742d-ca39-42ec-b95a-8552a6fae579', '0', 1, 'NF-details', '查看策略', NULL, 2, 'details', '/SystemSecurity/FilterIP/Details', 0, 0, 0, 0, 4, 0, 1, NULL, NULL, NULL, '2020-04-17 12:51:25', '9f2ec079-7d0f-4fe2-90ab-8b09a8302aba', NULL, NULL);
INSERT INTO `sys_modulebutton` VALUES ('38e39592-6e86-42fb-8f72-adea0c82cbc1', '38CA5A66-C993-4410-AF95-50489B22939C', '0', 1, 'NF-revisepassword', '密码重置', NULL, 2, 'revisepassword', '/SystemManage/User/RevisePassword', 0, 0, 0, 0, 5, 0, 1, NULL, '2016-07-25 14:18:19', '9f2ec079-7d0f-4fe2-90ab-8b09a8302aba', '2020-04-07 14:33:19', '9f2ec079-7d0f-4fe2-90ab-8b09a8302aba', NULL, NULL);
INSERT INTO `sys_modulebutton` VALUES ('3a35c662-a356-45e4-953d-00ebd981cad6', '96EE855E-8CD2-47FC-A51D-127C131C9FB9', '0', 1, 'NF-removelog', '清空日志', NULL, 1, 'removeLog', '/SystemSecurity/Log/RemoveLog', 0, 0, 0, 0, 1, 0, 1, NULL, NULL, NULL, '2020-04-07 14:34:56', '9f2ec079-7d0f-4fe2-90ab-8b09a8302aba', NULL, NULL);
INSERT INTO `sys_modulebutton` VALUES ('3d0e99d1-a150-43dc-84ae-f0e2e0ad2217', 'ed757a25-82d5-43cc-89f4-ed26a51fb4f0', '0', 1, 'NF-edit', '修改按钮', NULL, 2, 'edit', '/SystemManage/ModuleButton/Form', 0, 0, 0, 0, 2, 0, 1, NULL, NULL, NULL, '2020-04-27 16:57:01', '9f2ec079-7d0f-4fe2-90ab-8b09a8302aba', NULL, NULL);
INSERT INTO `sys_modulebutton` VALUES ('3f69d32f-cb3b-4fa0-863b-98b9a090d7e9', '7e4e4a48-4d51-4159-a113-2a211186f13a', '0', 1, 'NF-add', '新建公告', NULL, 1, 'add', '/SystemManage/Notice/Form', 0, 0, 0, 0, 1, 0, 1, NULL, NULL, NULL, '2020-04-20 17:09:12', '9f2ec079-7d0f-4fe2-90ab-8b09a8302aba', NULL, NULL);
INSERT INTO `sys_modulebutton` VALUES ('43e09a61-c2b0-46c1-9b81-76d686b390d4', 'ed757a25-82d5-43cc-89f4-ed26a51fb4f0', '0', 1, 'NF-clonebutton', '克隆按钮', NULL, 1, 'clonebutton', '/SystemManage/ModuleButton/CloneButton', 0, 0, 0, 0, 5, 0, 1, NULL, '2020-04-28 09:54:52', '9f2ec079-7d0f-4fe2-90ab-8b09a8302aba', '2020-05-11 14:55:36', '9f2ec079-7d0f-4fe2-90ab-8b09a8302aba', NULL, NULL);
INSERT INTO `sys_modulebutton` VALUES ('4727adf7-5525-4c8c-9de5-39e49c268349', '38CA5A66-C993-4410-AF95-50489B22939C', '0', 1, 'NF-edit', '修改用户', NULL, 2, 'edit', '/SystemManage/User/Form', 0, 0, 0, 0, 2, 0, 1, NULL, NULL, NULL, '2016-07-25 14:16:01', '9f2ec079-7d0f-4fe2-90ab-8b09a8302aba', NULL, NULL);
INSERT INTO `sys_modulebutton` VALUES ('48afe7b3-e158-4256-b50c-cd0ee7c6dcc9', '337A4661-99A5-4E5E-B028-861CACAF9917', '0', 1, 'NF-add', '新建区域', NULL, 1, 'add', '/SystemManage/Area/Form', 0, 0, 0, 0, 1, 0, 1, NULL, NULL, NULL, '2016-07-25 15:32:26', '9f2ec079-7d0f-4fe2-90ab-8b09a8302aba', NULL, NULL);
INSERT INTO `sys_modulebutton` VALUES ('4b876abc-1b85-47b0-abc7-96e313b18ed8', '423A200B-FA5F-4B29-B7B7-A3F5474B725F', '0', 1, 'NF-itemstype', '分类管理', NULL, 1, 'itemstype', '/SystemManage/ItemsType/Index', 0, 0, 0, 0, 2, 0, 1, NULL, '2016-07-25 15:36:21', '9f2ec079-7d0f-4fe2-90ab-8b09a8302aba', '2020-04-07 14:33:58', '9f2ec079-7d0f-4fe2-90ab-8b09a8302aba', NULL, NULL);
INSERT INTO `sys_modulebutton` VALUES ('4bb19533-8e81-419b-86a1-7ee56bf1dd45', '252229DB-35CA-47AE-BDAE-C9903ED5BA7B', '0', 1, 'NF-delete', '删除机构', NULL, 2, 'delete', '/SystemManage/Organize/DeleteForm', 0, 0, 0, 0, 3, 0, 1, NULL, NULL, NULL, '2020-04-07 14:22:56', '9f2ec079-7d0f-4fe2-90ab-8b09a8302aba', NULL, NULL);
INSERT INTO `sys_modulebutton` VALUES ('4f727b61-0aa4-45f0-83b5-7fcddfe034e8', 'ed757a25-82d5-43cc-89f4-ed26a51fb4f0', '0', 1, 'NF-delete', '删除按钮', NULL, 2, 'delete', '/SystemManage/ModuleButton/DeleteForm', 0, 0, 0, 0, 3, 0, 1, NULL, NULL, NULL, '2020-04-27 16:57:10', '9f2ec079-7d0f-4fe2-90ab-8b09a8302aba', NULL, NULL);
INSERT INTO `sys_modulebutton` VALUES ('5d708d9d-6ebe-40ea-8589-e3efce9e74ec', '91A6CFAD-B2F9-4294-BDAE-76DECF412C6C', '0', 1, 'NF-add', '新建角色', NULL, 1, 'add', '/SystemManage/Role/Form', 0, 0, 0, 0, 1, 0, 1, NULL, NULL, NULL, NULL, NULL, NULL, NULL);
INSERT INTO `sys_modulebutton` VALUES ('63cd2162-ab5f-4b7f-9bbd-5c2e7625e639', '152a8e93-cebb-4574-ae74-2a86595ff986', '0', 1, 'NF-details', '查看字段', NULL, 2, 'details', '/SystemManage/ModuleFields/Details', 0, 0, 0, 0, 3, 0, 1, '', '2020-05-21 14:39:20', '9f2ec079-7d0f-4fe2-90ab-8b09a8302aba', '2020-05-21 15:11:22', '9f2ec079-7d0f-4fe2-90ab-8b09a8302aba', NULL, NULL);
INSERT INTO `sys_modulebutton` VALUES ('709a4a7b-4d98-462d-b47c-351ef11db06f', '252229DB-35CA-47AE-BDAE-C9903ED5BA7B', '0', 1, 'NF-Details', '查看机构', NULL, 2, 'details', '/SystemManage/Organize/Details', 0, 0, 0, 0, 4, 0, 1, NULL, NULL, NULL, '2020-04-07 14:23:01', '9f2ec079-7d0f-4fe2-90ab-8b09a8302aba', NULL, NULL);
INSERT INTO `sys_modulebutton` VALUES ('746629aa-858b-4c5e-9335-71b0fa08a584', 'ed757a25-82d5-43cc-89f4-ed26a51fb4f0', '0', 1, 'NF-details', '查看按钮', NULL, 2, 'details', '/SystemManage/ModuleButton/Details', 0, 0, 0, 0, 4, 0, 1, NULL, NULL, NULL, '2020-04-27 17:37:40', '9f2ec079-7d0f-4fe2-90ab-8b09a8302aba', NULL, NULL);
INSERT INTO `sys_modulebutton` VALUES ('74eecdfb-3bee-405d-be07-27a78219c179', '38CA5A66-C993-4410-AF95-50489B22939C', '0', 1, 'NF-add', '新建用户', NULL, 1, 'add', '/SystemManage/User/Form', 0, 0, 0, 0, 1, 0, 1, NULL, NULL, NULL, '2016-07-25 14:15:42', '9f2ec079-7d0f-4fe2-90ab-8b09a8302aba', NULL, NULL);
INSERT INTO `sys_modulebutton` VALUES ('7e10a7ac-8b65-4c7c-8eee-92d69d7dcbd9', '26452c9a-243d-4c81-97b9-a3ad581c3bf4', '0', 1, 'NF-add', '新建岗位', NULL, 1, 'add', '/SystemManage/Organize/Form', 0, 0, 0, 0, 1, 0, 1, NULL, NULL, NULL, '2020-04-09 15:26:36', '9f2ec079-7d0f-4fe2-90ab-8b09a8302aba', NULL, NULL);
INSERT INTO `sys_modulebutton` VALUES ('7ee3ff62-ab18-4886-9451-89b1d152172e', '7e4e4a48-4d51-4159-a113-2a211186f13a', '0', 1, 'NF-details', '查看公告', NULL, 2, 'details', '/SystemManage/Notice/Details', 0, 0, 0, 0, 4, 0, 1, NULL, NULL, NULL, '2020-04-17 12:49:27', '9f2ec079-7d0f-4fe2-90ab-8b09a8302aba', NULL, NULL);
INSERT INTO `sys_modulebutton` VALUES ('82f162cb-beb9-4a79-8924-cd1860e26e2e', '423A200B-FA5F-4B29-B7B7-A3F5474B725F', '0', 1, 'NF-details', '查看字典', NULL, 2, 'details', '/SystemManage/ItemsData/Details', 0, 0, 0, 0, 5, 0, 1, NULL, NULL, NULL, '2020-04-17 12:50:57', '9f2ec079-7d0f-4fe2-90ab-8b09a8302aba', NULL, NULL);
INSERT INTO `sys_modulebutton` VALUES ('8379135e-5b13-4236-bfb1-9289e6129034', 'a3a4742d-ca39-42ec-b95a-8552a6fae579', '0', 1, 'NF-delete', '删除策略', NULL, 2, 'delete', '/SystemSecurity/FilterIP/DeleteForm', 0, 0, 0, 0, 3, 0, 1, NULL, NULL, NULL, '2016-07-25 15:57:57', '9f2ec079-7d0f-4fe2-90ab-8b09a8302aba', NULL, NULL);
INSERT INTO `sys_modulebutton` VALUES ('85bfbb9d-24f0-4a6f-8bb8-0f87826d04fa', '152a8e93-cebb-4574-ae74-2a86595ff986', '0', 1, 'NF-add', '新增字段', NULL, 1, 'add', '/SystemManage/ModuleFields/Form', 0, 0, 0, 0, 0, 0, 1, '', '2020-05-21 14:39:20', '9f2ec079-7d0f-4fe2-90ab-8b09a8302aba', '2020-05-21 15:38:53', '9f2ec079-7d0f-4fe2-90ab-8b09a8302aba', NULL, NULL);
INSERT INTO `sys_modulebutton` VALUES ('85F5212F-E321-4124-B155-9374AA5D9C10', '64A1C550-2C61-4A8C-833D-ACD0C012260F', '0', 1, 'NF-delete', '删除菜单', NULL, 2, 'delete', '/SystemManage/Module/DeleteForm', 0, 0, 0, 0, 3, 0, 1, NULL, NULL, NULL, '2016-07-25 15:41:15', '9f2ec079-7d0f-4fe2-90ab-8b09a8302aba', NULL, NULL);
INSERT INTO `sys_modulebutton` VALUES ('87068c95-42c8-4f20-b786-27cb9d3d5ff7', 'e3188a69-de3a-40ef-a5ff-5eaf460f5d20', '0', 1, 'NF-add', '新建任务', NULL, 1, 'add', '/SystemSecurity/OpenJobs/Form', 0, 0, 0, 0, 1, 0, 1, '', '2020-05-26 13:55:50', '9f2ec079-7d0f-4fe2-90ab-8b09a8302aba', '2020-05-26 13:56:06', '9f2ec079-7d0f-4fe2-90ab-8b09a8302aba', NULL, NULL);
INSERT INTO `sys_modulebutton` VALUES ('88f7b3a8-fd6d-4f8e-a861-11405f434868', 'F298F868-B689-4982-8C8B-9268CBF0308D', '0', 1, 'NF-details', '查看岗位', NULL, 2, 'details', '/SystemManage/Duty/Details', 0, 0, 0, 0, 4, 0, 1, NULL, NULL, NULL, '2020-04-17 12:50:04', '9f2ec079-7d0f-4fe2-90ab-8b09a8302aba', NULL, NULL);
INSERT INTO `sys_modulebutton` VALUES ('89d7a69d-b953-4ce2-9294-db4f50f2a157', '337A4661-99A5-4E5E-B028-861CACAF9917', '0', 1, 'NF-edit', '修改区域', NULL, 2, 'edit', '/SystemManage/Area/Form', 0, 0, 0, 0, 2, 0, 1, NULL, NULL, NULL, '2016-07-25 15:32:42', '9f2ec079-7d0f-4fe2-90ab-8b09a8302aba', NULL, NULL);
INSERT INTO `sys_modulebutton` VALUES ('8a9993af-69b2-4d8a-85b3-337745a1f428', 'F298F868-B689-4982-8C8B-9268CBF0308D', '0', 1, 'NF-delete', '删除岗位', NULL, 2, 'delete', '/SystemManage/Duty/DeleteForm', 0, 0, 0, 0, 3, 0, 1, NULL, NULL, NULL, NULL, NULL, NULL, NULL);
INSERT INTO `sys_modulebutton` VALUES ('8c7013a9-3682-4367-8bc6-c77ca89f346b', '337A4661-99A5-4E5E-B028-861CACAF9917', '0', 1, 'NF-delete', '删除区域', NULL, 2, 'delete', '/SystemManage/Area/DeleteForm', 0, 0, 0, 0, 3, 0, 1, NULL, NULL, NULL, '2016-07-25 15:32:53', '9f2ec079-7d0f-4fe2-90ab-8b09a8302aba', NULL, NULL);
INSERT INTO `sys_modulebutton` VALUES ('8f32069f-20f3-48c9-8e35-cd245fffcf64', '01849cc9-c6da-4184-92f8-34875dac1d42', '0', 1, 'NF-add', '生成', NULL, 2, 'add', '/SystemManage/CodeGenerator/Form', 0, 0, 0, 0, 1, 0, 1, NULL, NULL, NULL, '2020-05-06 13:59:34', '9f2ec079-7d0f-4fe2-90ab-8b09a8302aba', NULL, NULL);
INSERT INTO `sys_modulebutton` VALUES ('8f698747-a1c3-468d-9279-99990987e0f9', '7e4e4a48-4d51-4159-a113-2a211186f13a', '0', 1, 'NF-delete', '删除公告', NULL, 2, 'delete', '/SystemManage/Notice/DeleteForm', 0, 0, 0, 0, 3, 0, 1, NULL, NULL, NULL, '2020-04-14 16:17:27', '9f2ec079-7d0f-4fe2-90ab-8b09a8302aba', NULL, NULL);
INSERT INTO `sys_modulebutton` VALUES ('91be873e-ccb7-434f-9a3b-d312d6d5798a', '252229DB-35CA-47AE-BDAE-C9903ED5BA7B', '0', 1, 'NF-edit', '修改机构', NULL, 2, 'edit', '/SystemManage/Organize/Form', 0, 0, 0, 0, 2, 0, 1, NULL, NULL, NULL, '2020-04-07 14:22:50', '9f2ec079-7d0f-4fe2-90ab-8b09a8302aba', NULL, NULL);
INSERT INTO `sys_modulebutton` VALUES ('98c2519c-b39f-4bf3-9543-5cc2630a4bbd', '152a8e93-cebb-4574-ae74-2a86595ff986', '0', 1, 'NF-clonefields', '克隆字段', NULL, 1, 'clonefields', '/SystemManage/ModuleFields/CloneFields', 0, 0, 0, 0, 5, 0, 1, '', '2020-05-21 15:39:48', '9f2ec079-7d0f-4fe2-90ab-8b09a8302aba', '2020-05-21 15:40:35', '9f2ec079-7d0f-4fe2-90ab-8b09a8302aba', NULL, NULL);
INSERT INTO `sys_modulebutton` VALUES ('9fc77888-bbca-4996-9240-a0f389819f6f', '7e4e4a48-4d51-4159-a113-2a211186f13a', '0', 1, 'NF-edit', '修改公告', NULL, 2, 'edit', '/SystemManage/Notice/Form', 0, 0, 0, 0, 2, 0, 1, NULL, NULL, NULL, '2020-04-23 14:17:20', '9f2ec079-7d0f-4fe2-90ab-8b09a8302aba', NULL, NULL);
INSERT INTO `sys_modulebutton` VALUES ('9FD543DB-C5BB-4789-ACFF-C5865AFB032C', '64A1C550-2C61-4A8C-833D-ACD0C012260F', '0', 1, 'NF-add', '新增菜单', NULL, 1, 'add', '/SystemManage/Module/Form', 0, 0, 0, 0, 1, 0, 1, NULL, NULL, NULL, '2016-07-25 15:41:08', '9f2ec079-7d0f-4fe2-90ab-8b09a8302aba', NULL, NULL);
INSERT INTO `sys_modulebutton` VALUES ('a0a41d87-494b-40b5-bd03-0f75c75be7cb', '337A4661-99A5-4E5E-B028-861CACAF9917', '0', 1, 'NF-details', '查看区域', NULL, 2, 'details', '/SystemManage/Area/Details', 0, 0, 0, 0, 4, 0, 1, NULL, NULL, NULL, '2020-04-27 17:38:21', '9f2ec079-7d0f-4fe2-90ab-8b09a8302aba', NULL, NULL);
INSERT INTO `sys_modulebutton` VALUES ('aaf58c1b-4af2-4e5f-a3e4-c48e86378191', 'a3a4742d-ca39-42ec-b95a-8552a6fae579', '0', 1, 'NF-edit', '修改策略', NULL, 2, 'edit', '/SystemSecurity/FilterIP/Form', 0, 0, 0, 0, 2, 0, 1, NULL, NULL, NULL, '2016-07-25 15:57:49', '9f2ec079-7d0f-4fe2-90ab-8b09a8302aba', NULL, NULL);
INSERT INTO `sys_modulebutton` VALUES ('abfdff21-8ebf-4024-8555-401b4df6acd9', '38CA5A66-C993-4410-AF95-50489B22939C', '0', 1, 'NF-details', '查看用户', NULL, 2, 'details', '/SystemManage/User/Details', 0, 0, 0, 0, 4, 0, 1, NULL, NULL, NULL, '2020-04-17 12:50:13', '9f2ec079-7d0f-4fe2-90ab-8b09a8302aba', NULL, NULL);
INSERT INTO `sys_modulebutton` VALUES ('ba72435b-1185-4108-8020-7310c5a70233', '01849cc9-c6da-4184-92f8-34875dac1d42', '0', 1, 'NF-details', '查看数据表', NULL, 2, 'details', '/SystemManage/CodeGenerator/Details', 0, 0, 0, 0, 2, 0, 1, NULL, NULL, NULL, '2020-05-06 13:12:42', '9f2ec079-7d0f-4fe2-90ab-8b09a8302aba', NULL, NULL);
INSERT INTO `sys_modulebutton` VALUES ('cba403cb-6418-44b7-868d-19e04af673ce', 'd742c96e-b61c-4cea-afeb-81805789687b', '0', 1, 'NF-delete', '删除分类', NULL, 2, 'delete', '/SystemManage/ItemsType/DeleteForm', 0, 0, 0, 0, 4, 0, 1, NULL, NULL, NULL, '2020-04-27 16:52:32', '9f2ec079-7d0f-4fe2-90ab-8b09a8302aba', NULL, NULL);
INSERT INTO `sys_modulebutton` VALUES ('cd65e50a-0bea-45a9-b82e-f2eacdbd209e', '252229DB-35CA-47AE-BDAE-C9903ED5BA7B', '0', 1, 'NF-add', '新建机构', NULL, 1, 'add', '/SystemManage/Organize/Form', 0, 0, 0, 0, 1, 0, 1, NULL, NULL, NULL, '2020-04-07 14:22:42', '9f2ec079-7d0f-4fe2-90ab-8b09a8302aba', NULL, NULL);
INSERT INTO `sys_modulebutton` VALUES ('d1086ccf-e605-44a4-9777-629810cec02d', '152a8e93-cebb-4574-ae74-2a86595ff986', '0', 1, 'NF-edit', '修改字段', NULL, 2, 'edit', '/SystemManage/ModuleFields/Form', 0, 0, 0, 0, 1, 0, 1, '', '2020-05-21 14:39:20', '9f2ec079-7d0f-4fe2-90ab-8b09a8302aba', '2020-05-21 15:15:11', '9f2ec079-7d0f-4fe2-90ab-8b09a8302aba', NULL, NULL);
INSERT INTO `sys_modulebutton` VALUES ('d2ecb5e8-e5cc-49c8-ba86-dbd7e51ca20b', 'e3188a69-de3a-40ef-a5ff-5eaf460f5d20', '0', 1, 'NF-edit', '修改任务', NULL, 2, 'edit', '/SystemSecurity/OpenJobs/Form', 0, 0, 0, 0, 2, 0, 1, '', '2020-05-26 13:55:50', '9f2ec079-7d0f-4fe2-90ab-8b09a8302aba', '2020-05-26 13:56:25', '9f2ec079-7d0f-4fe2-90ab-8b09a8302aba', NULL, NULL);
INSERT INTO `sys_modulebutton` VALUES ('d4074121-0d4f-465e-ad37-409bbe15bf8a', 'a3a4742d-ca39-42ec-b95a-8552a6fae579', '0', 1, 'NF-add', '新建策略', NULL, 1, 'add', '/SystemSecurity/FilterIP/Form', 0, 0, 0, 0, 1, 0, 1, NULL, NULL, NULL, '2016-07-25 15:57:40', '9f2ec079-7d0f-4fe2-90ab-8b09a8302aba', NULL, NULL);
INSERT INTO `sys_modulebutton` VALUES ('D4FCAFED-7640-449E-80B7-622DDACD5012', '64A1C550-2C61-4A8C-833D-ACD0C012260F', '0', 1, 'NF-details', '查看菜单', NULL, 2, 'details', '/SystemManage/Module/Details', 0, 0, 0, 0, 4, 0, 1, NULL, NULL, NULL, '2020-04-27 17:37:29', '9f2ec079-7d0f-4fe2-90ab-8b09a8302aba', NULL, NULL);
INSERT INTO `sys_modulebutton` VALUES ('d9e74251-61ff-4472-adec-ad316cb9a307', 'd742c96e-b61c-4cea-afeb-81805789687b', '0', 1, 'NF-add', '新建分类', NULL, 1, 'add', '/SystemManage/ItemsType/Form', 0, 0, 0, 0, 1, 0, 1, NULL, NULL, NULL, '2020-04-27 16:52:12', '9f2ec079-7d0f-4fe2-90ab-8b09a8302aba', NULL, NULL);
INSERT INTO `sys_modulebutton` VALUES ('e06965bc-b693-4b91-96f9-fc10ca2aa1f0', 'e3188a69-de3a-40ef-a5ff-5eaf460f5d20', '0', 1, 'NF-disabled', '关闭', NULL, 2, 'disabled', '/SystemSecurity/OpenJobs/ChangeStatus', 0, 0, 0, 0, 5, 0, 1, '', '2020-05-26 13:55:50', '9f2ec079-7d0f-4fe2-90ab-8b09a8302aba', '2020-05-27 08:42:32', '9f2ec079-7d0f-4fe2-90ab-8b09a8302aba', NULL, NULL);
INSERT INTO `sys_modulebutton` VALUES ('E29FCBA7-F848-4A8B-BC41-A3C668A9005D', '64A1C550-2C61-4A8C-833D-ACD0C012260F', '0', 1, 'NF-edit', '修改菜单', NULL, 2, 'edit', '/SystemManage/Module/Form', 0, 0, 0, 0, 2, 0, 1, NULL, NULL, NULL, '2016-07-25 15:41:02', '9f2ec079-7d0f-4fe2-90ab-8b09a8302aba', NULL, NULL);
INSERT INTO `sys_modulebutton` VALUES ('e75e4efc-d461-4334-a764-56992fec38e6', 'F298F868-B689-4982-8C8B-9268CBF0308D', '0', 1, 'NF-edit', '修改岗位', NULL, 2, 'edit', '/SystemManage/Duty/Form', 0, 0, 0, 0, 2, 0, 1, NULL, NULL, NULL, NULL, NULL, NULL, NULL);
INSERT INTO `sys_modulebutton` VALUES ('f51da6f6-8511-49f3-982b-a30ed0946706', '26452c9a-243d-4c81-97b9-a3ad581c3bf4', '0', 1, 'NF-delete', '删除岗位', NULL, 2, 'delete', '/SystemManage/Organize/DeleteForm', 0, 0, 0, 0, 3, 0, 1, NULL, NULL, NULL, '2020-04-09 15:26:45', '9f2ec079-7d0f-4fe2-90ab-8b09a8302aba', NULL, NULL);
INSERT INTO `sys_modulebutton` VALUES ('f93763ff-51a1-478d-9585-3c86084c54f3', '91A6CFAD-B2F9-4294-BDAE-76DECF412C6C', '0', 1, 'NF-details', '查看角色', NULL, 2, 'details', '/SystemManage/Role/Details', 0, 0, 0, 0, 4, 0, 1, NULL, NULL, NULL, '2020-04-17 12:49:53', '9f2ec079-7d0f-4fe2-90ab-8b09a8302aba', NULL, NULL);
INSERT INTO `sys_modulebutton` VALUES ('FD3D073C-4F88-467A-AE3B-CDD060952CE6', '64A1C550-2C61-4A8C-833D-ACD0C012260F', '0', 1, 'NF-modulebutton', '按钮管理', NULL, 2, 'modulebutton', '/SystemManage/ModuleButton/Index', 0, 0, 0, 0, 5, 0, 1, NULL, NULL, NULL, '2020-04-07 14:34:09', '9f2ec079-7d0f-4fe2-90ab-8b09a8302aba', NULL, NULL);
INSERT INTO `sys_modulebutton` VALUES ('ffffe7f8-900c-413a-9970-bee7d6599cce', '91A6CFAD-B2F9-4294-BDAE-76DECF412C6C', '0', 1, 'NF-edit', '修改角色', NULL, 2, 'edit', '/SystemManage/Role/Form', 0, 0, 0, 0, 2, 0, 1, NULL, NULL, NULL, NULL, NULL, NULL, NULL);

-- ----------------------------
-- Table structure for sys_modulefields
-- ----------------------------
DROP TABLE IF EXISTS `sys_modulefields`;
CREATE TABLE `sys_modulefields`  (
  `F_Id` varchar(50) CHARACTER SET utf8 COLLATE utf8_general_ci NOT NULL,
  `F_ModuleId` varchar(50) CHARACTER SET utf8 COLLATE utf8_general_ci NULL DEFAULT NULL,
  `F_EnCode` varchar(50) CHARACTER SET utf8 COLLATE utf8_general_ci NULL DEFAULT NULL,
  `F_FullName` varchar(50) CHARACTER SET utf8 COLLATE utf8_general_ci NULL DEFAULT NULL,
  `F_DeleteMark` tinyint(1) NULL DEFAULT NULL,
  `F_EnabledMark` tinyint(1) NULL DEFAULT NULL,
  `F_Description` varchar(500) CHARACTER SET utf8 COLLATE utf8_general_ci NULL DEFAULT NULL,
  `F_CreatorTime` timestamp(0) NULL DEFAULT NULL,
  `F_CreatorUserId` varchar(50) CHARACTER SET utf8 COLLATE utf8_general_ci NULL DEFAULT NULL,
  `F_LastModifyTime` timestamp(0) NULL DEFAULT NULL,
  `F_LastModifyUserId` varchar(50) CHARACTER SET utf8 COLLATE utf8_general_ci NULL DEFAULT NULL,
  `F_DeleteTime` timestamp(0) NULL DEFAULT NULL,
  `F_DeleteUserId` varchar(50) CHARACTER SET utf8 COLLATE utf8_general_ci NULL DEFAULT NULL,
  PRIMARY KEY (`F_Id`) USING BTREE,
  UNIQUE INDEX `IX_Sys_ModuleFields`(`F_ModuleId`, `F_EnCode`) USING BTREE COMMENT '唯一键'
) ENGINE = InnoDB CHARACTER SET = utf8 COLLATE = utf8_general_ci ROW_FORMAT = Dynamic;

-- ----------------------------
-- Records of sys_modulefields
-- ----------------------------
INSERT INTO `sys_modulefields` VALUES ('1cecc967-7ea1-46d0-b4fa-f90a15783d1c', '7e4e4a48-4d51-4159-a113-2a211186f13a', 'F_Title', '标题', NULL, 1, '', '2020-05-22 16:41:18', '9f2ec079-7d0f-4fe2-90ab-8b09a8302aba', NULL, NULL, NULL, NULL);
INSERT INTO `sys_modulefields` VALUES ('b67b5eb6-ecae-4156-8ef8-9e80b7a1345a', '7e4e4a48-4d51-4159-a113-2a211186f13a', 'F_CreatorUserName', '创建人', NULL, 1, '', '2020-05-22 16:53:20', '9f2ec079-7d0f-4fe2-90ab-8b09a8302aba', NULL, NULL, NULL, NULL);
INSERT INTO `sys_modulefields` VALUES ('bf5a2919-281c-44e2-a83b-74576e08743e', '7e4e4a48-4d51-4159-a113-2a211186f13a', 'F_EnabledMark', '状态', 0, 0, '', '2020-05-22 16:53:00', '9f2ec079-7d0f-4fe2-90ab-8b09a8302aba', '2020-05-27 08:45:00', '9f2ec079-7d0f-4fe2-90ab-8b09a8302aba', NULL, NULL);
INSERT INTO `sys_modulefields` VALUES ('dc4cd5fd-8933-44f8-9500-fc36285f50b2', '7e4e4a48-4d51-4159-a113-2a211186f13a', 'F_CreatorTime', '创建时间', NULL, 1, '', '2020-05-22 16:53:46', '9f2ec079-7d0f-4fe2-90ab-8b09a8302aba', '2020-05-22 17:06:41', '9f2ec079-7d0f-4fe2-90ab-8b09a8302aba', NULL, NULL);
INSERT INTO `sys_modulefields` VALUES ('ddd93ca7-d821-4abd-a342-9be1782dabe9', '7e4e4a48-4d51-4159-a113-2a211186f13a', 'F_Content', '内容', NULL, 1, '', '2020-05-22 16:42:41', '9f2ec079-7d0f-4fe2-90ab-8b09a8302aba', '2020-05-22 16:53:30', '9f2ec079-7d0f-4fe2-90ab-8b09a8302aba', NULL, NULL);

-- ----------------------------
-- Table structure for sys_notice
-- ----------------------------
DROP TABLE IF EXISTS `sys_notice`;
CREATE TABLE `sys_notice`  (
  `F_Id` varchar(50) CHARACTER SET utf8 COLLATE utf8_general_ci NOT NULL,
  `F_Title` varchar(50) CHARACTER SET utf8 COLLATE utf8_general_ci NULL DEFAULT NULL,
  `F_Content` longtext CHARACTER SET utf8 COLLATE utf8_general_ci NULL,
  `F_DeleteMark` tinyint(1) NULL DEFAULT NULL,
  `F_EnabledMark` tinyint(1) NULL DEFAULT NULL,
  `F_Description` varchar(500) CHARACTER SET utf8 COLLATE utf8_general_ci NULL DEFAULT NULL,
  `F_CreatorTime` timestamp(0) NULL DEFAULT NULL,
  `F_CreatorUserId` varchar(50) CHARACTER SET utf8 COLLATE utf8_general_ci NULL DEFAULT NULL,
  `F_CreatorUserName` varchar(50) CHARACTER SET utf8 COLLATE utf8_general_ci NULL DEFAULT NULL,
  `F_LastModifyTime` timestamp(0) NULL DEFAULT NULL,
  `F_LastModifyUserId` varchar(50) CHARACTER SET utf8 COLLATE utf8_general_ci NULL DEFAULT NULL,
  `F_DeleteTime` timestamp(0) NULL DEFAULT NULL,
  `F_DeleteUserId` varchar(500) CHARACTER SET utf8 COLLATE utf8_general_ci NULL DEFAULT NULL,
  PRIMARY KEY (`F_Id`) USING BTREE,
  UNIQUE INDEX `IX_Sys_Notice`(`F_Title`) USING BTREE COMMENT '唯一键'
) ENGINE = InnoDB CHARACTER SET = utf8 COLLATE = utf8_general_ci ROW_FORMAT = Dynamic;

-- ----------------------------
-- Records of sys_notice
-- ----------------------------
INSERT INTO `sys_notice` VALUES ('719decb4-fd6d-40bb-b56c-d5228332cd8c', '系统公告', '测试测测测测踩踩踩踩踩踩踩踩踩踩踩踩踩踩踩1asdadasddasdasdasdasdsadasdssssssssssssssssssssssssssssssssssssssssssssssssssssssssssssssssssssssssssssssssssssssssssssssssssssssssssssssssssssssssssssssssssssssssssssssssssssssssssssssssssssssssss', 0, 1, NULL, '2020-04-14 16:20:29', '9f2ec079-7d0f-4fe2-90ab-8b09a8302aba', '超级管理员', '2020-05-20 06:32:12', '9f2ec079-7d0f-4fe2-90ab-8b09a8302aba', NULL, NULL);

-- ----------------------------
-- Table structure for sys_openjob
-- ----------------------------
DROP TABLE IF EXISTS `sys_openjob`;
CREATE TABLE `sys_openjob`  (
  `F_Id` varchar(50) CHARACTER SET utf8 COLLATE utf8_general_ci NOT NULL,
  `F_FileName` varchar(100) CHARACTER SET utf8 COLLATE utf8_general_ci NULL DEFAULT NULL,
  `F_JobName` varchar(50) CHARACTER SET utf8 COLLATE utf8_general_ci NULL DEFAULT NULL,
  `F_JobGroup` varchar(50) CHARACTER SET utf8 COLLATE utf8_general_ci NULL DEFAULT NULL,
  `F_StarRunTime` timestamp(0) NULL DEFAULT NULL,
  `F_EndRunTime` timestamp(0) NULL DEFAULT NULL,
  `F_CronExpress` varchar(50) CHARACTER SET utf8 COLLATE utf8_general_ci NULL DEFAULT NULL,
  `F_DeleteMark` tinyint(1) NULL DEFAULT NULL,
  `F_EnabledMark` tinyint(1) NULL DEFAULT NULL,
  `F_Description` varchar(500) CHARACTER SET utf8 COLLATE utf8_general_ci NULL DEFAULT NULL,
  `F_CreatorTime` timestamp(0) NULL DEFAULT NULL,
  `F_CreatorUserId` varchar(50) CHARACTER SET utf8 COLLATE utf8_general_ci NULL DEFAULT NULL,
  `F_LastModifyTime` timestamp(0) NULL DEFAULT NULL,
  `F_LastModifyUserId` varchar(50) CHARACTER SET utf8 COLLATE utf8_general_ci NULL DEFAULT NULL,
  `F_DeleteTime` timestamp(0) NULL DEFAULT NULL,
  `F_DeleteUserId` varchar(50) CHARACTER SET utf8 COLLATE utf8_general_ci NULL DEFAULT NULL,
  PRIMARY KEY (`F_Id`) USING BTREE
) ENGINE = InnoDB CHARACTER SET = utf8 COLLATE = utf8_general_ci ROW_FORMAT = Dynamic;

-- ----------------------------
-- Records of sys_openjob
-- ----------------------------
INSERT INTO `sys_openjob` VALUES ('1d9ffe9c-4c59-4431-8539-4c5ea364237e', 'WaterCloud.Service.AutoJob.SaveServerStateJob', '服务器状态', 'WaterCloud', '2020-05-26 17:35:28', '2020-05-26 17:35:23', '0 0/10 * * * ?', 0, 1, '', '2020-05-26 14:50:41', '9f2ec079-7d0f-4fe2-90ab-8b09a8302aba', '2020-05-27 08:41:18', '9f2ec079-7d0f-4fe2-90ab-8b09a8302aba', NULL, NULL);
INSERT INTO `sys_openjob` VALUES ('8f7b8d82-53c2-4d0e-885f-145a06141c81', 'WaterCloud.Service.AutoJob.DatabasesBackupJob', '数据备份', 'WaterCloud', '2020-05-26 14:48:24', '2020-05-26 17:17:17', '0 0 0 * * ?', 0, 0, '', '2020-05-26 14:24:21', '9f2ec079-7d0f-4fe2-90ab-8b09a8302aba', '2020-05-27 08:41:19', '9f2ec079-7d0f-4fe2-90ab-8b09a8302aba', NULL, NULL);

-- ----------------------------
-- Table structure for sys_organize
-- ----------------------------
DROP TABLE IF EXISTS `sys_organize`;
CREATE TABLE `sys_organize`  (
  `F_Id` varchar(50) CHARACTER SET utf8 COLLATE utf8_general_ci NOT NULL,
  `F_ParentId` varchar(50) CHARACTER SET utf8 COLLATE utf8_general_ci NULL DEFAULT NULL,
  `F_Layers` int(11) NULL DEFAULT NULL,
  `F_EnCode` varchar(50) CHARACTER SET utf8 COLLATE utf8_general_ci NULL DEFAULT NULL,
  `F_FullName` varchar(50) CHARACTER SET utf8 COLLATE utf8_general_ci NULL DEFAULT NULL,
  `F_ShortName` varchar(50) CHARACTER SET utf8 COLLATE utf8_general_ci NULL DEFAULT NULL,
  `F_CategoryId` varchar(50) CHARACTER SET utf8 COLLATE utf8_general_ci NULL DEFAULT NULL,
  `F_ManagerId` varchar(50) CHARACTER SET utf8 COLLATE utf8_general_ci NULL DEFAULT NULL,
  `F_TelePhone` varchar(20) CHARACTER SET utf8 COLLATE utf8_general_ci NULL DEFAULT NULL,
  `F_MobilePhone` varchar(20) CHARACTER SET utf8 COLLATE utf8_general_ci NULL DEFAULT NULL,
  `F_WeChat` varchar(50) CHARACTER SET utf8 COLLATE utf8_general_ci NULL DEFAULT NULL,
  `F_Fax` varchar(20) CHARACTER SET utf8 COLLATE utf8_general_ci NULL DEFAULT NULL,
  `F_Email` varchar(50) CHARACTER SET utf8 COLLATE utf8_general_ci NULL DEFAULT NULL,
  `F_AreaId` varchar(50) CHARACTER SET utf8 COLLATE utf8_general_ci NULL DEFAULT NULL,
  `F_Address` varchar(500) CHARACTER SET utf8 COLLATE utf8_general_ci NULL DEFAULT NULL,
  `F_AllowEdit` tinyint(1) NULL DEFAULT NULL,
  `F_AllowDelete` tinyint(1) NULL DEFAULT NULL,
  `F_SortCode` int(11) NULL DEFAULT NULL,
  `F_DeleteMark` tinyint(1) NULL DEFAULT NULL,
  `F_EnabledMark` tinyint(1) NULL DEFAULT NULL,
  `F_Description` varchar(500) CHARACTER SET utf8 COLLATE utf8_general_ci NULL DEFAULT NULL,
  `F_CreatorTime` timestamp(0) NULL DEFAULT NULL,
  `F_CreatorUserId` varchar(50) CHARACTER SET utf8 COLLATE utf8_general_ci NULL DEFAULT NULL,
  `F_LastModifyTime` timestamp(0) NULL DEFAULT NULL,
  `F_LastModifyUserId` varchar(50) CHARACTER SET utf8 COLLATE utf8_general_ci NULL DEFAULT NULL,
  `F_DeleteTime` timestamp(0) NULL DEFAULT NULL,
  `F_DeleteUserId` varchar(500) CHARACTER SET utf8 COLLATE utf8_general_ci NULL DEFAULT NULL,
  PRIMARY KEY (`F_Id`) USING BTREE,
  UNIQUE INDEX `IX_Sys_Organize`(`F_EnCode`) USING BTREE COMMENT '唯一键'
) ENGINE = InnoDB CHARACTER SET = utf8 COLLATE = utf8_general_ci ROW_FORMAT = Dynamic;

-- ----------------------------
-- Records of sys_organize
-- ----------------------------
INSERT INTO `sys_organize` VALUES ('253EDA1F-F158-4F3F-A778-B7E538E052A2', '5AB270C0-5D33-4203-A54F-4552699FDA3C', 2, 'Manufacturing', '生产部', NULL, 'Department', NULL, NULL, NULL, NULL, NULL, NULL, NULL, NULL, 0, 0, 7, 0, 1, NULL, '2016-06-10 00:00:00', NULL, '2020-04-20 16:56:04', '9f2ec079-7d0f-4fe2-90ab-8b09a8302aba', NULL, NULL);
INSERT INTO `sys_organize` VALUES ('554C61CE-6AE0-44EB-B33D-A462BE7EB3E1', '5AB270C0-5D33-4203-A54F-4552699FDA3C', 2, 'Ministry', '技术部', NULL, 'Department', NULL, NULL, NULL, NULL, NULL, NULL, NULL, NULL, 0, 0, 5, 0, 1, NULL, '2016-06-10 00:00:00', NULL, NULL, NULL, NULL, NULL);
INSERT INTO `sys_organize` VALUES ('5AB270C0-5D33-4203-A54F-4552699FDA3C', '0', 1, 'Company', '上海东鞋贸易有限公司', NULL, 'Company', '郭总', NULL, NULL, NULL, NULL, NULL, NULL, '上海市松江区', 0, 0, 1, 0, 1, NULL, '2016-06-10 00:00:00', NULL, NULL, NULL, NULL, NULL);
INSERT INTO `sys_organize` VALUES ('5B417E2B-4B96-4F37-8BAA-10E5A812D05E', '5AB270C0-5D33-4203-A54F-4552699FDA3C', 2, 'Market', '市场部', NULL, 'Department', NULL, NULL, NULL, NULL, NULL, NULL, NULL, NULL, 0, 0, 3, 0, 1, NULL, '2016-06-10 00:00:00', NULL, NULL, NULL, NULL, NULL);
INSERT INTO `sys_organize` VALUES ('80E10CD5-7591-40B8-A005-BCDE1B961E76', '5AB270C0-5D33-4203-A54F-4552699FDA3C', 2, 'Administration', '行政部', NULL, 'Department', NULL, NULL, NULL, NULL, NULL, NULL, NULL, NULL, 0, 0, 2, 0, 1, NULL, '2016-06-10 00:00:00', NULL, NULL, NULL, NULL, NULL);
INSERT INTO `sys_organize` VALUES ('BD830AEF-0A2E-4228-ACF8-8843C39D41D8', '5AB270C0-5D33-4203-A54F-4552699FDA3C', 2, 'Purchase', '采购部', NULL, 'Department', NULL, NULL, NULL, NULL, NULL, NULL, NULL, NULL, 0, 0, 6, 0, 1, NULL, '2016-06-10 00:00:00', NULL, NULL, NULL, NULL, NULL);
INSERT INTO `sys_organize` VALUES ('DFA2FB91-C909-44A3-9282-BF946102E1C9', '5AB270C0-5D33-4203-A54F-4552699FDA3C', 2, 'HumanResourse', '人事部', NULL, 'Department', NULL, NULL, NULL, NULL, NULL, NULL, NULL, NULL, 0, 0, 8, 0, 1, NULL, '2016-06-10 00:00:00', NULL, NULL, NULL, NULL, NULL);
INSERT INTO `sys_organize` VALUES ('F02A66CA-3D8B-491B-8A17-C9ACA3E3B5DD', '5AB270C0-5D33-4203-A54F-4552699FDA3C', 2, 'Financials', '财务部', NULL, 'Department', NULL, NULL, NULL, NULL, NULL, NULL, NULL, NULL, 0, 0, 4, 0, 1, NULL, '2016-06-10 00:00:00', NULL, '2020-05-12 12:29:01', '9f2ec079-7d0f-4fe2-90ab-8b09a8302aba', NULL, NULL);

-- ----------------------------
-- Table structure for sys_quickmodule
-- ----------------------------
DROP TABLE IF EXISTS `sys_quickmodule`;
CREATE TABLE `sys_quickmodule`  (
  `F_Id` varchar(50) CHARACTER SET utf8 COLLATE utf8_general_ci NOT NULL,
  `F_ModuleId` varchar(50) CHARACTER SET utf8 COLLATE utf8_general_ci NULL DEFAULT NULL,
  `F_DeleteMark` tinyint(1) NULL DEFAULT NULL,
  `F_EnabledMark` tinyint(1) NULL DEFAULT NULL,
  `F_Description` varchar(500) CHARACTER SET utf8 COLLATE utf8_general_ci NULL DEFAULT NULL,
  `F_CreatorTime` timestamp(0) NULL DEFAULT NULL,
  `F_CreatorUserId` varchar(50) CHARACTER SET utf8 COLLATE utf8_general_ci NULL DEFAULT NULL,
  `F_LastModifyTime` timestamp(0) NULL DEFAULT NULL,
  `F_LastModifyUserId` varchar(50) CHARACTER SET utf8 COLLATE utf8_general_ci NULL DEFAULT NULL,
  `F_DeleteTime` timestamp(0) NULL DEFAULT NULL,
  `F_DeleteUserId` varchar(50) CHARACTER SET utf8 COLLATE utf8_general_ci NULL DEFAULT NULL,
  PRIMARY KEY (`F_Id`) USING BTREE,
  UNIQUE INDEX `IX_Sys_QuickModule`(`F_ModuleId`, `F_CreatorUserId`) USING BTREE COMMENT '唯一键'
) ENGINE = InnoDB CHARACTER SET = utf8 COLLATE = utf8_general_ci ROW_FORMAT = Dynamic;

-- ----------------------------
-- Records of sys_quickmodule
-- ----------------------------
INSERT INTO `sys_quickmodule` VALUES ('0d05da7f-d231-47eb-aeae-10c0221a2dd9', '337A4661-99A5-4E5E-B028-861CACAF9917', 0, 1, NULL, '2020-04-17 11:38:58', '547395a9-1de6-41c6-a829-f1dc036c60b3', NULL, NULL, NULL, NULL);
INSERT INTO `sys_quickmodule` VALUES ('0fa58ce3-a3c4-4138-80cc-481bee9f460b', '49F61713-C1E4-420E-BEEC-0B4DBC2D7DE8', 0, 1, NULL, '2020-04-17 11:38:58', '547395a9-1de6-41c6-a829-f1dc036c60b3', NULL, NULL, NULL, NULL);
INSERT INTO `sys_quickmodule` VALUES ('17dde739-2b06-4b88-baa0-7970e80963eb', 'F298F868-B689-4982-8C8B-9268CBF0308D', 0, 1, NULL, '2020-04-17 14:27:32', 'ac7610db-b66e-4f57-916c-c7ea0a4b84c9', NULL, NULL, NULL, NULL);
INSERT INTO `sys_quickmodule` VALUES ('1853984c-e52a-4595-b9a7-f382489a0e3f', '91A6CFAD-B2F9-4294-BDAE-76DECF412C6C', 0, 1, NULL, '2020-05-20 16:07:36', '9f2ec079-7d0f-4fe2-90ab-8b09a8302aba', NULL, NULL, NULL, NULL);
INSERT INTO `sys_quickmodule` VALUES ('1fddc87a-43f7-404a-9df9-47054a22aea0', '96EE855E-8CD2-47FC-A51D-127C131C9FB9', 0, 1, NULL, '2020-05-20 16:07:36', '9f2ec079-7d0f-4fe2-90ab-8b09a8302aba', NULL, NULL, NULL, NULL);
INSERT INTO `sys_quickmodule` VALUES ('2195bb31-4065-4280-957b-15ecdde6594d', '91A6CFAD-B2F9-4294-BDAE-76DECF412C6C', 0, 1, NULL, '2020-04-17 11:38:58', '547395a9-1de6-41c6-a829-f1dc036c60b3', NULL, NULL, NULL, NULL);
INSERT INTO `sys_quickmodule` VALUES ('230f4454-dfdd-486d-a5e3-c3cb1c9c69a1', '49F61713-C1E4-420E-BEEC-0B4DBC2D7DE8', 0, 1, NULL, '2020-05-20 16:07:36', '9f2ec079-7d0f-4fe2-90ab-8b09a8302aba', NULL, NULL, NULL, NULL);
INSERT INTO `sys_quickmodule` VALUES ('2a32c5db-d677-4c51-9913-77b54289f8a2', 'F298F868-B689-4982-8C8B-9268CBF0308D', 0, 1, NULL, '2020-05-20 16:07:36', '9f2ec079-7d0f-4fe2-90ab-8b09a8302aba', NULL, NULL, NULL, NULL);
INSERT INTO `sys_quickmodule` VALUES ('3c258aac-902c-4041-beb2-90a143454307', '7e4e4a48-4d51-4159-a113-2a211186f13a', 0, 1, NULL, '2020-04-17 14:27:32', 'ac7610db-b66e-4f57-916c-c7ea0a4b84c9', NULL, NULL, NULL, NULL);
INSERT INTO `sys_quickmodule` VALUES ('4008a7bb-0970-42f1-9a29-c3376d25e67e', '49F61713-C1E4-420E-BEEC-0B4DBC2D7DE8', 0, 1, NULL, '2020-04-17 12:55:31', 'b6651953-b5fb-4051-8919-c22c827f5741', NULL, NULL, NULL, NULL);
INSERT INTO `sys_quickmodule` VALUES ('446b6947-0c22-41e6-8638-5e68c6276da7', 'a3a4742d-ca39-42ec-b95a-8552a6fae579', 0, 1, NULL, '2020-05-20 16:07:36', '9f2ec079-7d0f-4fe2-90ab-8b09a8302aba', NULL, NULL, NULL, NULL);
INSERT INTO `sys_quickmodule` VALUES ('45b0fc98-afc4-446f-9f85-f281d8604eef', '337A4661-99A5-4E5E-B028-861CACAF9917', 0, 1, NULL, '2020-04-17 14:27:32', 'ac7610db-b66e-4f57-916c-c7ea0a4b84c9', NULL, NULL, NULL, NULL);
INSERT INTO `sys_quickmodule` VALUES ('46105128-2b41-40c1-8040-328dac9185e4', 'e72c75d0-3a69-41ad-b220-13c9a62ec788', 0, 1, NULL, '2020-04-17 11:38:58', '547395a9-1de6-41c6-a829-f1dc036c60b3', NULL, NULL, NULL, NULL);
INSERT INTO `sys_quickmodule` VALUES ('56695d51-ee41-4ae2-9726-1c486f6358ab', 'F298F868-B689-4982-8C8B-9268CBF0308D', 0, 1, NULL, '2020-04-17 11:38:58', '547395a9-1de6-41c6-a829-f1dc036c60b3', NULL, NULL, NULL, NULL);
INSERT INTO `sys_quickmodule` VALUES ('660f992a-b76d-41c3-8a92-2b6ffec0d302', '38CA5A66-C993-4410-AF95-50489B22939C', 0, 1, NULL, '2020-04-17 14:27:32', 'ac7610db-b66e-4f57-916c-c7ea0a4b84c9', NULL, NULL, NULL, NULL);
INSERT INTO `sys_quickmodule` VALUES ('78aa4757-d9a4-4adc-b7c5-3acd8cc0bbf4', '423A200B-FA5F-4B29-B7B7-A3F5474B725F', 0, 1, NULL, '2020-04-17 11:38:58', '547395a9-1de6-41c6-a829-f1dc036c60b3', NULL, NULL, NULL, NULL);
INSERT INTO `sys_quickmodule` VALUES ('812b5873-034d-46dd-8772-81086cd9d526', '91A6CFAD-B2F9-4294-BDAE-76DECF412C6C', 0, 1, NULL, '2020-04-17 14:27:32', 'ac7610db-b66e-4f57-916c-c7ea0a4b84c9', NULL, NULL, NULL, NULL);
INSERT INTO `sys_quickmodule` VALUES ('879811f4-38e5-4c7f-ac67-6fdfad88e313', '38CA5A66-C993-4410-AF95-50489B22939C', 0, 1, NULL, '2020-04-17 12:55:31', 'b6651953-b5fb-4051-8919-c22c827f5741', NULL, NULL, NULL, NULL);
INSERT INTO `sys_quickmodule` VALUES ('906f4263-43be-4f35-9cf9-93d1e17683ed', '423A200B-FA5F-4B29-B7B7-A3F5474B725F', 0, 1, NULL, '2020-04-17 12:55:31', 'b6651953-b5fb-4051-8919-c22c827f5741', NULL, NULL, NULL, NULL);
INSERT INTO `sys_quickmodule` VALUES ('99b7c0d0-2cd2-4552-84d8-0411c255420d', '64A1C550-2C61-4A8C-833D-ACD0C012260F', 0, 1, NULL, '2020-04-17 12:55:31', 'b6651953-b5fb-4051-8919-c22c827f5741', NULL, NULL, NULL, NULL);
INSERT INTO `sys_quickmodule` VALUES ('a01403e3-d797-44bf-b20e-4c5ddc50eff3', 'a3a4742d-ca39-42ec-b95a-8552a6fae579', 0, 1, NULL, '2020-04-17 12:55:31', 'b6651953-b5fb-4051-8919-c22c827f5741', NULL, NULL, NULL, NULL);
INSERT INTO `sys_quickmodule` VALUES ('ad7d7b75-36f6-4c49-88f9-58d3c74a83de', '26452c9a-243d-4c81-97b9-a3ad581c3bf4', 0, 1, NULL, '2020-04-17 14:27:32', 'ac7610db-b66e-4f57-916c-c7ea0a4b84c9', NULL, NULL, NULL, NULL);
INSERT INTO `sys_quickmodule` VALUES ('ad97c53e-19c0-4d89-b006-1107158f2fbf', '337A4661-99A5-4E5E-B028-861CACAF9917', 0, 1, NULL, '2020-04-17 12:55:31', 'b6651953-b5fb-4051-8919-c22c827f5741', NULL, NULL, NULL, NULL);
INSERT INTO `sys_quickmodule` VALUES ('b9a9e42f-2fbc-4d4f-97a3-80468b57f251', '96EE855E-8CD2-47FC-A51D-127C131C9FB9', 0, 1, NULL, '2020-04-17 11:38:58', '547395a9-1de6-41c6-a829-f1dc036c60b3', NULL, NULL, NULL, NULL);
INSERT INTO `sys_quickmodule` VALUES ('bac738d5-c579-462b-8941-3144525e9719', '38CA5A66-C993-4410-AF95-50489B22939C', 0, 1, NULL, '2020-05-20 16:07:36', '9f2ec079-7d0f-4fe2-90ab-8b09a8302aba', NULL, NULL, NULL, NULL);
INSERT INTO `sys_quickmodule` VALUES ('c13d6e95-1465-4db9-9f7d-92d056185c4c', '423A200B-FA5F-4B29-B7B7-A3F5474B725F', 0, 1, NULL, '2020-04-17 14:27:32', 'ac7610db-b66e-4f57-916c-c7ea0a4b84c9', NULL, NULL, NULL, NULL);
INSERT INTO `sys_quickmodule` VALUES ('c3dd5fab-dd4c-466b-93d0-7b38ee3173b3', '64A1C550-2C61-4A8C-833D-ACD0C012260F', 0, 1, NULL, '2020-05-20 16:07:36', '9f2ec079-7d0f-4fe2-90ab-8b09a8302aba', NULL, NULL, NULL, NULL);
INSERT INTO `sys_quickmodule` VALUES ('c47a1290-a804-467c-83bb-475b7670f866', '64A1C550-2C61-4A8C-833D-ACD0C012260F', 0, 1, NULL, '2020-04-17 11:38:58', '547395a9-1de6-41c6-a829-f1dc036c60b3', NULL, NULL, NULL, NULL);
INSERT INTO `sys_quickmodule` VALUES ('c699cf93-c9cd-4910-aee2-6f4915cc3859', '26452c9a-243d-4c81-97b9-a3ad581c3bf4', 0, 1, NULL, '2020-05-20 16:07:36', '9f2ec079-7d0f-4fe2-90ab-8b09a8302aba', NULL, NULL, NULL, NULL);
INSERT INTO `sys_quickmodule` VALUES ('cc966bdc-fc91-4eec-8727-37018ba5b94e', '91A6CFAD-B2F9-4294-BDAE-76DECF412C6C', 0, 1, NULL, '2020-04-17 12:55:31', 'b6651953-b5fb-4051-8919-c22c827f5741', NULL, NULL, NULL, NULL);
INSERT INTO `sys_quickmodule` VALUES ('e3fcae8d-0cfd-48c6-969e-9528dcd0fdbb', '64A1C550-2C61-4A8C-833D-ACD0C012260F', 0, 1, NULL, '2020-04-17 14:27:32', 'ac7610db-b66e-4f57-916c-c7ea0a4b84c9', NULL, NULL, NULL, NULL);
INSERT INTO `sys_quickmodule` VALUES ('f5503f0b-9560-4305-aed4-c38543f84789', 'e72c75d0-3a69-41ad-b220-13c9a62ec788', 0, 1, NULL, '2020-04-17 12:55:31', 'b6651953-b5fb-4051-8919-c22c827f5741', NULL, NULL, NULL, NULL);

-- ----------------------------
-- Table structure for sys_role
-- ----------------------------
DROP TABLE IF EXISTS `sys_role`;
CREATE TABLE `sys_role`  (
  `F_Id` varchar(50) CHARACTER SET utf8 COLLATE utf8_general_ci NOT NULL,
  `F_OrganizeId` varchar(50) CHARACTER SET utf8 COLLATE utf8_general_ci NULL DEFAULT NULL,
  `F_Category` int(11) NULL DEFAULT NULL,
  `F_EnCode` varchar(50) CHARACTER SET utf8 COLLATE utf8_general_ci NULL DEFAULT NULL,
  `F_FullName` varchar(50) CHARACTER SET utf8 COLLATE utf8_general_ci NULL DEFAULT NULL,
  `F_Type` varchar(50) CHARACTER SET utf8 COLLATE utf8_general_ci NULL DEFAULT NULL,
  `F_AllowEdit` tinyint(1) NULL DEFAULT NULL,
  `F_AllowDelete` tinyint(1) NULL DEFAULT NULL,
  `F_SortCode` int(11) NULL DEFAULT NULL,
  `F_DeleteMark` tinyint(1) NULL DEFAULT NULL,
  `F_EnabledMark` tinyint(1) NULL DEFAULT NULL,
  `F_Description` varchar(500) CHARACTER SET utf8 COLLATE utf8_general_ci NULL DEFAULT NULL,
  `F_CreatorTime` timestamp(0) NULL DEFAULT NULL,
  `F_CreatorUserId` varchar(50) CHARACTER SET utf8 COLLATE utf8_general_ci NULL DEFAULT NULL,
  `F_LastModifyTime` timestamp(0) NULL DEFAULT NULL,
  `F_LastModifyUserId` varchar(50) CHARACTER SET utf8 COLLATE utf8_general_ci NULL DEFAULT NULL,
  `F_DeleteTime` timestamp(0) NULL DEFAULT NULL,
  `F_DeleteUserId` varchar(500) CHARACTER SET utf8 COLLATE utf8_general_ci NULL DEFAULT NULL,
  PRIMARY KEY (`F_Id`) USING BTREE,
  UNIQUE INDEX `IX_Sys_Role`(`F_EnCode`) USING BTREE COMMENT '唯一键'
) ENGINE = InnoDB CHARACTER SET = utf8 COLLATE = utf8_general_ci ROW_FORMAT = Dynamic;

-- ----------------------------
-- Records of sys_role
-- ----------------------------
INSERT INTO `sys_role` VALUES ('0052A230-EA7B-4F3A-A1C9-1611FF26481A', '5AB270C0-5D33-4203-A54F-4552699FDA3C', 2, 'manager', '经理', NULL, 0, 0, 3, 0, 1, NULL, '2016-07-12 00:00:00', NULL, NULL, NULL, NULL, NULL);
INSERT INTO `sys_role` VALUES ('05691457-5284-4FEE-8D7E-C35141F3FF39', '5AB270C0-5D33-4203-A54F-4552699FDA3C', 2, '10024', '总经理助理', NULL, 0, 0, 16, 0, 1, NULL, '2016-07-12 00:00:00', NULL, '2020-04-03 14:07:06', '9f2ec079-7d0f-4fe2-90ab-8b09a8302aba', NULL, NULL);
INSERT INTO `sys_role` VALUES ('0CD2A952-2EE0-4CAF-9757-617D5075745B', '5AB270C0-5D33-4203-A54F-4552699FDA3C', 2, 'president', '董事长', NULL, 0, 0, 10, 0, 1, NULL, '2016-07-12 00:00:00', NULL, NULL, NULL, NULL, NULL);
INSERT INTO `sys_role` VALUES ('23ED024E-0AAA-4C8D-9216-D1AB93348D26', '5AB270C0-5D33-4203-A54F-4552699FDA3C', 2, 'employee', '员工', NULL, 0, 0, 1, 0, 1, NULL, '2016-07-12 00:00:00', NULL, '2016-07-18 15:18:56', NULL, NULL, NULL);
INSERT INTO `sys_role` VALUES ('2B3406F9-B7FF-4D23-BC61-D8EEB6C88D5B', '5AB270C0-5D33-4203-A54F-4552699FDA3C', 2, '10023', '行业顾问', NULL, 0, 0, 15, 0, 1, NULL, '2016-07-12 00:00:00', NULL, '2020-04-03 14:45:35', '9f2ec079-7d0f-4fe2-90ab-8b09a8302aba', NULL, NULL);
INSERT INTO `sys_role` VALUES ('3263446A-D303-4C42-B436-6F46BF7CE86A', '5AB270C0-5D33-4203-A54F-4552699FDA3C', 2, '10019', '总裁', NULL, 0, 0, 12, 0, 1, NULL, '2016-07-12 00:00:00', NULL, NULL, NULL, NULL, NULL);
INSERT INTO `sys_role` VALUES ('3A2FD4D7-E73C-44E4-8AED-B6EE5980779E', '5AB270C0-5D33-4203-A54F-4552699FDA3C', 2, '10025', '大堂经理', NULL, 0, 0, 17, 0, 1, NULL, '2016-07-12 00:00:00', NULL, NULL, NULL, NULL, NULL);
INSERT INTO `sys_role` VALUES ('796E9C6A-8432-4BA6-8CF6-EFFAB6F2098C', '5AB270C0-5D33-4203-A54F-4552699FDA3C', 2, 'general', '总经理', NULL, 0, 0, 6, 0, 1, NULL, '2016-07-12 00:00:00', NULL, NULL, NULL, NULL, NULL);
INSERT INTO `sys_role` VALUES ('7E2639BA-02B9-417A-9AAA-CF6DCF8487E0', '5AB270C0-5D33-4203-A54F-4552699FDA3C', 2, '10022', '力资源专员', NULL, 0, 0, 14, 0, 1, NULL, '2016-07-12 00:00:00', NULL, NULL, NULL, NULL, NULL);
INSERT INTO `sys_role` VALUES ('8c119bce-0d70-4a56-8389-214d8e14e107', '5AB270C0-5D33-4203-A54F-4552699FDA3C', 1, '0002', '0002', '1', 0, 0, 2, 0, 1, NULL, '2020-05-12 12:29:24', '9f2ec079-7d0f-4fe2-90ab-8b09a8302aba', NULL, NULL, NULL, NULL);
INSERT INTO `sys_role` VALUES ('91E09653-D3DE-416A-BF6C-E91E60B4B4CF', '5AB270C0-5D33-4203-A54F-4552699FDA3C', 2, 'chairman', '主任', NULL, 0, 0, 7, 0, 1, NULL, '2016-07-12 00:00:00', NULL, NULL, NULL, NULL, NULL);
INSERT INTO `sys_role` VALUES ('B2624F67-E092-461A-AAAD-13592A9429D9', '5AB270C0-5D33-4203-A54F-4552699FDA3C', 2, '10018', '行政助理', NULL, 0, 0, 11, 0, 1, NULL, '2016-07-12 00:00:00', NULL, '2020-04-22 14:27:06', '9f2ec079-7d0f-4fe2-90ab-8b09a8302aba', NULL, NULL);
INSERT INTO `sys_role` VALUES ('C609D4D6-81F7-4647-BF2F-81BD4CED2C19', '5AB270C0-5D33-4203-A54F-4552699FDA3C', 2, 'fileattache', '档案专员', NULL, 0, 0, 8, 0, 1, NULL, '2016-07-12 00:00:00', NULL, NULL, NULL, NULL, NULL);
INSERT INTO `sys_role` VALUES ('CB116AA3-88CC-4CF7-B0BC-7C55EC502183', '5AB270C0-5D33-4203-A54F-4552699FDA3C', 2, '10020', '首席执行官', NULL, 0, 0, 13, 0, 1, NULL, '2016-07-12 00:00:00', NULL, NULL, NULL, NULL, NULL);
INSERT INTO `sys_role` VALUES ('CEEA79E8-2E19-4294-8447-13247053DE04', '5AB270C0-5D33-4203-A54F-4552699FDA3C', 2, 'director', '总监', NULL, 0, 0, 4, 0, 1, NULL, '2016-07-12 00:00:00', NULL, NULL, NULL, NULL, NULL);
INSERT INTO `sys_role` VALUES ('D335A5B8-7DED-495C-B8FC-EE933FB30779', '5AB270C0-5D33-4203-A54F-4552699FDA3C', 2, 'charge', '主管', NULL, 0, 0, 2, 0, 1, NULL, '2016-07-12 00:00:00', NULL, '2016-07-18 15:17:22', NULL, NULL, NULL);
INSERT INTO `sys_role` VALUES ('d71324b7-e7eb-47b2-bdea-f0293d36bb7f', '5AB270C0-5D33-4203-A54F-4552699FDA3C', 1, '0001', '0001', '1', 0, 0, 1, 0, 1, '', '2016-07-12 00:00:00', NULL, NULL, NULL, NULL, NULL);
INSERT INTO `sys_role` VALUES ('EA56E457-5024-49AF-9410-D5D71D24F14B', '5AB270C0-5D33-4203-A54F-4552699FDA3C', 2, 'vicegeneral', '副总经理', NULL, 0, 0, 5, 0, 1, NULL, '2016-07-12 00:00:00', NULL, NULL, NULL, NULL, NULL);
INSERT INTO `sys_role` VALUES ('F03EA699-9A0A-4EE9-9D33-27B9A7DFF09B', '5AB270C0-5D33-4203-A54F-4552699FDA3C', 2, 'engineer', '高级工程师', NULL, 0, 0, 9, 0, 1, NULL, '2016-07-12 00:00:00', NULL, NULL, NULL, NULL, NULL);

-- ----------------------------
-- Table structure for sys_roleauthorize
-- ----------------------------
DROP TABLE IF EXISTS `sys_roleauthorize`;
CREATE TABLE `sys_roleauthorize`  (
  `F_Id` varchar(50) CHARACTER SET utf8 COLLATE utf8_general_ci NOT NULL,
  `F_ItemType` int(11) NULL DEFAULT NULL,
  `F_ItemId` varchar(50) CHARACTER SET utf8 COLLATE utf8_general_ci NULL DEFAULT NULL,
  `F_ObjectType` int(11) NULL DEFAULT NULL,
  `F_ObjectId` varchar(50) CHARACTER SET utf8 COLLATE utf8_general_ci NULL DEFAULT NULL,
  `F_SortCode` int(11) NULL DEFAULT NULL,
  `F_CreatorTime` timestamp(0) NULL DEFAULT NULL,
  `F_CreatorUserId` varchar(50) CHARACTER SET utf8 COLLATE utf8_general_ci NULL DEFAULT NULL,
  PRIMARY KEY (`F_Id`) USING BTREE
) ENGINE = InnoDB CHARACTER SET = utf8 COLLATE = utf8_general_ci ROW_FORMAT = Dynamic;

-- ----------------------------
-- Records of sys_roleauthorize
-- ----------------------------
INSERT INTO `sys_roleauthorize` VALUES ('003268a0-19e1-4787-a51c-1de369221700', 1, '7e4e4a48-4d51-4159-a113-2a211186f13a', 1, 'd71324b7-e7eb-47b2-bdea-f0293d36bb7f', NULL, NULL, NULL);
INSERT INTO `sys_roleauthorize` VALUES ('032a78d6-787f-4a09-8483-80a0ccc0e2fc', 2, '4f727b61-0aa4-45f0-83b5-7fcddfe034e8', 1, '8c119bce-0d70-4a56-8389-214d8e14e107', NULL, NULL, NULL);
INSERT INTO `sys_roleauthorize` VALUES ('0388302d-d6c8-4828-8a98-340ae3bbdb85', 2, '88f7b3a8-fd6d-4f8e-a861-11405f434868', 1, '8c119bce-0d70-4a56-8389-214d8e14e107', NULL, NULL, NULL);
INSERT INTO `sys_roleauthorize` VALUES ('04ae2cd3-1eb2-40a8-9507-4f7cdfd1c741', 2, 'a0a41d87-494b-40b5-bd03-0f75c75be7cb', 1, '8c119bce-0d70-4a56-8389-214d8e14e107', NULL, NULL, NULL);
INSERT INTO `sys_roleauthorize` VALUES ('065b7902-1f9b-4da1-a467-24e92e1fc647', 2, '071f5982-efb2-4fa3-a6cf-a02f3f1f9d92', 1, '8c119bce-0d70-4a56-8389-214d8e14e107', NULL, NULL, NULL);
INSERT INTO `sys_roleauthorize` VALUES ('0b42204d-9ad9-47f8-9c68-d087239ce98c', 2, 'abfdff21-8ebf-4024-8555-401b4df6acd9', 1, 'd71324b7-e7eb-47b2-bdea-f0293d36bb7f', NULL, NULL, NULL);
INSERT INTO `sys_roleauthorize` VALUES ('0e6942f8-7451-4bd1-a12c-dbd83df724d0', 2, '7ee3ff62-ab18-4886-9451-89b1d152172e', 1, '8c119bce-0d70-4a56-8389-214d8e14e107', NULL, NULL, NULL);
INSERT INTO `sys_roleauthorize` VALUES ('0eae1509-63d2-48b4-ad67-70b76cbb46f3', 2, '8c7013a9-3682-4367-8bc6-c77ca89f346b', 1, '8c119bce-0d70-4a56-8389-214d8e14e107', NULL, NULL, NULL);
INSERT INTO `sys_roleauthorize` VALUES ('0ecc91ea-34de-4ac7-a8c7-1ed868854c2b', 2, '1ee1c46b-e767-4532-8636-936ea4c12003', 1, 'd71324b7-e7eb-47b2-bdea-f0293d36bb7f', NULL, NULL, NULL);
INSERT INTO `sys_roleauthorize` VALUES ('147ac5e4-51b5-4609-b03a-f3dd54f4d6f6', 2, '85F5212F-E321-4124-B155-9374AA5D9C10', 1, '8c119bce-0d70-4a56-8389-214d8e14e107', NULL, NULL, NULL);
INSERT INTO `sys_roleauthorize` VALUES ('153d558b-01e9-4954-8782-c08fe34f4813', 2, '14617a4f-bfef-4bc2-b943-d18d3ff8d22f', 1, 'd71324b7-e7eb-47b2-bdea-f0293d36bb7f', NULL, NULL, NULL);
INSERT INTO `sys_roleauthorize` VALUES ('16e3ad0e-db55-4559-8c87-24f3703fddac', 2, '4b876abc-1b85-47b0-abc7-96e313b18ed8', 1, '8c119bce-0d70-4a56-8389-214d8e14e107', NULL, NULL, NULL);
INSERT INTO `sys_roleauthorize` VALUES ('16fb25f1-5638-4f19-a624-ad642d2c465a', 2, '85F5212F-E321-4124-B155-9374AA5D9C10', 1, 'd71324b7-e7eb-47b2-bdea-f0293d36bb7f', NULL, NULL, NULL);
INSERT INTO `sys_roleauthorize` VALUES ('17a4c631-ccf1-431b-9a87-8f390518541f', 2, '9fc77888-bbca-4996-9240-a0f389819f6f', 1, '8c119bce-0d70-4a56-8389-214d8e14e107', NULL, NULL, NULL);
INSERT INTO `sys_roleauthorize` VALUES ('184aed15-1253-4a58-948b-35f71ce55418', 2, '82f162cb-beb9-4a79-8924-cd1860e26e2e', 1, '8c119bce-0d70-4a56-8389-214d8e14e107', NULL, NULL, NULL);
INSERT INTO `sys_roleauthorize` VALUES ('1a8430b2-8b85-4767-9639-a7857b3ab3ee', 1, '73FD1267-79BA-4E23-A152-744AF73117E9', 1, '8c119bce-0d70-4a56-8389-214d8e14e107', NULL, NULL, NULL);
INSERT INTO `sys_roleauthorize` VALUES ('1b9ff942-42eb-476b-9ae9-3b37178b5996', 2, 'ffffe7f8-900c-413a-9970-bee7d6599cce', 1, 'd71324b7-e7eb-47b2-bdea-f0293d36bb7f', NULL, NULL, NULL);
INSERT INTO `sys_roleauthorize` VALUES ('228f6bcf-98f9-4c5d-95ba-526a6bc50086', 2, '15362a59-b242-494a-bc6e-413b4a63580e', 1, 'd71324b7-e7eb-47b2-bdea-f0293d36bb7f', NULL, NULL, NULL);
INSERT INTO `sys_roleauthorize` VALUES ('24b00f61-0072-4d9c-a59a-8b0c2f4c1bb0', 2, '1b72be70-e44d-43d6-91d0-dc3ad628d22e', 1, '8c119bce-0d70-4a56-8389-214d8e14e107', NULL, NULL, NULL);
INSERT INTO `sys_roleauthorize` VALUES ('25139cb7-ebaf-4b72-911d-7befecd35ae2', 1, 'F298F868-B689-4982-8C8B-9268CBF0308D', 1, 'd71324b7-e7eb-47b2-bdea-f0293d36bb7f', NULL, NULL, NULL);
INSERT INTO `sys_roleauthorize` VALUES ('2f69d211-84bd-4d6b-a8e2-0e128e2a38b9', 2, 'f93763ff-51a1-478d-9585-3c86084c54f3', 1, '8c119bce-0d70-4a56-8389-214d8e14e107', NULL, NULL, NULL);
INSERT INTO `sys_roleauthorize` VALUES ('322831bf-699c-42fc-8420-c7705aed7f7e', 2, 'd9e74251-61ff-4472-adec-ad316cb9a307', 1, 'd71324b7-e7eb-47b2-bdea-f0293d36bb7f', NULL, NULL, NULL);
INSERT INTO `sys_roleauthorize` VALUES ('3571ab5e-7495-4d98-aa84-828bb6added3', 2, 'D4FCAFED-7640-449E-80B7-622DDACD5012', 1, 'd71324b7-e7eb-47b2-bdea-f0293d36bb7f', NULL, NULL, NULL);
INSERT INTO `sys_roleauthorize` VALUES ('3c26786e-8248-4cfc-876e-a63b462e6915', 2, '4b876abc-1b85-47b0-abc7-96e313b18ed8', 1, 'd71324b7-e7eb-47b2-bdea-f0293d36bb7f', NULL, NULL, NULL);
INSERT INTO `sys_roleauthorize` VALUES ('3d226eb7-2072-4f0b-bf5f-42e3eb54c5f9', 1, '96EE855E-8CD2-47FC-A51D-127C131C9FB9', 1, '8c119bce-0d70-4a56-8389-214d8e14e107', NULL, NULL, NULL);
INSERT INTO `sys_roleauthorize` VALUES ('44c80be7-2c8b-4596-a160-d017865d07c8', 2, '9FD543DB-C5BB-4789-ACFF-C5865AFB032C', 1, '8c119bce-0d70-4a56-8389-214d8e14e107', NULL, NULL, NULL);
INSERT INTO `sys_roleauthorize` VALUES ('45cf0513-7244-445e-9bc7-52ae12befa6d', 2, 'E29FCBA7-F848-4A8B-BC41-A3C668A9005D', 1, 'd71324b7-e7eb-47b2-bdea-f0293d36bb7f', NULL, NULL, NULL);
INSERT INTO `sys_roleauthorize` VALUES ('480a0d1d-d781-44bd-9e82-679aa7b9e26c', 1, '337A4661-99A5-4E5E-B028-861CACAF9917', 1, '8c119bce-0d70-4a56-8389-214d8e14e107', NULL, NULL, NULL);
INSERT INTO `sys_roleauthorize` VALUES ('4c5085f8-fa79-4a53-86b3-78b1031881e5', 2, '5d708d9d-6ebe-40ea-8589-e3efce9e74ec', 1, 'd71324b7-e7eb-47b2-bdea-f0293d36bb7f', NULL, NULL, NULL);
INSERT INTO `sys_roleauthorize` VALUES ('520eb7a9-0229-4aad-b2fb-3fa2e9ba7957', 1, '423A200B-FA5F-4B29-B7B7-A3F5474B725F', 1, 'd71324b7-e7eb-47b2-bdea-f0293d36bb7f', NULL, NULL, NULL);
INSERT INTO `sys_roleauthorize` VALUES ('5342238c-b879-4ebe-878d-a65685869678', 1, 'ed757a25-82d5-43cc-89f4-ed26a51fb4f0', 1, '8c119bce-0d70-4a56-8389-214d8e14e107', NULL, NULL, NULL);
INSERT INTO `sys_roleauthorize` VALUES ('565b0a7f-0cad-4bfe-bd25-d64a10a27736', 2, '7e10a7ac-8b65-4c7c-8eee-92d69d7dcbd9', 1, '8c119bce-0d70-4a56-8389-214d8e14e107', NULL, NULL, NULL);
INSERT INTO `sys_roleauthorize` VALUES ('58957c72-b3c0-4d35-a364-662b5d634fe0', 1, '462027E0-0848-41DD-BCC3-025DCAE65555', 1, 'd71324b7-e7eb-47b2-bdea-f0293d36bb7f', NULL, NULL, NULL);
INSERT INTO `sys_roleauthorize` VALUES ('59341606-cd6c-4521-8e41-27fb39f56a92', 2, '0d777b07-041a-4205-a393-d1a009aaafc7', 1, '8c119bce-0d70-4a56-8389-214d8e14e107', NULL, NULL, NULL);
INSERT INTO `sys_roleauthorize` VALUES ('5979df6b-d0ef-4feb-9ae9-5b53279558d3', 2, '48afe7b3-e158-4256-b50c-cd0ee7c6dcc9', 1, 'd71324b7-e7eb-47b2-bdea-f0293d36bb7f', NULL, NULL, NULL);
INSERT INTO `sys_roleauthorize` VALUES ('5eac35dc-7d67-4369-aeae-3514d37bbf5c', 2, '13c9a15f-c50d-4f09-8344-fd0050f70086', 1, '8c119bce-0d70-4a56-8389-214d8e14e107', NULL, NULL, NULL);
INSERT INTO `sys_roleauthorize` VALUES ('60687e32-5ec7-49cb-b6e1-1ab606f0db72', 2, '2a8f5342-5eb7-491c-a1a9-a2631d8eb5d6', 1, '8c119bce-0d70-4a56-8389-214d8e14e107', NULL, NULL, NULL);
INSERT INTO `sys_roleauthorize` VALUES ('60f5b892-2c38-431c-9ce9-62504a0c503c', 1, 'F298F868-B689-4982-8C8B-9268CBF0308D', 1, '8c119bce-0d70-4a56-8389-214d8e14e107', NULL, NULL, NULL);
INSERT INTO `sys_roleauthorize` VALUES ('63ab7ce0-36de-4975-a958-fd4336a6589d', 1, '73FD1267-79BA-4E23-A152-744AF73117E9', 1, 'd71324b7-e7eb-47b2-bdea-f0293d36bb7f', NULL, NULL, NULL);
INSERT INTO `sys_roleauthorize` VALUES ('6754af3b-fe57-4703-b78b-7916ec98f13c', 2, '88f7b3a8-fd6d-4f8e-a861-11405f434868', 1, 'd71324b7-e7eb-47b2-bdea-f0293d36bb7f', NULL, NULL, NULL);
INSERT INTO `sys_roleauthorize` VALUES ('69389e8c-c59d-43e5-94e2-556779e832ea', 2, 'E29FCBA7-F848-4A8B-BC41-A3C668A9005D', 1, '8c119bce-0d70-4a56-8389-214d8e14e107', NULL, NULL, NULL);
INSERT INTO `sys_roleauthorize` VALUES ('6bb5cf76-9d4b-45e6-a188-d1374673af02', 2, '239077ff-13e1-4720-84e1-67b6f0276979', 1, 'd71324b7-e7eb-47b2-bdea-f0293d36bb7f', NULL, NULL, NULL);
INSERT INTO `sys_roleauthorize` VALUES ('6dd6b3fb-dd2c-418a-8a36-08337e6d4a91', 2, '38e39592-6e86-42fb-8f72-adea0c82cbc1', 1, 'd71324b7-e7eb-47b2-bdea-f0293d36bb7f', NULL, NULL, NULL);
INSERT INTO `sys_roleauthorize` VALUES ('6fa841ea-b7fb-4ef2-b5a5-507c8b15d313', 2, '8f698747-a1c3-468d-9279-99990987e0f9', 1, '8c119bce-0d70-4a56-8389-214d8e14e107', NULL, NULL, NULL);
INSERT INTO `sys_roleauthorize` VALUES ('724e36c0-ff0d-4ac7-a470-b08091a14e7b', 2, '8a9993af-69b2-4d8a-85b3-337745a1f428', 1, '8c119bce-0d70-4a56-8389-214d8e14e107', NULL, NULL, NULL);
INSERT INTO `sys_roleauthorize` VALUES ('72d1e8a7-46ef-48e5-b2ef-624a04c6b1c4', 2, '239077ff-13e1-4720-84e1-67b6f0276979', 1, '8c119bce-0d70-4a56-8389-214d8e14e107', NULL, NULL, NULL);
INSERT INTO `sys_roleauthorize` VALUES ('734d6266-a35d-4cf4-8467-2028c854803b', 2, 'd4074121-0d4f-465e-ad37-409bbe15bf8a', 1, '8c119bce-0d70-4a56-8389-214d8e14e107', NULL, NULL, NULL);
INSERT INTO `sys_roleauthorize` VALUES ('76498475-bb89-4526-928f-736cf89d0091', 2, '9FD543DB-C5BB-4789-ACFF-C5865AFB032C', 1, 'd71324b7-e7eb-47b2-bdea-f0293d36bb7f', NULL, NULL, NULL);
INSERT INTO `sys_roleauthorize` VALUES ('770870c9-96fd-41b6-81c4-bd5179200766', 1, '38CA5A66-C993-4410-AF95-50489B22939C', 1, '8c119bce-0d70-4a56-8389-214d8e14e107', NULL, NULL, NULL);
INSERT INTO `sys_roleauthorize` VALUES ('77656cbd-a6d3-4712-9587-017f0a699246', 2, 'FD3D073C-4F88-467A-AE3B-CDD060952CE6', 1, 'd71324b7-e7eb-47b2-bdea-f0293d36bb7f', NULL, NULL, NULL);
INSERT INTO `sys_roleauthorize` VALUES ('790f1312-783e-4d28-95db-af87c22b8a5d', 2, 'd9e74251-61ff-4472-adec-ad316cb9a307', 1, '8c119bce-0d70-4a56-8389-214d8e14e107', NULL, NULL, NULL);
INSERT INTO `sys_roleauthorize` VALUES ('7a87a629-6055-49da-932c-bb82bd0986b3', 2, '8c7013a9-3682-4367-8bc6-c77ca89f346b', 1, 'd71324b7-e7eb-47b2-bdea-f0293d36bb7f', NULL, NULL, NULL);
INSERT INTO `sys_roleauthorize` VALUES ('7e1a831d-3a8f-4bb9-90d6-44a7b29ec001', 2, 'e75e4efc-d461-4334-a764-56992fec38e6', 1, 'd71324b7-e7eb-47b2-bdea-f0293d36bb7f', NULL, NULL, NULL);
INSERT INTO `sys_roleauthorize` VALUES ('80b2331c-0ca7-4fd7-803d-16d822867d8f', 2, '1ee1c46b-e767-4532-8636-936ea4c12003', 1, '8c119bce-0d70-4a56-8389-214d8e14e107', NULL, NULL, NULL);
INSERT INTO `sys_roleauthorize` VALUES ('8206ee60-582b-4abb-9875-fdcda0137a1c', 2, '3f69d32f-cb3b-4fa0-863b-98b9a090d7e9', 1, '8c119bce-0d70-4a56-8389-214d8e14e107', NULL, NULL, NULL);
INSERT INTO `sys_roleauthorize` VALUES ('825238c6-2d2a-4057-8d1a-f806b564a415', 2, '3d0e99d1-a150-43dc-84ae-f0e2e0ad2217', 1, '8c119bce-0d70-4a56-8389-214d8e14e107', NULL, NULL, NULL);
INSERT INTO `sys_roleauthorize` VALUES ('88ae22d5-18c8-437d-a468-e85072390434', 2, '329c0326-ce68-4a24-904d-aade67a90fc7', 1, '8c119bce-0d70-4a56-8389-214d8e14e107', NULL, NULL, NULL);
INSERT INTO `sys_roleauthorize` VALUES ('88cb5a05-9ec6-4cd3-be9d-58a97cb9616f', 1, '462027E0-0848-41DD-BCC3-025DCAE65555', 1, '8c119bce-0d70-4a56-8389-214d8e14e107', NULL, NULL, NULL);
INSERT INTO `sys_roleauthorize` VALUES ('8b58a41f-f233-4518-9aeb-d76fdc0ab114', 1, '423A200B-FA5F-4B29-B7B7-A3F5474B725F', 1, '8c119bce-0d70-4a56-8389-214d8e14e107', NULL, NULL, NULL);
INSERT INTO `sys_roleauthorize` VALUES ('8bfb57d8-ea6a-4734-9533-3a8757cd35e5', 1, '64A1C550-2C61-4A8C-833D-ACD0C012260F', 1, 'd71324b7-e7eb-47b2-bdea-f0293d36bb7f', NULL, NULL, NULL);
INSERT INTO `sys_roleauthorize` VALUES ('8c390a72-d761-4169-8d6b-2c9088f7b693', 2, '74eecdfb-3bee-405d-be07-27a78219c179', 1, 'd71324b7-e7eb-47b2-bdea-f0293d36bb7f', NULL, NULL, NULL);
INSERT INTO `sys_roleauthorize` VALUES ('8c91e440-353e-4a52-befb-e3bdd34571df', 2, '0e156a57-8133-4d1b-9d0f-9b7554e7b1fc', 1, 'd71324b7-e7eb-47b2-bdea-f0293d36bb7f', NULL, NULL, NULL);
INSERT INTO `sys_roleauthorize` VALUES ('8ca95b1e-f3a9-4f32-846b-d0005d5dec0b', 2, '4727adf7-5525-4c8c-9de5-39e49c268349', 1, '8c119bce-0d70-4a56-8389-214d8e14e107', NULL, NULL, NULL);
INSERT INTO `sys_roleauthorize` VALUES ('8d4b9b2f-71f5-493b-a1bc-94c2023a6e7e', 2, '746629aa-858b-4c5e-9335-71b0fa08a584', 1, '8c119bce-0d70-4a56-8389-214d8e14e107', NULL, NULL, NULL);
INSERT INTO `sys_roleauthorize` VALUES ('8df28b0d-6832-4fd4-aa5d-0d7335ce92d8', 2, '43e09a61-c2b0-46c1-9b81-76d686b390d4', 1, '8c119bce-0d70-4a56-8389-214d8e14e107', NULL, NULL, NULL);
INSERT INTO `sys_roleauthorize` VALUES ('8eb23753-ad17-4d16-b11f-ad4eeef1c532', 1, 'a3a4742d-ca39-42ec-b95a-8552a6fae579', 1, '8c119bce-0d70-4a56-8389-214d8e14e107', NULL, NULL, NULL);
INSERT INTO `sys_roleauthorize` VALUES ('8edba8e9-9c49-4a77-85dc-60af34206dc2', 2, '30bf72ed-f62f-49a9-adfc-49693871605f', 1, 'd71324b7-e7eb-47b2-bdea-f0293d36bb7f', NULL, NULL, NULL);
INSERT INTO `sys_roleauthorize` VALUES ('8f58038a-6a68-466a-ae3a-f45a713ee57a', 2, 'aaf58c1b-4af2-4e5f-a3e4-c48e86378191', 1, '8c119bce-0d70-4a56-8389-214d8e14e107', NULL, NULL, NULL);
INSERT INTO `sys_roleauthorize` VALUES ('91cf8815-a8fc-459d-8846-c42f6955feed', 2, 'f51da6f6-8511-49f3-982b-a30ed0946706', 1, '8c119bce-0d70-4a56-8389-214d8e14e107', NULL, NULL, NULL);
INSERT INTO `sys_roleauthorize` VALUES ('9231fdcc-c57b-401f-b079-1b9bbd69944d', 2, 'cba403cb-6418-44b7-868d-19e04af673ce', 1, '8c119bce-0d70-4a56-8389-214d8e14e107', NULL, NULL, NULL);
INSERT INTO `sys_roleauthorize` VALUES ('93d85a04-636f-431e-9d58-0505a6020193', 2, 'ba72435b-1185-4108-8020-7310c5a70233', 1, '8c119bce-0d70-4a56-8389-214d8e14e107', NULL, NULL, NULL);
INSERT INTO `sys_roleauthorize` VALUES ('9489ca53-ca88-4d0c-9592-0f00a2e5f797', 2, 'cba403cb-6418-44b7-868d-19e04af673ce', 1, 'd71324b7-e7eb-47b2-bdea-f0293d36bb7f', NULL, NULL, NULL);
INSERT INTO `sys_roleauthorize` VALUES ('999d6abe-cad9-47b6-b60c-bf73af8604df', 2, '8a9993af-69b2-4d8a-85b3-337745a1f428', 1, 'd71324b7-e7eb-47b2-bdea-f0293d36bb7f', NULL, NULL, NULL);
INSERT INTO `sys_roleauthorize` VALUES ('9a47127f-d3aa-45fe-8dc5-c38c82eeaaac', 2, '13c9a15f-c50d-4f09-8344-fd0050f70086', 1, 'd71324b7-e7eb-47b2-bdea-f0293d36bb7f', NULL, NULL, NULL);
INSERT INTO `sys_roleauthorize` VALUES ('a2e2fa80-21f0-418a-b43a-620a00bd476c', 2, '8f32069f-20f3-48c9-8e35-cd245fffcf64', 1, '8c119bce-0d70-4a56-8389-214d8e14e107', NULL, NULL, NULL);
INSERT INTO `sys_roleauthorize` VALUES ('a4e3d2c9-f0e5-4bca-ba2a-8f56bd838d36', 2, '0d777b07-041a-4205-a393-d1a009aaafc7', 1, 'd71324b7-e7eb-47b2-bdea-f0293d36bb7f', NULL, NULL, NULL);
INSERT INTO `sys_roleauthorize` VALUES ('a91e5bb2-89d0-44cd-8815-be10cc038db9', 2, '3a35c662-a356-45e4-953d-00ebd981cad6', 1, '8c119bce-0d70-4a56-8389-214d8e14e107', NULL, NULL, NULL);
INSERT INTO `sys_roleauthorize` VALUES ('a9d91a9b-36d7-4e09-8593-4c9cff2f4887', 2, '41862743-f703-4b6d-be54-08d253eb0ebc', 1, '8c119bce-0d70-4a56-8389-214d8e14e107', NULL, NULL, NULL);
INSERT INTO `sys_roleauthorize` VALUES ('aa495048-2c1b-4654-91ce-2ef45a9690e4', 1, 'e72c75d0-3a69-41ad-b220-13c9a62ec788', 1, '8c119bce-0d70-4a56-8389-214d8e14e107', NULL, NULL, NULL);
INSERT INTO `sys_roleauthorize` VALUES ('abdd7bab-c86d-4567-9d61-0dde8380c9b5', 1, 'd742c96e-b61c-4cea-afeb-81805789687b', 1, '8c119bce-0d70-4a56-8389-214d8e14e107', NULL, NULL, NULL);
INSERT INTO `sys_roleauthorize` VALUES ('acf896e2-cdba-4003-b7f2-1af0822f5c6b', 2, '74eecdfb-3bee-405d-be07-27a78219c179', 1, '8c119bce-0d70-4a56-8389-214d8e14e107', NULL, NULL, NULL);
INSERT INTO `sys_roleauthorize` VALUES ('b36a9f8e-0996-4eba-adaf-6879d568958b', 2, '0e156a57-8133-4d1b-9d0f-9b7554e7b1fc', 1, '8c119bce-0d70-4a56-8389-214d8e14e107', NULL, NULL, NULL);
INSERT INTO `sys_roleauthorize` VALUES ('b443ecf3-8c61-452b-8afe-1eb0573efdcb', 2, '0f0596f6-aa50-4df0-ad8e-af867cb4a9de', 1, '8c119bce-0d70-4a56-8389-214d8e14e107', NULL, NULL, NULL);
INSERT INTO `sys_roleauthorize` VALUES ('bbd5fff5-16d0-43dc-babc-5cde14bfe0db', 2, 'D4FCAFED-7640-449E-80B7-622DDACD5012', 1, '8c119bce-0d70-4a56-8389-214d8e14e107', NULL, NULL, NULL);
INSERT INTO `sys_roleauthorize` VALUES ('be05148c-5515-46c0-b56f-3aa92f7cf3d1', 1, '26452c9a-243d-4c81-97b9-a3ad581c3bf4', 1, 'd71324b7-e7eb-47b2-bdea-f0293d36bb7f', NULL, NULL, NULL);
INSERT INTO `sys_roleauthorize` VALUES ('be570dc8-023d-4270-a2e4-4b520e0a886f', 1, '38CA5A66-C993-4410-AF95-50489B22939C', 1, 'd71324b7-e7eb-47b2-bdea-f0293d36bb7f', NULL, NULL, NULL);
INSERT INTO `sys_roleauthorize` VALUES ('c16a1eca-3d32-427a-826a-7f8ce6ed5272', 2, 'f93763ff-51a1-478d-9585-3c86084c54f3', 1, 'd71324b7-e7eb-47b2-bdea-f0293d36bb7f', NULL, NULL, NULL);
INSERT INTO `sys_roleauthorize` VALUES ('c380ca6a-6da8-4d40-b359-9c680cbef55d', 1, '49F61713-C1E4-420E-BEEC-0B4DBC2D7DE8', 1, '8c119bce-0d70-4a56-8389-214d8e14e107', NULL, NULL, NULL);
INSERT INTO `sys_roleauthorize` VALUES ('c58c783e-4da7-44a6-a90b-0ab2f1ada84a', 2, '2a8f5342-5eb7-491c-a1a9-a2631d8eb5d6', 1, 'd71324b7-e7eb-47b2-bdea-f0293d36bb7f', NULL, NULL, NULL);
INSERT INTO `sys_roleauthorize` VALUES ('c6d0977f-af4b-4f6e-b912-c673810bbf23', 2, '15362a59-b242-494a-bc6e-413b4a63580e', 1, '8c119bce-0d70-4a56-8389-214d8e14e107', NULL, NULL, NULL);
INSERT INTO `sys_roleauthorize` VALUES ('cc647036-ec71-4e5f-8374-b8764937f0ac', 2, '38e39592-6e86-42fb-8f72-adea0c82cbc1', 1, '8c119bce-0d70-4a56-8389-214d8e14e107', NULL, NULL, NULL);
INSERT INTO `sys_roleauthorize` VALUES ('cca54a1c-010e-4209-a8c3-35ea6bc7db54', 2, 'a0a41d87-494b-40b5-bd03-0f75c75be7cb', 1, 'd71324b7-e7eb-47b2-bdea-f0293d36bb7f', NULL, NULL, NULL);
INSERT INTO `sys_roleauthorize` VALUES ('ccd7b738-0007-4d10-90bb-be55d1e4a52c', 2, '82f162cb-beb9-4a79-8924-cd1860e26e2e', 1, 'd71324b7-e7eb-47b2-bdea-f0293d36bb7f', NULL, NULL, NULL);
INSERT INTO `sys_roleauthorize` VALUES ('cfefd623-983f-4052-aeb4-cf391bdbd9dd', 1, '26452c9a-243d-4c81-97b9-a3ad581c3bf4', 1, '8c119bce-0d70-4a56-8389-214d8e14e107', NULL, NULL, NULL);
INSERT INTO `sys_roleauthorize` VALUES ('d00b5f01-3ced-49fe-b4e5-8e28f71e999b', 1, '337A4661-99A5-4E5E-B028-861CACAF9917', 1, 'd71324b7-e7eb-47b2-bdea-f0293d36bb7f', NULL, NULL, NULL);
INSERT INTO `sys_roleauthorize` VALUES ('d068469b-f389-4598-965d-fd52d3dda2c1', 2, 'ffffe7f8-900c-413a-9970-bee7d6599cce', 1, '8c119bce-0d70-4a56-8389-214d8e14e107', NULL, NULL, NULL);
INSERT INTO `sys_roleauthorize` VALUES ('d442f468-3464-4ea4-b691-d32753248087', 2, '104bcc01-0cfd-433f-87f4-29a8a3efb313', 1, '8c119bce-0d70-4a56-8389-214d8e14e107', NULL, NULL, NULL);
INSERT INTO `sys_roleauthorize` VALUES ('d676cd10-ef70-4bb8-a184-daf7026a3a39', 1, '91A6CFAD-B2F9-4294-BDAE-76DECF412C6C', 1, '8c119bce-0d70-4a56-8389-214d8e14e107', NULL, NULL, NULL);
INSERT INTO `sys_roleauthorize` VALUES ('d82a7fa2-b24e-413d-8494-a6096c376c4a', 2, '14617a4f-bfef-4bc2-b943-d18d3ff8d22f', 1, '8c119bce-0d70-4a56-8389-214d8e14e107', NULL, NULL, NULL);
INSERT INTO `sys_roleauthorize` VALUES ('e1cf81a2-2bda-4d69-b7e6-b464bcd2a795', 1, '64A1C550-2C61-4A8C-833D-ACD0C012260F', 1, '8c119bce-0d70-4a56-8389-214d8e14e107', NULL, NULL, NULL);
INSERT INTO `sys_roleauthorize` VALUES ('e3d4aac1-11a9-4336-9d79-f982028701e3', 2, '30bf72ed-f62f-49a9-adfc-49693871605f', 1, '8c119bce-0d70-4a56-8389-214d8e14e107', NULL, NULL, NULL);
INSERT INTO `sys_roleauthorize` VALUES ('e54c2caa-d4af-4b54-93b6-d169158840df', 1, 'd742c96e-b61c-4cea-afeb-81805789687b', 1, 'd71324b7-e7eb-47b2-bdea-f0293d36bb7f', NULL, NULL, NULL);
INSERT INTO `sys_roleauthorize` VALUES ('e84d4a88-d5c3-44a3-9096-ec7cae20b5c4', 2, '5d708d9d-6ebe-40ea-8589-e3efce9e74ec', 1, '8c119bce-0d70-4a56-8389-214d8e14e107', NULL, NULL, NULL);
INSERT INTO `sys_roleauthorize` VALUES ('eb2fcf1b-337c-429a-b264-276bd3130378', 2, '8379135e-5b13-4236-bfb1-9289e6129034', 1, '8c119bce-0d70-4a56-8389-214d8e14e107', NULL, NULL, NULL);
INSERT INTO `sys_roleauthorize` VALUES ('ec700a12-5707-4010-a915-d973391cfec3', 1, '91A6CFAD-B2F9-4294-BDAE-76DECF412C6C', 1, 'd71324b7-e7eb-47b2-bdea-f0293d36bb7f', NULL, NULL, NULL);
INSERT INTO `sys_roleauthorize` VALUES ('ed6aa876-501b-4295-9d4f-1479887cf4d8', 2, 'FD3D073C-4F88-467A-AE3B-CDD060952CE6', 1, '8c119bce-0d70-4a56-8389-214d8e14e107', NULL, NULL, NULL);
INSERT INTO `sys_roleauthorize` VALUES ('eed1b34f-8667-478a-94a3-6627b14b4dca', 2, '48afe7b3-e158-4256-b50c-cd0ee7c6dcc9', 1, '8c119bce-0d70-4a56-8389-214d8e14e107', NULL, NULL, NULL);
INSERT INTO `sys_roleauthorize` VALUES ('f0f1bc60-917b-41d7-8b78-7c7e6d25a673', 1, '01849cc9-c6da-4184-92f8-34875dac1d42', 1, '8c119bce-0d70-4a56-8389-214d8e14e107', NULL, NULL, NULL);
INSERT INTO `sys_roleauthorize` VALUES ('f128cf6a-ff2b-4895-8b8b-1f5280c8b523', 2, 'e75e4efc-d461-4334-a764-56992fec38e6', 1, '8c119bce-0d70-4a56-8389-214d8e14e107', NULL, NULL, NULL);
INSERT INTO `sys_roleauthorize` VALUES ('f2e28fed-07f9-45f6-bdf8-c2bd86110959', 2, '89d7a69d-b953-4ce2-9294-db4f50f2a157', 1, 'd71324b7-e7eb-47b2-bdea-f0293d36bb7f', NULL, NULL, NULL);
INSERT INTO `sys_roleauthorize` VALUES ('f58a0400-ed6b-451b-9919-41da62831ab9', 2, '104bcc01-0cfd-433f-87f4-29a8a3efb313', 1, 'd71324b7-e7eb-47b2-bdea-f0293d36bb7f', NULL, NULL, NULL);
INSERT INTO `sys_roleauthorize` VALUES ('f935a9dc-dc6a-4800-aa0d-59c4b0d29824', 2, 'aed66cfb-d78e-43d4-9987-c714546be7eb', 1, '8c119bce-0d70-4a56-8389-214d8e14e107', NULL, NULL, NULL);
INSERT INTO `sys_roleauthorize` VALUES ('fd01c6ec-95c1-4c57-984d-6816f6c9d524', 2, '89d7a69d-b953-4ce2-9294-db4f50f2a157', 1, '8c119bce-0d70-4a56-8389-214d8e14e107', NULL, NULL, NULL);
INSERT INTO `sys_roleauthorize` VALUES ('fd3bd01c-df18-4bf9-9a3b-a94ae0e9e8cb', 2, 'abfdff21-8ebf-4024-8555-401b4df6acd9', 1, '8c119bce-0d70-4a56-8389-214d8e14e107', NULL, NULL, NULL);
INSERT INTO `sys_roleauthorize` VALUES ('fee08efc-e14a-47d9-be4d-a4c0520afffd', 2, '0b1b307b-2aac-456b-acfb-484a05c71bd7', 1, '8c119bce-0d70-4a56-8389-214d8e14e107', NULL, NULL, NULL);
INSERT INTO `sys_roleauthorize` VALUES ('fef68076-380a-4b83-98ba-c2f29b7ac81d', 1, '7e4e4a48-4d51-4159-a113-2a211186f13a', 1, '8c119bce-0d70-4a56-8389-214d8e14e107', NULL, NULL, NULL);
INSERT INTO `sys_roleauthorize` VALUES ('ffb7b756-f23d-4005-b3f3-5fa60bcdb2d6', 2, '4727adf7-5525-4c8c-9de5-39e49c268349', 1, 'd71324b7-e7eb-47b2-bdea-f0293d36bb7f', NULL, NULL, NULL);

-- ----------------------------
-- Table structure for sys_serverstate
-- ----------------------------
DROP TABLE IF EXISTS `sys_serverstate`;
CREATE TABLE `sys_serverstate`  (
  `F_Id` varchar(50) CHARACTER SET utf8 COLLATE utf8_general_ci NOT NULL,
  `F_WebSite` varchar(200) CHARACTER SET utf8 COLLATE utf8_general_ci NULL DEFAULT NULL,
  `F_ARM` varchar(50) CHARACTER SET utf8 COLLATE utf8_general_ci NULL DEFAULT NULL,
  `F_CPU` varchar(50) CHARACTER SET utf8 COLLATE utf8_general_ci NULL DEFAULT NULL,
  `F_IIS` varchar(50) CHARACTER SET utf8 COLLATE utf8_general_ci NULL DEFAULT NULL,
  `F_Date` date NULL DEFAULT NULL,
  `F_Cout` int(11) NULL DEFAULT NULL,
  PRIMARY KEY (`F_Id`) USING BTREE,
  UNIQUE INDEX `IX_Sys_ServerState`(`F_WebSite`, `F_Date`) USING BTREE COMMENT '唯一键'
) ENGINE = InnoDB CHARACTER SET = utf8 COLLATE = utf8_general_ci ROW_FORMAT = Dynamic;

-- ----------------------------
-- Records of sys_serverstate
-- ----------------------------
INSERT INTO `sys_serverstate` VALUES ('069aa689-a8c1-4248-828b-1a1129b0edc8', 'C:\\资料\\WaterCloud_Core\\WaterCloud.Web', '77.86', '18.97', '0', '2020-05-25', 118);
INSERT INTO `sys_serverstate` VALUES ('07c7d9de-d1a3-434a-86a6-f3fe4d0d28f6', 'WaterCloud.Web', '77.45', '11.66', '0', '2020-04-14', 87);
INSERT INTO `sys_serverstate` VALUES ('0ca4ddd0-9882-4b0a-afd9-da40b3202dc8', '/app', '0', '0', '0', '2020-05-20', 371);
INSERT INTO `sys_serverstate` VALUES ('159a9a04-2898-4ab4-93be-d879f2e50702', 'C:\\资料\\WaterCloud_Core\\WaterCloud.Web', '85.65', '42.47', '0', '2020-05-19', 31);
INSERT INTO `sys_serverstate` VALUES ('2f9e2832-79ed-4ba7-b4f9-eae06b78794a', 'C:\\资料\\WaterCloud_Core\\WaterCloud.Web', '83.45', '18.58', '0', '2020-05-22', 370);
INSERT INTO `sys_serverstate` VALUES ('307cc033-97dd-4f2e-915f-e1fa6c58cd35', 'C:\\Users\\29522\\Desktop\\WebSite', '81.2', '23.2', '0', '2020-04-29', 5);
INSERT INTO `sys_serverstate` VALUES ('32ced166-3b0a-44fd-8017-077b54bf4412', 'C:\\资料\\WaterCloud_Core\\WaterCloud.Web', '81.62', '26.17', '0', '2020-05-07', 967);
INSERT INTO `sys_serverstate` VALUES ('336e1a17-8c35-4511-b573-7f302a3d4551', 'C:\\资料\\WaterCloud_Core\\WaterCloud.Web', '93.15', '53.84', '0', '2020-04-29', 13);
INSERT INTO `sys_serverstate` VALUES ('369e96af-1edd-4688-802d-14ba62de2cdd', 'C:\\资料\\WaterCloud_Core\\WaterCloud.Web', '84.65', '28.74', '0', '2020-04-27', 174);
INSERT INTO `sys_serverstate` VALUES ('3a823abe-dc4e-4899-a157-c434e2120953', 'WaterCloud.Web', '93.49', '16.25', '7', '2020-04-10', 1);
INSERT INTO `sys_serverstate` VALUES ('3a823abe-dc4e-4899-a157-c434e2120954', 'WaterCloud.Web', '93.49', '16.25', '4', '2020-04-11', 1);
INSERT INTO `sys_serverstate` VALUES ('3a823abe-dc4e-4899-a157-c434e2120955', 'WaterCloud.Web', '93.49', '16.25', '5', '2020-04-12', 1);
INSERT INTO `sys_serverstate` VALUES ('3a823abe-dc4e-4899-a157-c434e2120956', 'WaterCloud.Web', '88.88', '17.28', '0', '2020-04-13', 41);
INSERT INTO `sys_serverstate` VALUES ('42560a65-9696-4266-a383-29b3af4e2edf', 'C:\\资料\\WaterCloud_Core\\WaterCloud.Web', '89.02', '23.4', '0', '2020-05-26', 237);
INSERT INTO `sys_serverstate` VALUES ('481b5865-2080-4205-a5ff-36454193f2b2', 'C:\\资料\\WaterCloud_Core\\WaterCloud.Web', '82.77', '21.19', '0', '2020-05-08', 636);
INSERT INTO `sys_serverstate` VALUES ('4eeb12e3-afdd-4757-925a-7db121c26f05', 'C:\\资料\\WaterCloud_Core\\WaterCloud.Web', '87.32', '24.5', '0', '2020-05-13', 218);
INSERT INTO `sys_serverstate` VALUES ('53386811-6c32-42a0-a451-475091a776db', 'WaterCloud.Web', '82.93', '29.88', '0', '2020-04-20', 33);
INSERT INTO `sys_serverstate` VALUES ('5e6b4d9b-78d9-4cfa-bf65-d3734701c30c', 'WaterCloud.Web', '92.99', '47', '0', '2020-04-30', 2);
INSERT INTO `sys_serverstate` VALUES ('680a3cc6-d446-4108-849c-58b130a2443d', 'C:\\资料\\WaterCloud_Core\\WaterCloud.Web', '85', '40', '0', '2020-05-18', 2);
INSERT INTO `sys_serverstate` VALUES ('69846d43-d0cd-4979-a2d1-948e29ee9156', 'C:\\资料\\WaterCloud_Core\\WaterCloud.Web', '73.46', '20.67', '0', '2020-05-04', 312);
INSERT INTO `sys_serverstate` VALUES ('895aae2b-ac64-44c2-91f3-1cc81288b1af', 'C:\\资料\\WaterCloud_Core\\WaterCloud.Web', '86.42', '27.36', '0', '2020-05-06', 262);
INSERT INTO `sys_serverstate` VALUES ('91ba06c3-c7b1-472a-a05f-73670533c474', 'WaterCloud.Web', '88.19', '24.63', '0', '2020-04-22', 8);
INSERT INTO `sys_serverstate` VALUES ('9b662de7-3714-41d3-a15d-f63d67732290', 'C:\\资料\\WaterCloud_Core\\WaterCloud.Web', '82.56', '26.29', '0', '2020-05-11', 213);
INSERT INTO `sys_serverstate` VALUES ('a6cd0949-e779-44e5-aa9d-4ac1f26081f2', 'WaterCloud.Web', '83.28', '20.04', '0', '2020-04-23', 78);
INSERT INTO `sys_serverstate` VALUES ('b0da052a-7ac6-4a18-8182-5871030b603f', 'C:\\资料\\WaterCloud_Core\\WaterCloud.Web', '79.46', '27.71', '0', '2020-05-21', 183);
INSERT INTO `sys_serverstate` VALUES ('b2e41be9-5e9d-4fdd-8cef-a85ea97dd83b', 'C:\\资料\\WaterCloud_Core\\WaterCloud.Web', '77', '18', '0', '2020-05-27', 1);
INSERT INTO `sys_serverstate` VALUES ('c14b1fab-cd81-420e-82d9-c7c979e15e22', 'C:\\资料\\WaterCloud_Core\\WaterCloud.Web', '84.12', '20.87', '0', '2020-04-28', 340);
INSERT INTO `sys_serverstate` VALUES ('c83e8ed4-1968-460a-a072-7ff26a19a701', 'WaterCloud.Web', '82.57', '55.75', '0', '2020-05-04', 4);
INSERT INTO `sys_serverstate` VALUES ('ce3224a6-a90a-4808-aba7-4a2b988cc189', 'WaterCloud.Web', '83.45', '23.45', '0', '2020-04-21', 33);
INSERT INTO `sys_serverstate` VALUES ('e39f072d-498f-45a5-af20-39f788110708', 'C:\\资料\\WaterCloud_Core\\WaterCloud.Web', '82.57', '20.9', '0', '2020-05-15', 123);
INSERT INTO `sys_serverstate` VALUES ('e6ec84de-7a61-43d5-aadd-91617a3ea651', 'C:\\资料\\WaterCloud_Core\\WaterCloud.Web', '85', '25', '0', '2020-04-30', 9);
INSERT INTO `sys_serverstate` VALUES ('e7182526-1d56-4508-a8d9-c108454cbea2', 'WaterCloud.Web', '78.03', '16.18', '0', '2020-04-15', 59);
INSERT INTO `sys_serverstate` VALUES ('ecdaef0e-efd2-4d37-9c3d-39cb6f393824', 'C:\\资料\\WaterCloud_Core\\WaterCloud.Web', '86.5', '26.67', '0', '2020-05-12', 188);
INSERT INTO `sys_serverstate` VALUES ('fb323d9c-abb1-41fb-810d-615ce8f79d7f', 'C:\\资料\\WaterCloud_Core\\WaterCloud.Web', '90.84', '23.34', '0', '2020-05-20', 135);

-- ----------------------------
-- Table structure for sys_user
-- ----------------------------
DROP TABLE IF EXISTS `sys_user`;
CREATE TABLE `sys_user`  (
  `F_Id` varchar(50) CHARACTER SET utf8 COLLATE utf8_general_ci NOT NULL,
  `F_Account` varchar(50) CHARACTER SET utf8 COLLATE utf8_general_ci NULL DEFAULT NULL,
  `F_RealName` varchar(50) CHARACTER SET utf8 COLLATE utf8_general_ci NULL DEFAULT NULL,
  `F_NickName` varchar(50) CHARACTER SET utf8 COLLATE utf8_general_ci NULL DEFAULT NULL,
  `F_HeadIcon` varchar(50) CHARACTER SET utf8 COLLATE utf8_general_ci NULL DEFAULT NULL,
  `F_Gender` tinyint(1) NULL DEFAULT NULL,
  `F_Birthday` timestamp(0) NULL DEFAULT NULL,
  `F_MobilePhone` varchar(20) CHARACTER SET utf8 COLLATE utf8_general_ci NULL DEFAULT NULL,
  `F_Email` varchar(50) CHARACTER SET utf8 COLLATE utf8_general_ci NULL DEFAULT NULL,
  `F_WeChat` varchar(50) CHARACTER SET utf8 COLLATE utf8_general_ci NULL DEFAULT NULL,
  `F_ManagerId` varchar(50) CHARACTER SET utf8 COLLATE utf8_general_ci NULL DEFAULT NULL,
  `F_SecurityLevel` int(11) NULL DEFAULT NULL,
  `F_Signature` varchar(500) CHARACTER SET utf8 COLLATE utf8_general_ci NULL DEFAULT NULL,
  `F_OrganizeId` varchar(50) CHARACTER SET utf8 COLLATE utf8_general_ci NULL DEFAULT NULL,
  `F_DepartmentId` varchar(500) CHARACTER SET utf8 COLLATE utf8_general_ci NULL DEFAULT NULL,
  `F_RoleId` varchar(500) CHARACTER SET utf8 COLLATE utf8_general_ci NULL DEFAULT NULL,
  `F_DutyId` varchar(500) CHARACTER SET utf8 COLLATE utf8_general_ci NULL DEFAULT NULL,
  `F_IsAdmin` tinyint(1) NULL DEFAULT NULL,
  `F_IsBoss` tinyint(1) NULL DEFAULT NULL,
  `F_IsLeaderInDepts` tinyint(1) NULL DEFAULT NULL,
  `F_IsSenior` tinyint(1) NULL DEFAULT NULL,
  `F_SortCode` int(11) NULL DEFAULT NULL,
  `F_DeleteMark` tinyint(1) NULL DEFAULT NULL,
  `F_EnabledMark` tinyint(1) NULL DEFAULT NULL,
  `F_Description` varchar(500) CHARACTER SET utf8 COLLATE utf8_general_ci NULL DEFAULT NULL,
  `F_CreatorTime` timestamp(0) NULL DEFAULT NULL,
  `F_CreatorUserId` varchar(50) CHARACTER SET utf8 COLLATE utf8_general_ci NULL DEFAULT NULL,
  `F_LastModifyTime` timestamp(0) NULL DEFAULT NULL,
  `F_LastModifyUserId` varchar(50) CHARACTER SET utf8 COLLATE utf8_general_ci NULL DEFAULT NULL,
  `F_DeleteTime` timestamp(0) NULL DEFAULT NULL,
  `F_DeleteUserId` varchar(500) CHARACTER SET utf8 COLLATE utf8_general_ci NULL DEFAULT NULL,
  `F_DingTalkUserId` varchar(50) CHARACTER SET utf8 COLLATE utf8_general_ci NULL DEFAULT NULL,
  `F_DingTalkUserName` varchar(50) CHARACTER SET utf8 COLLATE utf8_general_ci NULL DEFAULT NULL,
  `F_DingTalkAvatar` varchar(100) CHARACTER SET utf8 COLLATE utf8_general_ci NULL DEFAULT NULL,
  `F_WxOpenId` varchar(50) CHARACTER SET utf8 COLLATE utf8_general_ci NULL DEFAULT NULL,
  `F_WxNickName` varchar(50) CHARACTER SET utf8 COLLATE utf8_general_ci NULL DEFAULT NULL,
  `F_HeadImgUrl` varchar(100) CHARACTER SET utf8 COLLATE utf8_general_ci NULL DEFAULT NULL,
  PRIMARY KEY (`F_Id`) USING BTREE,
  UNIQUE INDEX `IX_Sys_User`(`F_Account`) USING BTREE COMMENT '唯一键'
) ENGINE = InnoDB CHARACTER SET = utf8 COLLATE = utf8_general_ci ROW_FORMAT = Dynamic;

-- ----------------------------
-- Records of sys_user
-- ----------------------------
INSERT INTO `sys_user` VALUES ('9f2ec079-7d0f-4fe2-90ab-8b09a8302aba', 'admin', '超级管理员', '超级管理员', NULL, 1, '2020-03-27 00:00:00', '13600000000', '3333', NULL, NULL, NULL, NULL, '5AB270C0-5D33-4203-A54F-4552699FDA3C', '554C61CE-6AE0-44EB-B33D-A462BE7EB3E1', NULL, NULL, 0, 0, 0, 0, NULL, 0, 1, '系统内置账户', '2016-07-20 00:00:00', NULL, NULL, NULL, NULL, NULL, NULL, '闫志辉', NULL, NULL, NULL, NULL);
INSERT INTO `sys_user` VALUES ('ac7610db-b66e-4f57-916c-c7ea0a4b84c9', '10000', '2222', NULL, NULL, 1, NULL, NULL, NULL, NULL, NULL, NULL, NULL, '5AB270C0-5D33-4203-A54F-4552699FDA3C', '253EDA1F-F158-4F3F-A778-B7E538E052A2', 'd71324b7-e7eb-47b2-bdea-f0293d36bb7f', '23ED024E-0AAA-4C8D-9216-D1AB93348D26', 0, 0, 0, 0, NULL, 0, 1, NULL, '2020-04-17 13:30:45', '9f2ec079-7d0f-4fe2-90ab-8b09a8302aba', '2020-04-20 17:06:01', '9f2ec079-7d0f-4fe2-90ab-8b09a8302aba', NULL, NULL, NULL, NULL, NULL, NULL, NULL, NULL);

-- ----------------------------
-- Table structure for sys_userlogon
-- ----------------------------
DROP TABLE IF EXISTS `sys_userlogon`;
CREATE TABLE `sys_userlogon`  (
  `F_Id` varchar(50) CHARACTER SET utf8 COLLATE utf8_general_ci NOT NULL,
  `F_UserId` varchar(50) CHARACTER SET utf8 COLLATE utf8_general_ci NULL DEFAULT NULL,
  `F_UserPassword` varchar(50) CHARACTER SET utf8 COLLATE utf8_general_ci NULL DEFAULT NULL,
  `F_UserSecretkey` varchar(50) CHARACTER SET utf8 COLLATE utf8_general_ci NULL DEFAULT NULL,
  `F_AllowStartTime` timestamp(0) NULL DEFAULT NULL,
  `F_AllowEndTime` timestamp(0) NULL DEFAULT NULL,
  `F_LockStartDate` timestamp(0) NULL DEFAULT NULL,
  `F_LockEndDate` timestamp(0) NULL DEFAULT NULL,
  `F_FirstVisitTime` timestamp(0) NULL DEFAULT NULL,
  `F_PreviousVisitTime` timestamp(0) NULL DEFAULT NULL,
  `F_LastVisitTime` timestamp(0) NULL DEFAULT NULL,
  `F_ChangePasswordDate` timestamp(0) NULL DEFAULT NULL,
  `F_MultiUserLogin` tinyint(1) NULL DEFAULT NULL,
  `F_LogOnCount` int(11) NULL DEFAULT NULL,
  `F_UserOnLine` tinyint(1) NULL DEFAULT NULL,
  `F_Question` varchar(50) CHARACTER SET utf8 COLLATE utf8_general_ci NULL DEFAULT NULL,
  `F_AnswerQuestion` varchar(500) CHARACTER SET utf8 COLLATE utf8_general_ci NULL DEFAULT NULL,
  `F_CheckIPAddress` tinyint(1) NULL DEFAULT NULL,
  `F_Language` varchar(50) CHARACTER SET utf8 COLLATE utf8_general_ci NULL DEFAULT NULL,
  `F_Theme` varchar(50) CHARACTER SET utf8 COLLATE utf8_general_ci NULL DEFAULT NULL,
  `F_LoginSession` varchar(100) CHARACTER SET utf8 COLLATE utf8_general_ci NULL DEFAULT NULL,
  `F_ErrorNum` int(11) NULL DEFAULT NULL,
  PRIMARY KEY (`F_Id`) USING BTREE
) ENGINE = InnoDB CHARACTER SET = utf8 COLLATE = utf8_general_ci ROW_FORMAT = Dynamic;

-- ----------------------------
-- Records of sys_userlogon
-- ----------------------------
INSERT INTO `sys_userlogon` VALUES ('9f2ec079-7d0f-4fe2-90ab-8b09a8302aba', '9f2ec079-7d0f-4fe2-90ab-8b09a8302aba', 'd8f5b789e4bf6f81edb08834660ffe8b', '8210ef253bbf2d37', NULL, NULL, NULL, NULL, NULL, '2020-04-17 14:47:44', '2020-04-17 14:59:58', NULL, 0, 360, 0, NULL, NULL, 0, NULL, NULL, 'evrcyibdv42f3ykhfy1yz3ur', 0);
INSERT INTO `sys_userlogon` VALUES ('ac7610db-b66e-4f57-916c-c7ea0a4b84c9', 'ac7610db-b66e-4f57-916c-c7ea0a4b84c9', '65f5092a7075e4ed6aa11ccac69027d5', '70d217599117b093', NULL, NULL, NULL, NULL, NULL, '2020-04-17 14:50:47', '2020-04-17 15:00:29', NULL, NULL, 17, NULL, NULL, NULL, NULL, NULL, NULL, 'evrcyibdv42f3ykhfy1yz3ur', 0);

SET FOREIGN_KEY_CHECKS = 1;
